Id,plant_nr,plant_id,fruit_nr,fruit_id,n_seeds,excluded,comment
2,1,2_1,1,2_1_1,2,0,
2,1,2_1,2,2_1_2,2,0,
2,1,2_1,3,2_1_3,1,0,
2,1,2_1,4,2_1_4,1,0,
2,1,2_1,5,2_1_5,2,0,
2,1,2_1,6,2_1_6,1,0,
2,1,2_1,7,2_1_7,1,0,
2,1,2_1,8,2_1_8,2,0,
2,1,2_1,9,2_1_9,1,0,
2,1,2_1,10,2_1_10,1,0,
2,1,2_1,11,2_1_11,1,0,
2,1,2_1,12,2_1_12,1,0,
2,1,2_1,13,2_1_13,2,0,
2,1,2_1,14,2_1_14,2,0,
2,1,2_1,15,2_1_15,3,0,
2,1,2_1,16,2_1_16,1,0,
2,1,2_1,17,2_1_17,1,0,
2,1,2_1,18,2_1_18,1,0,
2,1,2_1,19,2_1_19,2,0,
2,1,2_1,20,2_1_20,1,0,
2,1,2_1,21,2_1_21,2,0,
2,1,2_1,22,2_1_22,2,0,
2,1,2_1,23,2_1_23,1,0,
2,1,2_1,24,2_1_24,1,0,
2,1,2_1,25,2_1_25,1,0,
2,1,2_1,26,2_1_26,1,0,
2,1,2_1,27,2_1_27,1,0,
2,1,2_1,28,2_1_28,2,0,
2,1,2_1,29,2_1_29,1,0,
2,1,2_1,30,2_1_30,1,0,
2,1,2_1,31,2_1_31,1,0,
2,1,2_1,32,2_1_32,2,0,
2,1,2_1,33,2_1_33,2,0,
2,1,2_1,34,2_1_34,2,0,
2,1,2_1,35,2_1_35,1,0,
2,1,2_1,36,2_1_36,1,0,
2,1,2_1,37,2_1_37,2,0,
2,1,2_1,38,2_1_38,1,0,
2,1,2_1,39,2_1_39,1,0,
2,1,2_1,40,2_1_40,1,0,
2,1,2_1,41,2_1_41,1,0,
2,1,2_1,42,2_1_42,1,0,
2,1,2_1,43,2_1_43,3,0,
2,1,2_1,44,2_1_44,1,0,
2,1,2_1,45,2_1_45,1,0,
2,1,2_1,46,2_1_46,1,0,
2,1,2_1,47,2_1_47,2,0,
2,1,2_1,48,2_1_48,3,0,
2,1,2_1,49,2_1_49,2,0,
2,1,2_1,50,2_1_50,2,0,
2,2,2_2,1,2_2_1,4,0,
2,2,2_2,2,2_2_2,8,0,
2,2,2_2,3,2_2_3,2,0,
2,2,2_2,4,2_2_4,4,0,
2,2,2_2,5,2_2_5,6,0,
2,2,2_2,6,2_2_6,7,0,
2,2,2_2,7,2_2_7,3,0,
2,2,2_2,8,2_2_8,4,0,
2,2,2_2,9,2_2_9,4,0,
2,2,2_2,10,2_2_10,5,0,
2,2,2_2,11,2_2_11,4,0,
2,2,2_2,12,2_2_12,4,0,
2,2,2_2,13,2_2_13,2,0,
2,2,2_2,14,2_2_14,2,0,
2,2,2_2,15,2_2_15,3,0,
2,2,2_2,16,2_2_16,4,0,
2,2,2_2,17,2_2_17,5,0,
2,2,2_2,18,2_2_18,4,0,
2,2,2_2,19,2_2_19,8,0,
2,2,2_2,20,2_2_20,3,0,
2,2,2_2,21,2_2_21,3,0,
2,2,2_2,22,2_2_22,2,0,
2,2,2_2,23,2_2_23,2,0,
2,2,2_2,24,2_2_24,5,0,
2,2,2_2,25,2_2_25,7,0,
2,2,2_2,26,2_2_26,6,0,
2,2,2_2,27,2_2_27,4,0,
2,2,2_2,28,2_2_28,4,0,
2,2,2_2,29,2_2_29,8,0,
2,2,2_2,30,2_2_30,2,0,
2,2,2_2,31,2_2_31,2,0,
2,2,2_2,32,2_2_32,5,0,
2,2,2_2,33,2_2_33,4,0,
2,2,2_2,34,2_2_34,2,0,
2,2,2_2,35,2_2_35,4,0,
2,2,2_2,36,2_2_36,2,0,
2,2,2_2,37,2_2_37,2,0,
2,2,2_2,38,2_2_38,6,0,
2,2,2_2,39,2_2_39,4,0,
2,2,2_2,40,2_2_40,3,0,
2,2,2_2,41,2_2_41,5,0,
2,2,2_2,42,2_2_42,5,0,
2,2,2_2,43,2_2_43,4,0,
2,2,2_2,44,2_2_44,3,0,
2,2,2_2,45,2_2_45,3,0,
2,2,2_2,46,2_2_46,3,0,
2,2,2_2,47,2_2_47,2,0,
2,2,2_2,48,2_2_48,1,0,
2,2,2_2,49,2_2_49,1,0,
2,2,2_2,50,2_2_50,7,0,
2,3,2_3,1,2_3_1,2,0,
2,3,2_3,2,2_3_2,3,0,
2,3,2_3,3,2_3_3,1,0,
2,3,2_3,4,2_3_4,3,0,
2,3,2_3,5,2_3_5,1,0,
2,3,2_3,6,2_3_6,2,0,
2,3,2_3,7,2_3_7,1,0,
2,3,2_3,8,2_3_8,1,0,
2,3,2_3,9,2_3_9,2,0,
2,3,2_3,10,2_3_10,2,0,
2,3,2_3,11,2_3_11,1,0,
2,3,2_3,12,2_3_12,2,0,
2,3,2_3,13,2_3_13,1,0,
2,3,2_3,14,2_3_14,2,0,
2,3,2_3,15,2_3_15,1,0,
2,3,2_3,16,2_3_16,1,0,
2,3,2_3,17,2_3_17,1,0,
2,3,2_3,18,2_3_18,1,0,
2,3,2_3,19,2_3_19,2,0,
2,3,2_3,20,2_3_20,3,0,
2,3,2_3,21,2_3_21,3,0,
2,3,2_3,22,2_3_22,3,0,
2,3,2_3,23,2_3_23,4,0,
2,3,2_3,24,2_3_24,2,0,
2,3,2_3,25,2_3_25,2,0,
2,3,2_3,26,2_3_26,1,0,
2,3,2_3,27,2_3_27,1,0,
2,3,2_3,28,2_3_28,4,0,
2,3,2_3,29,2_3_29,1,0,
2,3,2_3,30,2_3_30,2,0,
2,3,2_3,31,2_3_31,3,0,
2,3,2_3,32,2_3_32,1,0,
2,3,2_3,33,2_3_33,3,0,
2,3,2_3,34,2_3_34,2,0,
2,3,2_3,35,2_3_35,2,0,
2,3,2_3,36,2_3_36,1,0,
2,3,2_3,37,2_3_37,2,0,
2,3,2_3,38,2_3_38,3,0,
2,3,2_3,39,2_3_39,1,0,
2,3,2_3,40,2_3_40,1,0,
2,3,2_3,41,2_3_41,1,0,
2,3,2_3,42,2_3_42,1,0,
2,3,2_3,43,2_3_43,1,0,
2,3,2_3,44,2_3_44,1,0,
2,3,2_3,45,2_3_45,2,0,
2,3,2_3,46,2_3_46,2,0,
2,3,2_3,47,2_3_47,2,0,
2,3,2_3,48,2_3_48,2,0,
2,3,2_3,49,2_3_49,2,0,
2,3,2_3,50,2_3_50,2,0,
2,4,2_4,1,2_4_1,3,0,
2,4,2_4,2,2_4_2,2,0,
2,4,2_4,3,2_4_3,4,0,
2,4,2_4,4,2_4_4,5,0,
2,4,2_4,5,2_4_5,2,0,
2,4,2_4,6,2_4_6,5,0,
2,4,2_4,7,2_4_7,2,0,
2,4,2_4,8,2_4_8,4,0,
2,4,2_4,9,2_4_9,5,0,
2,4,2_4,10,2_4_10,3,0,
2,4,2_4,11,2_4_11,4,0,
2,4,2_4,12,2_4_12,2,0,
2,4,2_4,13,2_4_13,5,0,
2,4,2_4,14,2_4_14,5,0,
2,4,2_4,15,2_4_15,3,0,
2,4,2_4,16,2_4_16,5,0,
2,4,2_4,17,2_4_17,3,0,
2,4,2_4,18,2_4_18,6,0,
2,4,2_4,19,2_4_19,2,0,
2,4,2_4,20,2_4_20,3,0,
2,4,2_4,21,2_4_21,2,0,
2,4,2_4,22,2_4_22,1,0,
2,4,2_4,23,2_4_23,5,0,
2,4,2_4,24,2_4_24,1,0,
2,4,2_4,25,2_4_25,4,0,
2,4,2_4,26,2_4_26,3,0,
2,4,2_4,27,2_4_27,1,0,
2,4,2_4,28,2_4_28,2,0,
2,4,2_4,29,2_4_29,1,0,
2,4,2_4,30,2_4_30,2,0,
2,4,2_4,31,2_4_31,3,0,
2,4,2_4,32,2_4_32,4,0,
2,4,2_4,33,2_4_33,1,0,
2,4,2_4,34,2_4_34,5,0,
2,4,2_4,35,2_4_35,3,0,
2,4,2_4,36,2_4_36,2,0,
2,4,2_4,37,2_4_37,3,0,
2,4,2_4,38,2_4_38,4,0,
2,4,2_4,39,2_4_39,4,0,
2,4,2_4,40,2_4_40,5,0,
2,4,2_4,41,2_4_41,7,0,
2,4,2_4,42,2_4_42,6,0,
2,4,2_4,43,2_4_43,3,0,
2,4,2_4,44,2_4_44,2,0,
2,4,2_4,45,2_4_45,4,0,
2,4,2_4,46,2_4_46,3,0,
2,4,2_4,47,2_4_47,6,0,
2,4,2_4,48,2_4_48,6,0,
2,4,2_4,49,2_4_49,2,0,
2,4,2_4,50,2_4_50,7,0,
2,5,2_5,1,2_5_1,7,0,
2,5,2_5,2,2_5_2,2,0,
2,5,2_5,3,2_5_3,3,0,
2,5,2_5,4,2_5_4,7,0,
2,5,2_5,5,2_5_5,6,0,
2,5,2_5,6,2_5_6,5,0,
2,5,2_5,7,2_5_7,3,0,
2,5,2_5,8,2_5_8,4,0,
2,5,2_5,9,2_5_9,3,0,
2,5,2_5,10,2_5_10,4,0,
2,5,2_5,11,2_5_11,7,0,
2,5,2_5,12,2_5_12,6,0,
2,5,2_5,13,2_5_13,2,0,
2,5,2_5,14,2_5_14,4,0,
2,5,2_5,15,2_5_15,8,0,
2,5,2_5,16,2_5_16,3,0,
2,5,2_5,17,2_5_17,3,0,
2,5,2_5,18,2_5_18,3,0,
2,5,2_5,19,2_5_19,6,0,
2,5,2_5,20,2_5_20,7,0,
2,5,2_5,21,2_5_21,5,0,
2,5,2_5,22,2_5_22,5,0,
2,5,2_5,23,2_5_23,4,0,
2,5,2_5,24,2_5_24,5,0,
2,5,2_5,25,2_5_25,4,0,
2,5,2_5,26,2_5_26,5,0,
2,5,2_5,27,2_5_27,3,0,
2,5,2_5,28,2_5_28,3,0,
2,5,2_5,29,2_5_29,5,0,
2,5,2_5,30,2_5_30,6,0,
2,5,2_5,31,2_5_31,6,0,
2,5,2_5,32,2_5_32,5,0,
2,5,2_5,33,2_5_33,4,0,
2,5,2_5,34,2_5_34,6,0,
2,5,2_5,35,2_5_35,6,0,
2,5,2_5,36,2_5_36,5,0,
2,5,2_5,37,2_5_37,3,0,
2,5,2_5,38,2_5_38,3,0,
2,5,2_5,39,2_5_39,2,0,
2,5,2_5,40,2_5_40,7,0,
2,5,2_5,41,2_5_41,5,0,
2,5,2_5,42,2_5_42,5,0,
2,5,2_5,43,2_5_43,1,0,
2,5,2_5,44,2_5_44,4,0,
2,5,2_5,45,2_5_45,1,0,
2,5,2_5,46,2_5_46,5,0,
2,5,2_5,47,2_5_47,3,0,
2,5,2_5,48,2_5_48,3,0,
2,5,2_5,49,2_5_49,3,0,
2,5,2_5,50,2_5_50,5,0,
2,6,2_6,1,2_6_1,2,0,
2,6,2_6,2,2_6_2,6,0,
2,6,2_6,3,2_6_3,4,0,
2,6,2_6,4,2_6_4,4,0,
2,6,2_6,5,2_6_5,4,0,
2,6,2_6,6,2_6_6,3,0,
2,6,2_6,7,2_6_7,4,0,
2,6,2_6,8,2_6_8,1,0,
2,6,2_6,9,2_6_9,3,0,
2,6,2_6,10,2_6_10,7,0,
2,6,2_6,11,2_6_11,4,0,
2,6,2_6,12,2_6_12,4,0,
2,6,2_6,13,2_6_13,3,0,
2,6,2_6,14,2_6_14,5,0,
2,6,2_6,15,2_6_15,5,0,
2,6,2_6,16,2_6_16,5,0,
2,6,2_6,17,2_6_17,3,0,
2,6,2_6,18,2_6_18,4,0,
2,6,2_6,19,2_6_19,2,0,
2,6,2_6,20,2_6_20,3,0,
2,6,2_6,21,2_6_21,3,0,
2,6,2_6,22,2_6_22,6,0,
2,6,2_6,23,2_6_23,2,0,
2,6,2_6,24,2_6_24,4,0,
2,6,2_6,25,2_6_25,3,0,
2,6,2_6,26,2_6_26,4,0,
2,6,2_6,27,2_6_27,7,0,
2,6,2_6,28,2_6_28,4,0,
2,6,2_6,29,2_6_29,2,0,
2,6,2_6,30,2_6_30,5,0,
2,6,2_6,31,2_6_31,4,0,
2,6,2_6,32,2_6_32,4,0,
2,6,2_6,33,2_6_33,3,0,
2,6,2_6,34,2_6_34,4,0,
2,6,2_6,35,2_6_35,2,0,
2,6,2_6,36,2_6_36,2,0,
2,6,2_6,37,2_6_37,2,0,
2,6,2_6,38,2_6_38,2,0,
2,6,2_6,39,2_6_39,3,0,
2,6,2_6,40,2_6_40,5,0,
2,6,2_6,41,2_6_41,2,0,
2,6,2_6,42,2_6_42,3,0,
2,6,2_6,43,2_6_43,1,0,
2,6,2_6,44,2_6_44,1,0,
2,6,2_6,45,2_6_45,2,0,
2,6,2_6,46,2_6_46,3,0,
2,6,2_6,47,2_6_47,3,0,
2,6,2_6,48,2_6_48,3,0,
2,6,2_6,49,2_6_49,3,0,
2,6,2_6,50,2_6_50,4,0,
7,1,7_1,1,7_1_1,7,0,
7,1,7_1,2,7_1_2,6,0,
7,1,7_1,3,7_1_3,5,0,
7,1,7_1,4,7_1_4,3,0,
7,1,7_1,5,7_1_5,5,0,
7,1,7_1,6,7_1_6,5,0,
7,1,7_1,7,7_1_7,4,0,
7,1,7_1,8,7_1_8,5,0,
7,1,7_1,9,7_1_9,2,0,
7,1,7_1,10,7_1_10,4,0,
7,1,7_1,11,7_1_11,3,0,
7,1,7_1,12,7_1_12,5,0,
7,1,7_1,13,7_1_13,3,0,
7,1,7_1,14,7_1_14,6,0,
7,1,7_1,15,7_1_15,6,0,
7,1,7_1,16,7_1_16,8,0,
7,1,7_1,17,7_1_17,3,0,
7,1,7_1,18,7_1_18,3,0,
7,1,7_1,19,7_1_19,1,0,
7,1,7_1,20,7_1_20,3,0,
7,1,7_1,21,7_1_21,5,0,
7,1,7_1,22,7_1_22,3,0,
7,1,7_1,23,7_1_23,2,0,
7,1,7_1,24,7_1_24,1,0,
7,1,7_1,25,7_1_25,3,0,
7,1,7_1,26,7_1_26,3,0,
7,1,7_1,27,7_1_27,3,0,
7,1,7_1,28,7_1_28,5,0,
7,1,7_1,29,7_1_29,5,0,
7,1,7_1,30,7_1_30,4,0,
7,1,7_1,31,7_1_31,4,0,
7,1,7_1,32,7_1_32,4,0,
7,1,7_1,33,7_1_33,3,0,
7,1,7_1,34,7_1_34,4,0,
7,1,7_1,35,7_1_35,3,0,
7,1,7_1,36,7_1_36,4,0,
7,1,7_1,37,7_1_37,4,0,
7,1,7_1,38,7_1_38,5,0,
7,1,7_1,39,7_1_39,2,0,
7,1,7_1,40,7_1_40,2,0,
7,1,7_1,41,7_1_41,3,0,
7,1,7_1,42,7_1_42,5,0,
7,1,7_1,43,7_1_43,2,0,
7,1,7_1,44,7_1_44,6,0,
7,1,7_1,45,7_1_45,4,0,
7,1,7_1,46,7_1_46,1,0,
7,1,7_1,47,7_1_47,7,0,
7,1,7_1,48,7_1_48,5,0,
7,1,7_1,49,7_1_49,4,0,
7,1,7_1,50,7_1_50,1,0,
7,2,7_2,1,7_2_1,5,0,
7,2,7_2,2,7_2_2,3,0,
7,2,7_2,3,7_2_3,5,0,
7,2,7_2,4,7_2_4,5,0,
7,2,7_2,5,7_2_5,3,0,
7,2,7_2,6,7_2_6,3,0,
7,2,7_2,7,7_2_7,3,0,
7,2,7_2,8,7_2_8,3,0,
7,2,7_2,9,7_2_9,6,0,
7,2,7_2,10,7_2_10,5,0,
7,2,7_2,11,7_2_11,8,0,
7,2,7_2,12,7_2_12,4,0,
7,2,7_2,13,7_2_13,2,0,
7,2,7_2,14,7_2_14,6,0,
7,2,7_2,15,7_2_15,3,0,
7,2,7_2,16,7_2_16,4,0,
7,2,7_2,17,7_2_17,4,0,
7,2,7_2,18,7_2_18,5,0,
7,2,7_2,19,7_2_19,4,0,
7,2,7_2,20,7_2_20,3,0,
7,2,7_2,21,7_2_21,4,0,
7,2,7_2,22,7_2_22,3,0,
7,2,7_2,23,7_2_23,3,0,
7,2,7_2,24,7_2_24,3,0,
7,2,7_2,25,7_2_25,2,0,
7,2,7_2,26,7_2_26,3,0,
7,2,7_2,27,7_2_27,3,0,
7,2,7_2,28,7_2_28,3,0,
7,2,7_2,29,7_2_29,5,0,
7,2,7_2,30,7_2_30,4,0,
7,2,7_2,31,7_2_31,3,0,
7,2,7_2,32,7_2_32,1,0,
7,2,7_2,33,7_2_33,1,0,
7,2,7_2,34,7_2_34,1,0,
7,2,7_2,35,7_2_35,4,0,
7,2,7_2,36,7_2_36,3,0,
7,2,7_2,37,7_2_37,4,0,
7,2,7_2,38,7_2_38,5,0,
7,2,7_2,39,7_2_39,3,0,
7,2,7_2,40,7_2_40,3,0,
7,2,7_2,41,7_2_41,2,0,
7,2,7_2,42,7_2_42,2,0,
7,2,7_2,43,7_2_43,4,0,
7,2,7_2,44,7_2_44,2,0,
7,2,7_2,45,7_2_45,6,0,
7,2,7_2,46,7_2_46,5,0,
7,2,7_2,47,7_2_47,5,0,
7,2,7_2,48,7_2_48,3,0,
7,2,7_2,49,7_2_49,5,0,
7,2,7_2,50,7_2_50,3,0,
7,3,7_3,1,7_3_1,1,0,
7,3,7_3,2,7_3_2,7,0,
7,3,7_3,3,7_3_3,7,0,
7,3,7_3,4,7_3_4,5,0,
7,3,7_3,5,7_3_5,6,0,
7,3,7_3,6,7_3_6,5,0,
7,3,7_3,7,7_3_7,4,0,
7,3,7_3,8,7_3_8,5,0,
7,3,7_3,9,7_3_9,6,0,
7,3,7_3,10,7_3_10,4,0,
7,3,7_3,11,7_3_11,2,0,
7,3,7_3,12,7_3_12,2,0,
7,3,7_3,13,7_3_13,3,0,
7,3,7_3,14,7_3_14,5,0,
7,3,7_3,15,7_3_15,6,0,
7,3,7_3,16,7_3_16,6,0,
7,3,7_3,17,7_3_17,4,0,
7,3,7_3,18,7_3_18,4,0,
7,3,7_3,19,7_3_19,2,0,
7,3,7_3,20,7_3_20,4,0,
7,3,7_3,21,7_3_21,3,0,
7,3,7_3,22,7_3_22,3,0,
7,3,7_3,23,7_3_23,5,0,
7,3,7_3,24,7_3_24,3,0,
7,3,7_3,25,7_3_25,5,0,
7,3,7_3,26,7_3_26,2,0,
7,3,7_3,27,7_3_27,2,0,
7,3,7_3,28,7_3_28,6,0,
7,3,7_3,29,7_3_29,4,0,
7,3,7_3,30,7_3_30,5,0,
7,3,7_3,31,7_3_31,4,0,
7,3,7_3,32,7_3_32,7,0,
7,3,7_3,33,7_3_33,5,0,
7,3,7_3,34,7_3_34,3,0,
7,3,7_3,35,7_3_35,2,0,
7,3,7_3,36,7_3_36,5,0,
7,3,7_3,37,7_3_37,6,0,
7,3,7_3,38,7_3_38,6,0,
7,3,7_3,39,7_3_39,5,0,
7,3,7_3,40,7_3_40,2,0,
7,3,7_3,41,7_3_41,7,0,
7,3,7_3,42,7_3_42,4,0,
7,3,7_3,43,7_3_43,4,0,
7,3,7_3,44,7_3_44,6,0,
7,3,7_3,45,7_3_45,5,0,
7,3,7_3,46,7_3_46,3,0,
7,3,7_3,47,7_3_47,3,0,
7,3,7_3,48,7_3_48,2,0,
7,3,7_3,49,7_3_49,5,0,
7,3,7_3,50,7_3_50,3,0,
7,4,7_4,1,7_4_1,6,0,
7,4,7_4,2,7_4_2,4,0,
7,4,7_4,3,7_4_3,8,0,
7,4,7_4,4,7_4_4,5,0,
7,4,7_4,5,7_4_5,4,0,
7,4,7_4,6,7_4_6,3,0,
7,4,7_4,7,7_4_7,5,0,
7,4,7_4,8,7_4_8,4,0,
7,4,7_4,9,7_4_9,4,0,
7,4,7_4,10,7_4_10,8,0,
7,4,7_4,11,7_4_11,3,0,
7,4,7_4,12,7_4_12,2,0,
7,4,7_4,13,7_4_13,6,0,
7,4,7_4,14,7_4_14,3,0,
7,4,7_4,15,7_4_15,4,0,
7,4,7_4,16,7_4_16,4,0,
7,4,7_4,17,7_4_17,6,0,
7,4,7_4,18,7_4_18,3,0,
7,4,7_4,19,7_4_19,4,0,
7,4,7_4,20,7_4_20,5,0,
7,4,7_4,21,7_4_21,4,0,
7,4,7_4,22,7_4_22,6,0,
7,4,7_4,23,7_4_23,4,0,
7,4,7_4,24,7_4_24,3,0,
7,4,7_4,25,7_4_25,5,0,
7,4,7_4,26,7_4_26,4,0,
7,4,7_4,27,7_4_27,6,0,
7,4,7_4,28,7_4_28,5,0,
7,4,7_4,29,7_4_29,4,0,
7,4,7_4,30,7_4_30,2,0,
7,4,7_4,31,7_4_31,4,0,
7,4,7_4,32,7_4_32,7,0,
7,4,7_4,33,7_4_33,4,0,
7,4,7_4,34,7_4_34,5,0,
7,4,7_4,35,7_4_35,5,0,
7,4,7_4,36,7_4_36,5,0,
7,4,7_4,37,7_4_37,4,0,
7,4,7_4,38,7_4_38,4,0,
7,4,7_4,39,7_4_39,5,0,
7,4,7_4,40,7_4_40,2,0,
7,4,7_4,41,7_4_41,3,0,
7,4,7_4,42,7_4_42,2,0,
7,4,7_4,43,7_4_43,5,0,
7,4,7_4,44,7_4_44,2,0,
7,4,7_4,45,7_4_45,4,0,
7,4,7_4,46,7_4_46,2,0,
7,4,7_4,47,7_4_47,5,0,
7,4,7_4,48,7_4_48,4,0,
7,4,7_4,49,7_4_49,5,0,
7,4,7_4,50,7_4_50,6,0,
7,5,7_5,1,7_5_1,4,0,
7,5,7_5,2,7_5_2,3,0,
7,5,7_5,3,7_5_3,2,0,
7,5,7_5,4,7_5_4,5,0,
7,5,7_5,5,7_5_5,3,0,
7,5,7_5,6,7_5_6,2,0,
7,5,7_5,7,7_5_7,1,0,
7,5,7_5,8,7_5_8,4,0,
7,5,7_5,9,7_5_9,2,0,
7,5,7_5,10,7_5_10,2,0,
7,5,7_5,11,7_5_11,3,0,
7,5,7_5,12,7_5_12,3,0,
7,5,7_5,13,7_5_13,3,0,
7,5,7_5,14,7_5_14,3,0,
7,5,7_5,15,7_5_15,3,0,
7,5,7_5,16,7_5_16,1,0,
7,5,7_5,17,7_5_17,2,0,
7,5,7_5,18,7_5_18,5,0,
7,5,7_5,19,7_5_19,4,0,
7,5,7_5,20,7_5_20,6,0,
7,5,7_5,21,7_5_21,3,0,
7,5,7_5,22,7_5_22,4,0,
7,5,7_5,23,7_5_23,3,0,
7,5,7_5,24,7_5_24,2,0,
7,5,7_5,25,7_5_25,3,0,
7,5,7_5,26,7_5_26,5,0,
7,5,7_5,27,7_5_27,4,0,
7,5,7_5,28,7_5_28,2,0,
7,5,7_5,29,7_5_29,2,0,
7,5,7_5,30,7_5_30,4,0,
7,5,7_5,31,7_5_31,3,0,
7,5,7_5,32,7_5_32,5,0,
7,5,7_5,33,7_5_33,3,0,
7,5,7_5,34,7_5_34,3,0,
7,5,7_5,35,7_5_35,1,0,
7,5,7_5,36,7_5_36,4,0,
7,5,7_5,37,7_5_37,3,0,
7,5,7_5,38,7_5_38,5,0,
7,5,7_5,39,7_5_39,2,0,
7,5,7_5,40,7_5_40,4,0,
7,5,7_5,41,7_5_41,2,0,
7,5,7_5,42,7_5_42,2,0,
7,5,7_5,43,7_5_43,9,0,
7,5,7_5,44,7_5_44,3,0,
7,5,7_5,45,7_5_45,5,0,
7,5,7_5,46,7_5_46,6,0,
7,5,7_5,47,7_5_47,2,0,
7,5,7_5,48,7_5_48,2,0,
7,5,7_5,49,7_5_49,3,0,
7,5,7_5,50,7_5_50,4,0,
7,6,7_6,1,7_6_1,6,0,
7,6,7_6,2,7_6_2,3,0,
7,6,7_6,3,7_6_3,4,0,
7,6,7_6,4,7_6_4,5,0,
7,6,7_6,5,7_6_5,4,0,
7,6,7_6,6,7_6_6,5,0,
7,6,7_6,7,7_6_7,4,0,
7,6,7_6,8,7_6_8,7,0,
7,6,7_6,9,7_6_9,2,0,
7,6,7_6,10,7_6_10,3,0,
7,6,7_6,11,7_6_11,3,0,
7,6,7_6,12,7_6_12,3,0,
7,6,7_6,13,7_6_13,4,0,
7,6,7_6,14,7_6_14,6,0,
7,6,7_6,15,7_6_15,4,0,
7,6,7_6,16,7_6_16,2,0,
7,6,7_6,17,7_6_17,3,0,
7,6,7_6,18,7_6_18,5,0,
7,6,7_6,19,7_6_19,4,0,
7,6,7_6,20,7_6_20,2,0,
7,6,7_6,21,7_6_21,2,0,
7,6,7_6,22,7_6_22,4,0,
7,6,7_6,23,7_6_23,5,0,
7,6,7_6,24,7_6_24,5,0,
7,6,7_6,25,7_6_25,4,0,
7,6,7_6,26,7_6_26,2,0,
7,6,7_6,27,7_6_27,4,0,
7,6,7_6,28,7_6_28,2,0,
7,6,7_6,29,7_6_29,4,0,
7,6,7_6,30,7_6_30,5,0,
7,6,7_6,31,7_6_31,2,0,
7,6,7_6,32,7_6_32,4,0,
7,6,7_6,33,7_6_33,6,0,
7,6,7_6,34,7_6_34,3,0,
7,6,7_6,35,7_6_35,1,0,
7,6,7_6,36,7_6_36,2,0,
7,6,7_6,37,7_6_37,2,0,
7,6,7_6,38,7_6_38,6,0,
7,6,7_6,39,7_6_39,5,0,
7,6,7_6,40,7_6_40,6,0,
7,6,7_6,41,7_6_41,5,0,
7,6,7_6,42,7_6_42,5,0,
7,6,7_6,43,7_6_43,6,0,
7,6,7_6,44,7_6_44,4,0,
7,6,7_6,45,7_6_45,4,0,
7,6,7_6,46,7_6_46,3,0,
7,6,7_6,47,7_6_47,5,0,
7,6,7_6,48,7_6_48,3,0,
7,6,7_6,49,7_6_49,2,0,
7,6,7_6,50,7_6_50,2,0,
8,1,8_1,1,8_1_1,6,0,
8,1,8_1,2,8_1_2,3,0,
8,1,8_1,3,8_1_3,8,0,
8,1,8_1,4,8_1_4,6,0,
8,1,8_1,5,8_1_5,6,0,
8,1,8_1,6,8_1_6,5,0,
8,1,8_1,7,8_1_7,4,0,
8,1,8_1,8,8_1_8,4,0,
8,1,8_1,9,8_1_9,5,0,
8,1,8_1,10,8_1_10,5,0,
8,1,8_1,11,8_1_11,5,0,
8,1,8_1,12,8_1_12,6,0,
8,1,8_1,13,8_1_13,5,0,
8,1,8_1,14,8_1_14,2,0,
8,1,8_1,15,8_1_15,7,0,
8,1,8_1,16,8_1_16,5,0,
8,1,8_1,17,8_1_17,3,0,
8,1,8_1,18,8_1_18,5,0,
8,1,8_1,19,8_1_19,6,0,
8,1,8_1,20,8_1_20,1,0,
8,1,8_1,21,8_1_21,1,0,
8,1,8_1,22,8_1_22,4,0,
8,1,8_1,23,8_1_23,4,0,
8,1,8_1,24,8_1_24,2,0,
8,1,8_1,25,8_1_25,6,0,
8,1,8_1,26,8_1_26,2,0,
8,1,8_1,27,8_1_27,4,0,
8,1,8_1,28,8_1_28,2,0,
8,1,8_1,29,8_1_29,3,0,
8,1,8_1,30,8_1_30,3,0,
8,1,8_1,31,8_1_31,4,0,
8,1,8_1,32,8_1_32,6,0,
8,1,8_1,33,8_1_33,4,0,
8,1,8_1,34,8_1_34,4,0,
8,1,8_1,35,8_1_35,2,0,
8,1,8_1,36,8_1_36,4,0,
8,1,8_1,37,8_1_37,5,0,
8,1,8_1,38,8_1_38,4,0,
8,1,8_1,39,8_1_39,4,0,
8,1,8_1,40,8_1_40,4,0,
8,1,8_1,41,8_1_41,3,0,
8,1,8_1,42,8_1_42,4,0,
8,1,8_1,43,8_1_43,4,0,
8,1,8_1,44,8_1_44,5,0,
8,1,8_1,45,8_1_45,4,0,
8,1,8_1,46,8_1_46,3,0,
8,1,8_1,47,8_1_47,5,0,
8,1,8_1,48,8_1_48,7,0,
8,1,8_1,49,8_1_49,3,0,
8,1,8_1,50,8_1_50,3,0,
8,2,8_2,1,8_2_1,4,0,
8,2,8_2,2,8_2_2,4,0,
8,2,8_2,3,8_2_3,4,0,
8,2,8_2,4,8_2_4,7,0,
8,2,8_2,5,8_2_5,4,0,
8,2,8_2,6,8_2_6,3,0,
8,2,8_2,7,8_2_7,2,0,
8,2,8_2,8,8_2_8,4,0,
8,2,8_2,9,8_2_9,6,0,
8,2,8_2,10,8_2_10,5,0,
8,2,8_2,11,8_2_11,6,0,
8,2,8_2,12,8_2_12,3,0,
8,2,8_2,13,8_2_13,2,0,
8,2,8_2,14,8_2_14,4,0,
8,2,8_2,15,8_2_15,5,0,
8,2,8_2,16,8_2_16,3,0,
8,2,8_2,17,8_2_17,2,0,
8,2,8_2,18,8_2_18,3,0,
8,2,8_2,19,8_2_19,7,0,
8,2,8_2,20,8_2_20,4,0,
8,2,8_2,21,8_2_21,3,0,
8,2,8_2,22,8_2_22,5,0,
8,2,8_2,23,8_2_23,3,0,
8,2,8_2,24,8_2_24,3,0,
8,2,8_2,25,8_2_25,8,0,
8,2,8_2,26,8_2_26,6,0,
8,2,8_2,27,8_2_27,4,0,
8,2,8_2,28,8_2_28,3,0,
8,2,8_2,29,8_2_29,5,0,
8,2,8_2,30,8_2_30,4,0,
8,2,8_2,31,8_2_31,5,0,
8,2,8_2,32,8_2_32,3,0,
8,2,8_2,33,8_2_33,5,0,
8,2,8_2,34,8_2_34,6,0,
8,2,8_2,35,8_2_35,2,0,
8,2,8_2,36,8_2_36,3,0,
8,2,8_2,37,8_2_37,3,0,
8,2,8_2,38,8_2_38,3,0,
8,2,8_2,39,8_2_39,4,0,
8,2,8_2,40,8_2_40,4,0,
8,2,8_2,41,8_2_41,8,0,
8,2,8_2,42,8_2_42,8,0,
8,2,8_2,43,8_2_43,7,0,
8,2,8_2,44,8_2_44,2,0,
8,2,8_2,45,8_2_45,2,0,
8,2,8_2,46,8_2_46,4,0,
8,2,8_2,47,8_2_47,3,0,
8,2,8_2,48,8_2_48,4,0,
8,2,8_2,49,8_2_49,5,0,
8,2,8_2,50,8_2_50,4,0,
8,3,8_3,1,8_3_1,2,0,
8,3,8_3,2,8_3_2,7,0,
8,3,8_3,3,8_3_3,5,0,
8,3,8_3,4,8_3_4,4,0,
8,3,8_3,5,8_3_5,5,0,
8,3,8_3,6,8_3_6,2,0,
8,3,8_3,7,8_3_7,2,0,
8,3,8_3,8,8_3_8,6,0,
8,3,8_3,9,8_3_9,2,0,
8,3,8_3,10,8_3_10,5,0,
8,3,8_3,11,8_3_11,1,0,
8,3,8_3,12,8_3_12,2,0,
8,3,8_3,13,8_3_13,5,0,
8,3,8_3,14,8_3_14,6,0,
8,3,8_3,15,8_3_15,5,0,
8,3,8_3,16,8_3_16,5,0,
8,3,8_3,17,8_3_17,3,0,
8,3,8_3,18,8_3_18,5,0,
8,3,8_3,19,8_3_19,7,0,
8,3,8_3,20,8_3_20,3,0,
8,3,8_3,21,8_3_21,3,0,
8,3,8_3,22,8_3_22,2,0,
8,3,8_3,23,8_3_23,6,0,
8,3,8_3,24,8_3_24,4,0,
8,3,8_3,25,8_3_25,1,0,
8,3,8_3,26,8_3_26,5,0,
8,3,8_3,27,8_3_27,6,0,
8,3,8_3,28,8_3_28,4,0,
8,3,8_3,29,8_3_29,6,0,
8,3,8_3,30,8_3_30,3,0,
8,3,8_3,31,8_3_31,2,0,
8,3,8_3,32,8_3_32,2,0,
8,3,8_3,33,8_3_33,2,0,
8,3,8_3,34,8_3_34,4,0,
8,3,8_3,35,8_3_35,2,0,
8,3,8_3,36,8_3_36,2,0,
8,3,8_3,37,8_3_37,5,0,
8,3,8_3,38,8_3_38,6,0,
8,3,8_3,39,8_3_39,2,0,
8,3,8_3,40,8_3_40,1,0,
8,3,8_3,41,8_3_41,3,0,
8,3,8_3,42,8_3_42,2,0,
8,3,8_3,43,8_3_43,1,0,
8,3,8_3,44,8_3_44,1,0,
8,3,8_3,45,8_3_45,3,0,
8,3,8_3,46,8_3_46,3,0,
8,3,8_3,47,8_3_47,2,0,
8,3,8_3,48,8_3_48,4,0,
8,3,8_3,49,8_3_49,4,0,
8,3,8_3,50,8_3_50,3,0,
8,4,8_4,1,8_4_1,6,0,
8,4,8_4,2,8_4_2,4,0,
8,4,8_4,3,8_4_3,5,0,
8,4,8_4,4,8_4_4,4,0,
8,4,8_4,5,8_4_5,2,0,
8,4,8_4,6,8_4_6,3,0,
8,4,8_4,7,8_4_7,4,0,
8,4,8_4,8,8_4_8,4,0,
8,4,8_4,9,8_4_9,4,0,
8,4,8_4,10,8_4_10,4,0,
8,4,8_4,11,8_4_11,3,0,
8,4,8_4,12,8_4_12,4,0,
8,4,8_4,13,8_4_13,5,0,
8,4,8_4,14,8_4_14,4,0,
8,4,8_4,15,8_4_15,3,0,
8,4,8_4,16,8_4_16,6,0,
8,4,8_4,17,8_4_17,3,0,
8,4,8_4,18,8_4_18,4,0,
8,4,8_4,19,8_4_19,3,0,
8,4,8_4,20,8_4_20,2,0,
8,4,8_4,21,8_4_21,2,0,
8,4,8_4,22,8_4_22,4,0,
8,4,8_4,23,8_4_23,5,0,
8,4,8_4,24,8_4_24,2,0,
8,4,8_4,25,8_4_25,4,0,
8,4,8_4,26,8_4_26,4,0,
8,4,8_4,27,8_4_27,4,0,
8,4,8_4,28,8_4_28,2,0,
8,4,8_4,29,8_4_29,3,0,
8,4,8_4,30,8_4_30,6,0,
8,4,8_4,31,8_4_31,3,0,
8,4,8_4,32,8_4_32,6,0,
8,4,8_4,33,8_4_33,4,0,
8,4,8_4,34,8_4_34,2,0,
8,4,8_4,35,8_4_35,5,0,
8,4,8_4,36,8_4_36,3,0,
8,4,8_4,37,8_4_37,4,0,
8,4,8_4,38,8_4_38,4,0,
8,4,8_4,39,8_4_39,5,0,
8,4,8_4,40,8_4_40,6,0,
8,4,8_4,41,8_4_41,4,0,
8,4,8_4,42,8_4_42,3,0,
8,4,8_4,43,8_4_43,6,0,
8,4,8_4,44,8_4_44,9,0,
8,4,8_4,45,8_4_45,5,0,
8,4,8_4,46,8_4_46,4,0,
8,4,8_4,47,8_4_47,2,0,
8,4,8_4,48,8_4_48,4,0,
8,4,8_4,49,8_4_49,2,0,
8,4,8_4,50,8_4_50,1,0,
8,5,8_5,1,8_5_1,4,0,
8,5,8_5,2,8_5_2,2,0,
8,5,8_5,3,8_5_3,3,0,
8,5,8_5,4,8_5_4,3,0,
8,5,8_5,5,8_5_5,3,0,
8,5,8_5,6,8_5_6,3,0,
8,5,8_5,7,8_5_7,2,0,
8,5,8_5,8,8_5_8,3,0,
8,5,8_5,9,8_5_9,4,0,
8,5,8_5,10,8_5_10,2,0,
8,5,8_5,11,8_5_11,3,0,
8,5,8_5,12,8_5_12,6,0,
8,5,8_5,13,8_5_13,5,0,
8,5,8_5,14,8_5_14,4,0,
8,5,8_5,15,8_5_15,4,0,
8,5,8_5,16,8_5_16,5,0,
8,5,8_5,17,8_5_17,5,0,
8,5,8_5,18,8_5_18,4,0,
8,5,8_5,19,8_5_19,4,0,
8,5,8_5,20,8_5_20,2,0,
8,5,8_5,21,8_5_21,4,0,
8,5,8_5,22,8_5_22,3,0,
8,5,8_5,23,8_5_23,5,0,
8,5,8_5,24,8_5_24,5,0,
8,5,8_5,25,8_5_25,3,0,
8,5,8_5,26,8_5_26,2,0,
8,5,8_5,27,8_5_27,2,0,
8,5,8_5,28,8_5_28,1,0,
8,5,8_5,29,8_5_29,3,0,
8,5,8_5,30,8_5_30,4,0,
8,5,8_5,31,8_5_31,2,0,
8,5,8_5,32,8_5_32,8,0,
8,5,8_5,33,8_5_33,7,0,
8,5,8_5,34,8_5_34,2,0,
8,5,8_5,35,8_5_35,2,0,
8,5,8_5,36,8_5_36,2,0,
8,5,8_5,37,8_5_37,3,0,
8,5,8_5,38,8_5_38,3,0,
8,5,8_5,39,8_5_39,3,0,
8,5,8_5,40,8_5_40,4,0,
8,5,8_5,41,8_5_41,2,0,
8,5,8_5,42,8_5_42,3,0,
8,5,8_5,43,8_5_43,2,0,
8,5,8_5,44,8_5_44,1,0,
8,5,8_5,45,8_5_45,5,0,
8,5,8_5,46,8_5_46,4,0,
8,5,8_5,47,8_5_47,4,0,
8,5,8_5,48,8_5_48,4,0,
8,5,8_5,49,8_5_49,4,0,
8,5,8_5,50,8_5_50,4,0,
8,6,8_6,1,8_6_1,7,0,
8,6,8_6,2,8_6_2,6,0,
8,6,8_6,3,8_6_3,6,0,
8,6,8_6,4,8_6_4,3,0,
8,6,8_6,5,8_6_5,3,0,
8,6,8_6,6,8_6_6,4,0,
8,6,8_6,7,8_6_7,4,0,
8,6,8_6,8,8_6_8,3,0,
8,6,8_6,9,8_6_9,4,0,
8,6,8_6,10,8_6_10,2,0,
8,6,8_6,11,8_6_11,3,0,
8,6,8_6,12,8_6_12,3,0,
8,6,8_6,13,8_6_13,3,0,
8,6,8_6,14,8_6_14,4,0,
8,6,8_6,15,8_6_15,6,0,
8,6,8_6,16,8_6_16,4,0,
8,6,8_6,17,8_6_17,3,0,
8,6,8_6,18,8_6_18,4,0,
8,6,8_6,19,8_6_19,6,0,
8,6,8_6,20,8_6_20,3,0,
8,6,8_6,21,8_6_21,3,0,
8,6,8_6,22,8_6_22,3,0,
8,6,8_6,23,8_6_23,1,0,
8,6,8_6,24,8_6_24,3,0,
8,6,8_6,25,8_6_25,4,0,
8,6,8_6,26,8_6_26,3,0,
8,6,8_6,27,8_6_27,1,0,
8,6,8_6,28,8_6_28,5,0,
8,6,8_6,29,8_6_29,6,0,
8,6,8_6,30,8_6_30,7,0,
8,6,8_6,31,8_6_31,3,0,
8,6,8_6,32,8_6_32,2,0,
8,6,8_6,33,8_6_33,6,0,
8,6,8_6,34,8_6_34,4,0,
8,6,8_6,35,8_6_35,6,0,
8,6,8_6,36,8_6_36,5,0,
8,6,8_6,37,8_6_37,5,0,
8,6,8_6,38,8_6_38,6,0,
8,6,8_6,39,8_6_39,5,0,
8,6,8_6,40,8_6_40,1,0,
8,6,8_6,41,8_6_41,2,0,
8,6,8_6,42,8_6_42,4,0,
8,6,8_6,43,8_6_43,3,0,
8,6,8_6,44,8_6_44,3,0,
8,6,8_6,45,8_6_45,3,0,
8,6,8_6,46,8_6_46,4,0,
8,6,8_6,47,8_6_47,4,0,
8,6,8_6,48,8_6_48,4,0,
8,6,8_6,49,8_6_49,4,0,
8,6,8_6,50,8_6_50,2,0,
11,1,11_1,1,11_1_1,3,0,
11,1,11_1,2,11_1_2,5,0,
11,1,11_1,3,11_1_3,4,0,
11,1,11_1,4,11_1_4,4,0,
11,1,11_1,5,11_1_5,3,0,
11,1,11_1,6,11_1_6,2,0,
11,1,11_1,7,11_1_7,3,0,
11,1,11_1,8,11_1_8,4,0,
11,1,11_1,9,11_1_9,4,0,
11,1,11_1,10,11_1_10,3,0,
11,1,11_1,11,11_1_11,2,0,
11,1,11_1,12,11_1_12,2,0,
11,1,11_1,13,11_1_13,5,0,
11,1,11_1,14,11_1_14,3,0,
11,1,11_1,15,11_1_15,2,0,
11,1,11_1,16,11_1_16,2,0,
11,1,11_1,17,11_1_17,5,0,
11,1,11_1,18,11_1_18,4,0,
11,1,11_1,19,11_1_19,4,0,
11,1,11_1,20,11_1_20,3,0,
11,1,11_1,21,11_1_21,2,0,
11,1,11_1,22,11_1_22,6,0,
11,1,11_1,23,11_1_23,7,0,
11,1,11_1,24,11_1_24,3,0,
11,1,11_1,25,11_1_25,3,0,
11,1,11_1,26,11_1_26,4,0,
11,1,11_1,27,11_1_27,4,0,
11,1,11_1,28,11_1_28,3,0,
11,1,11_1,29,11_1_29,2,0,
11,1,11_1,30,11_1_30,2,0,
11,1,11_1,31,11_1_31,2,0,
11,1,11_1,32,11_1_32,3,0,
11,1,11_1,33,11_1_33,2,0,
11,1,11_1,34,11_1_34,2,0,
11,1,11_1,35,11_1_35,3,0,
11,1,11_1,36,11_1_36,4,0,
11,1,11_1,37,11_1_37,3,0,
11,1,11_1,38,11_1_38,3,0,
11,1,11_1,39,11_1_39,6,0,
11,1,11_1,40,11_1_40,5,0,
11,1,11_1,41,11_1_41,3,0,
11,1,11_1,42,11_1_42,2,0,
11,1,11_1,43,11_1_43,3,0,
11,1,11_1,44,11_1_44,4,0,
11,1,11_1,45,11_1_45,2,0,
11,1,11_1,46,11_1_46,3,0,
11,1,11_1,47,11_1_47,2,0,
11,1,11_1,48,11_1_48,2,0,
11,1,11_1,49,11_1_49,4,0,
11,1,11_1,50,11_1_50,5,0,
11,2,11_2,1,11_2_1,3,0,
11,2,11_2,2,11_2_2,2,0,
11,2,11_2,3,11_2_3,2,0,
11,2,11_2,4,11_2_4,2,0,
11,2,11_2,5,11_2_5,1,0,
11,2,11_2,6,11_2_6,3,0,
11,2,11_2,7,11_2_7,4,0,
11,2,11_2,8,11_2_8,4,0,
11,2,11_2,9,11_2_9,2,0,
11,2,11_2,10,11_2_10,2,0,
11,2,11_2,11,11_2_11,6,0,
11,2,11_2,12,11_2_12,3,0,
11,2,11_2,13,11_2_13,2,0,
11,2,11_2,14,11_2_14,3,0,
11,2,11_2,15,11_2_15,3,0,
11,2,11_2,16,11_2_16,2,0,
11,2,11_2,17,11_2_17,3,0,
11,2,11_2,18,11_2_18,1,0,
11,2,11_2,19,11_2_19,4,0,
11,2,11_2,20,11_2_20,4,0,
11,2,11_2,21,11_2_21,1,0,
11,2,11_2,22,11_2_22,1,0,
11,2,11_2,23,11_2_23,2,0,
11,2,11_2,24,11_2_24,2,0,
11,2,11_2,25,11_2_25,4,0,
11,2,11_2,26,11_2_26,3,0,
11,2,11_2,27,11_2_27,4,0,
11,2,11_2,28,11_2_28,5,0,
11,2,11_2,29,11_2_29,4,0,
11,2,11_2,30,11_2_30,4,0,
11,2,11_2,31,11_2_31,5,0,
11,2,11_2,32,11_2_32,2,0,
11,2,11_2,33,11_2_33,1,0,
11,2,11_2,34,11_2_34,2,0,
11,2,11_2,35,11_2_35,4,0,
11,2,11_2,36,11_2_36,3,0,
11,2,11_2,37,11_2_37,5,0,
11,2,11_2,38,11_2_38,2,0,
11,2,11_2,39,11_2_39,5,0,
11,2,11_2,40,11_2_40,5,0,
11,2,11_2,41,11_2_41,2,0,
11,2,11_2,42,11_2_42,3,0,
11,2,11_2,43,11_2_43,5,0,
11,2,11_2,44,11_2_44,5,0,
11,2,11_2,45,11_2_45,4,0,
11,2,11_2,46,11_2_46,5,0,
11,2,11_2,47,11_2_47,2,0,
11,2,11_2,48,11_2_48,3,0,
11,2,11_2,49,11_2_49,2,0,
11,2,11_2,50,11_2_50,1,0,
11,3,11_3,1,11_3_1,4,0,
11,3,11_3,2,11_3_2,6,0,
11,3,11_3,3,11_3_3,2,0,
11,3,11_3,4,11_3_4,6,0,
11,3,11_3,5,11_3_5,4,0,
11,3,11_3,6,11_3_6,5,0,
11,3,11_3,7,11_3_7,4,0,
11,3,11_3,8,11_3_8,7,0,
11,3,11_3,9,11_3_9,4,0,
11,3,11_3,10,11_3_10,4,0,
11,3,11_3,11,11_3_11,5,0,
11,3,11_3,12,11_3_12,5,0,
11,3,11_3,13,11_3_13,4,0,
11,3,11_3,14,11_3_14,4,0,
11,3,11_3,15,11_3_15,3,0,
11,3,11_3,16,11_3_16,8,0,
11,3,11_3,17,11_3_17,4,0,
11,3,11_3,18,11_3_18,5,0,
11,3,11_3,19,11_3_19,7,0,
11,3,11_3,20,11_3_20,7,0,
11,3,11_3,21,11_3_21,3,0,
11,3,11_3,22,11_3_22,4,0,
11,3,11_3,23,11_3_23,4,0,
11,3,11_3,24,11_3_24,4,0,
11,3,11_3,25,11_3_25,4,0,
11,3,11_3,26,11_3_26,2,0,
11,3,11_3,27,11_3_27,3,0,
11,3,11_3,28,11_3_28,5,0,
11,3,11_3,29,11_3_29,3,0,
11,3,11_3,30,11_3_30,1,0,
11,3,11_3,31,11_3_31,3,0,
11,3,11_3,32,11_3_32,5,0,
11,3,11_3,33,11_3_33,3,0,
11,3,11_3,34,11_3_34,2,0,
11,3,11_3,35,11_3_35,5,0,
11,3,11_3,36,11_3_36,4,0,
11,3,11_3,37,11_3_37,4,0,
11,3,11_3,38,11_3_38,4,0,
11,3,11_3,39,11_3_39,4,0,
11,3,11_3,40,11_3_40,5,0,
11,3,11_3,41,11_3_41,6,0,
11,3,11_3,42,11_3_42,5,0,
11,3,11_3,43,11_3_43,3,0,
11,3,11_3,44,11_3_44,5,0,
11,3,11_3,45,11_3_45,3,0,
11,3,11_3,46,11_3_46,4,0,
11,3,11_3,47,11_3_47,5,0,
11,3,11_3,48,11_3_48,5,0,
11,3,11_3,49,11_3_49,3,0,
11,3,11_3,50,11_3_50,3,0,
11,4,11_4,1,11_4_1,2,0,
11,4,11_4,2,11_4_2,4,0,
11,4,11_4,3,11_4_3,3,0,
11,4,11_4,4,11_4_4,3,0,
11,4,11_4,5,11_4_5,3,0,
11,4,11_4,6,11_4_6,1,0,
11,4,11_4,7,11_4_7,2,0,
11,4,11_4,8,11_4_8,1,0,
11,4,11_4,9,11_4_9,5,0,
11,4,11_4,10,11_4_10,7,0,
11,4,11_4,11,11_4_11,3,0,
11,4,11_4,12,11_4_12,3,0,
11,4,11_4,13,11_4_13,1,0,
11,4,11_4,14,11_4_14,4,0,
11,4,11_4,15,11_4_15,2,0,
11,4,11_4,16,11_4_16,3,0,
11,4,11_4,17,11_4_17,4,0,
11,4,11_4,18,11_4_18,1,0,
11,4,11_4,19,11_4_19,2,0,
11,4,11_4,20,11_4_20,3,0,
11,4,11_4,21,11_4_21,4,0,
11,4,11_4,22,11_4_22,5,0,
11,4,11_4,23,11_4_23,2,0,
11,4,11_4,24,11_4_24,2,0,
11,4,11_4,25,11_4_25,5,0,
11,4,11_4,26,11_4_26,2,0,
11,4,11_4,27,11_4_27,4,0,
11,4,11_4,28,11_4_28,1,0,
11,4,11_4,29,11_4_29,5,0,
11,4,11_4,30,11_4_30,4,0,
11,4,11_4,31,11_4_31,2,0,
11,4,11_4,32,11_4_32,1,0,
11,4,11_4,33,11_4_33,4,0,
11,4,11_4,34,11_4_34,2,0,
11,4,11_4,35,11_4_35,2,0,
11,4,11_4,36,11_4_36,3,0,
11,4,11_4,37,11_4_37,5,0,
11,4,11_4,38,11_4_38,3,0,
11,4,11_4,39,11_4_39,2,0,
11,4,11_4,40,11_4_40,5,0,
11,4,11_4,41,11_4_41,2,0,
11,4,11_4,42,11_4_42,3,0,
11,4,11_4,43,11_4_43,2,0,
11,4,11_4,44,11_4_44,3,0,
11,4,11_4,45,11_4_45,4,0,
11,4,11_4,46,11_4_46,4,0,
11,4,11_4,47,11_4_47,4,0,
11,4,11_4,48,11_4_48,5,0,
11,4,11_4,49,11_4_49,1,0,
11,4,11_4,50,11_4_50,1,0,
11,5,11_5,1,11_5_1,3,0,
11,5,11_5,2,11_5_2,4,0,
11,5,11_5,3,11_5_3,5,0,
11,5,11_5,4,11_5_4,3,0,
11,5,11_5,5,11_5_5,4,0,
11,5,11_5,6,11_5_6,2,0,
11,5,11_5,7,11_5_7,2,0,
11,5,11_5,8,11_5_8,6,0,
11,5,11_5,9,11_5_9,4,0,
11,5,11_5,10,11_5_10,3,0,
11,5,11_5,11,11_5_11,3,0,
11,5,11_5,12,11_5_12,4,0,
11,5,11_5,13,11_5_13,1,0,
11,5,11_5,14,11_5_14,4,0,
11,5,11_5,15,11_5_15,2,0,
11,5,11_5,16,11_5_16,2,0,
11,5,11_5,17,11_5_17,3,0,
11,5,11_5,18,11_5_18,6,0,
11,5,11_5,19,11_5_19,4,0,
11,5,11_5,20,11_5_20,3,0,
11,5,11_5,21,11_5_21,5,0,
11,5,11_5,22,11_5_22,4,0,
11,5,11_5,23,11_5_23,6,0,
11,5,11_5,24,11_5_24,6,0,
11,5,11_5,25,11_5_25,3,0,
11,5,11_5,26,11_5_26,3,0,
11,5,11_5,27,11_5_27,2,0,
11,5,11_5,28,11_5_28,3,0,
11,5,11_5,29,11_5_29,2,0,
11,5,11_5,30,11_5_30,1,0,
11,5,11_5,31,11_5_31,5,0,
11,5,11_5,32,11_5_32,2,0,
11,5,11_5,33,11_5_33,3,0,
11,5,11_5,34,11_5_34,1,0,
11,5,11_5,35,11_5_35,6,0,
11,5,11_5,36,11_5_36,5,0,
11,5,11_5,37,11_5_37,3,0,
11,5,11_5,38,11_5_38,3,0,
11,5,11_5,39,11_5_39,3,0,
11,5,11_5,40,11_5_40,3,0,
11,5,11_5,41,11_5_41,4,0,
11,5,11_5,42,11_5_42,3,0,
11,5,11_5,43,11_5_43,5,0,
11,5,11_5,44,11_5_44,3,0,
11,5,11_5,45,11_5_45,3,0,
11,5,11_5,46,11_5_46,5,0,
11,5,11_5,47,11_5_47,4,0,
11,5,11_5,48,11_5_48,3,0,
11,5,11_5,49,11_5_49,1,0,
11,5,11_5,50,11_5_50,2,0,
11,6,11_6,1,11_6_1,2,0,
11,6,11_6,2,11_6_2,5,0,
11,6,11_6,3,11_6_3,4,0,
11,6,11_6,4,11_6_4,4,0,
11,6,11_6,5,11_6_5,6,0,
11,6,11_6,6,11_6_6,6,0,
11,6,11_6,7,11_6_7,2,0,
11,6,11_6,8,11_6_8,2,0,
11,6,11_6,9,11_6_9,2,0,
11,6,11_6,10,11_6_10,7,0,
11,6,11_6,11,11_6_11,6,0,
11,6,11_6,12,11_6_12,4,0,
11,6,11_6,13,11_6_13,4,0,
11,6,11_6,14,11_6_14,3,0,
11,6,11_6,15,11_6_15,6,0,
11,6,11_6,16,11_6_16,8,0,
11,6,11_6,17,11_6_17,5,0,
11,6,11_6,18,11_6_18,4,0,
11,6,11_6,19,11_6_19,3,0,
11,6,11_6,20,11_6_20,6,0,
11,6,11_6,21,11_6_21,5,0,
11,6,11_6,22,11_6_22,2,0,
11,6,11_6,23,11_6_23,3,0,
11,6,11_6,24,11_6_24,2,0,
11,6,11_6,25,11_6_25,4,0,
11,6,11_6,26,11_6_26,2,0,
11,6,11_6,27,11_6_27,5,0,
11,6,11_6,28,11_6_28,5,0,
11,6,11_6,29,11_6_29,3,0,
11,6,11_6,30,11_6_30,4,0,
11,6,11_6,31,11_6_31,3,0,
11,6,11_6,32,11_6_32,3,0,
11,6,11_6,33,11_6_33,4,0,
11,6,11_6,34,11_6_34,3,0,
11,6,11_6,35,11_6_35,4,0,
11,6,11_6,36,11_6_36,4,0,
11,6,11_6,37,11_6_37,5,0,
11,6,11_6,38,11_6_38,5,0,
11,6,11_6,39,11_6_39,1,0,
11,6,11_6,40,11_6_40,4,0,
11,6,11_6,41,11_6_41,5,0,
11,6,11_6,42,11_6_42,2,0,
11,6,11_6,43,11_6_43,1,0,
11,6,11_6,44,11_6_44,5,0,
11,6,11_6,45,11_6_45,6,0,
11,6,11_6,46,11_6_46,6,0,
11,6,11_6,47,11_6_47,4,0,
11,6,11_6,48,11_6_48,1,0,
11,6,11_6,49,11_6_49,2,0,
11,6,11_6,50,11_6_50,3,0,
17,1,17_1,1,17_1_1,4,0,
17,1,17_1,2,17_1_2,2,0,
17,1,17_1,3,17_1_3,2,0,
17,1,17_1,4,17_1_4,4,0,
17,1,17_1,5,17_1_5,4,0,
17,1,17_1,6,17_1_6,4,0,
17,1,17_1,7,17_1_7,4,0,
17,1,17_1,8,17_1_8,4,0,
17,1,17_1,9,17_1_9,2,0,
17,1,17_1,10,17_1_10,3,0,
17,1,17_1,11,17_1_11,4,0,
17,1,17_1,12,17_1_12,6,0,
17,1,17_1,13,17_1_13,4,0,
17,1,17_1,14,17_1_14,6,0,
17,1,17_1,15,17_1_15,3,0,
17,1,17_1,16,17_1_16,4,0,
17,1,17_1,17,17_1_17,3,0,
17,1,17_1,18,17_1_18,2,0,
17,1,17_1,19,17_1_19,3,0,
17,1,17_1,20,17_1_20,5,0,
17,1,17_1,21,17_1_21,5,0,
17,1,17_1,22,17_1_22,4,0,
17,1,17_1,23,17_1_23,3,0,
17,1,17_1,24,17_1_24,6,0,
17,1,17_1,25,17_1_25,3,0,
17,1,17_1,26,17_1_26,4,0,
17,1,17_1,27,17_1_27,3,0,
17,1,17_1,28,17_1_28,2,0,
17,1,17_1,29,17_1_29,4,0,
17,1,17_1,30,17_1_30,3,0,
17,1,17_1,31,17_1_31,3,0,
17,1,17_1,32,17_1_32,1,0,
17,1,17_1,33,17_1_33,1,0,
17,1,17_1,34,17_1_34,2,0,
17,1,17_1,35,17_1_35,4,0,
17,1,17_1,36,17_1_36,6,0,
17,1,17_1,37,17_1_37,3,0,
17,1,17_1,38,17_1_38,4,0,
17,1,17_1,39,17_1_39,3,0,
17,1,17_1,40,17_1_40,3,0,
17,1,17_1,41,17_1_41,3,0,
17,1,17_1,42,17_1_42,4,0,
17,1,17_1,43,17_1_43,4,0,
17,1,17_1,44,17_1_44,7,0,
17,1,17_1,45,17_1_45,3,0,
17,1,17_1,46,17_1_46,3,0,
17,1,17_1,47,17_1_47,4,0,
17,1,17_1,48,17_1_48,2,0,
17,1,17_1,49,17_1_49,1,0,
17,1,17_1,50,17_1_50,2,0,
17,2,17_2,1,17_2_1,3,0,
17,2,17_2,2,17_2_2,6,0,
17,2,17_2,3,17_2_3,5,0,
17,2,17_2,4,17_2_4,1,0,
17,2,17_2,5,17_2_5,2,0,
17,2,17_2,6,17_2_6,2,0,
17,2,17_2,7,17_2_7,3,0,
17,2,17_2,8,17_2_8,7,0,
17,2,17_2,9,17_2_9,5,0,
17,2,17_2,10,17_2_10,7,0,
17,2,17_2,11,17_2_11,9,0,
17,2,17_2,12,17_2_12,6,0,
17,2,17_2,13,17_2_13,6,0,
17,2,17_2,14,17_2_14,2,0,
17,2,17_2,15,17_2_15,3,0,
17,2,17_2,16,17_2_16,4,0,
17,2,17_2,17,17_2_17,4,0,
17,2,17_2,18,17_2_18,9,0,
17,2,17_2,19,17_2_19,8,0,
17,2,17_2,20,17_2_20,8,0,
17,2,17_2,21,17_2_21,4,0,
17,2,17_2,22,17_2_22,5,0,
17,2,17_2,23,17_2_23,6,0,
17,2,17_2,24,17_2_24,3,0,
17,2,17_2,25,17_2_25,3,0,
17,2,17_2,26,17_2_26,5,0,
17,2,17_2,27,17_2_27,7,0,
17,2,17_2,28,17_2_28,6,0,
17,2,17_2,29,17_2_29,4,0,
17,2,17_2,30,17_2_30,4,0,
17,2,17_2,31,17_2_31,4,0,
17,2,17_2,32,17_2_32,2,0,
17,2,17_2,33,17_2_33,3,0,
17,2,17_2,34,17_2_34,3,0,
17,2,17_2,35,17_2_35,3,0,
17,2,17_2,36,17_2_36,2,0,
17,2,17_2,37,17_2_37,5,0,
17,2,17_2,38,17_2_38,4,0,
17,2,17_2,39,17_2_39,5,0,
17,2,17_2,40,17_2_40,3,0,
17,2,17_2,41,17_2_41,4,0,
17,2,17_2,42,17_2_42,6,0,
17,2,17_2,43,17_2_43,5,0,
17,2,17_2,44,17_2_44,5,0,
17,2,17_2,45,17_2_45,7,0,
17,2,17_2,46,17_2_46,1,0,
17,2,17_2,47,17_2_47,3,0,
17,2,17_2,48,17_2_48,3,0,
17,2,17_2,49,17_2_49,5,0,
17,2,17_2,50,17_2_50,4,0,
17,3,17_3,1,17_3_1,2,0,
17,3,17_3,2,17_3_2,4,0,
17,3,17_3,3,17_3_3,2,0,
17,3,17_3,4,17_3_4,3,0,
17,3,17_3,5,17_3_5,3,0,
17,3,17_3,6,17_3_6,3,0,
17,3,17_3,7,17_3_7,6,0,
17,3,17_3,8,17_3_8,5,0,
17,3,17_3,9,17_3_9,3,0,
17,3,17_3,10,17_3_10,2,0,
17,3,17_3,11,17_3_11,2,0,
17,3,17_3,12,17_3_12,3,0,
17,3,17_3,13,17_3_13,3,0,
17,3,17_3,14,17_3_14,3,0,
17,3,17_3,15,17_3_15,2,0,
17,3,17_3,16,17_3_16,3,0,
17,3,17_3,17,17_3_17,3,0,
17,3,17_3,18,17_3_18,1,0,
17,3,17_3,19,17_3_19,1,0,
17,3,17_3,20,17_3_20,2,0,
17,3,17_3,21,17_3_21,2,0,
17,3,17_3,22,17_3_22,4,0,
17,3,17_3,23,17_3_23,3,0,
17,3,17_3,24,17_3_24,4,0,
17,3,17_3,25,17_3_25,4,0,
17,3,17_3,26,17_3_26,2,0,
17,3,17_3,27,17_3_27,3,0,
17,3,17_3,28,17_3_28,3,0,
17,3,17_3,29,17_3_29,3,0,
17,3,17_3,30,17_3_30,3,0,
17,3,17_3,31,17_3_31,3,0,
17,3,17_3,32,17_3_32,5,0,
17,3,17_3,33,17_3_33,4,0,
17,3,17_3,34,17_3_34,4,0,
17,3,17_3,35,17_3_35,4,0,
17,3,17_3,36,17_3_36,5,0,
17,3,17_3,37,17_3_37,3,0,
17,3,17_3,38,17_3_38,2,0,
17,3,17_3,39,17_3_39,2,0,
17,3,17_3,40,17_3_40,3,0,
17,3,17_3,41,17_3_41,5,0,
17,3,17_3,42,17_3_42,3,0,
17,3,17_3,43,17_3_43,5,0,
17,3,17_3,44,17_3_44,4,0,
17,3,17_3,45,17_3_45,5,0,
17,3,17_3,46,17_3_46,4,0,
17,3,17_3,47,17_3_47,4,0,
17,3,17_3,48,17_3_48,4,0,
17,3,17_3,49,17_3_49,4,0,
17,3,17_3,50,17_3_50,3,0,
17,4,17_4,1,17_4_1,5,0,
17,4,17_4,2,17_4_2,4,0,
17,4,17_4,3,17_4_3,5,0,
17,4,17_4,4,17_4_4,2,0,
17,4,17_4,5,17_4_5,2,0,
17,4,17_4,6,17_4_6,4,0,
17,4,17_4,7,17_4_7,2,0,
17,4,17_4,8,17_4_8,2,0,
17,4,17_4,9,17_4_9,2,0,
17,4,17_4,10,17_4_10,3,0,
17,4,17_4,11,17_4_11,5,0,
17,4,17_4,12,17_4_12,3,0,
17,4,17_4,13,17_4_13,1,0,
17,4,17_4,14,17_4_14,3,0,
17,4,17_4,15,17_4_15,2,0,
17,4,17_4,16,17_4_16,3,0,
17,4,17_4,17,17_4_17,2,0,
17,4,17_4,18,17_4_18,4,0,
17,4,17_4,19,17_4_19,1,0,
17,4,17_4,20,17_4_20,3,0,
17,4,17_4,21,17_4_21,3,0,
17,4,17_4,22,17_4_22,4,0,
17,4,17_4,23,17_4_23,4,0,
17,4,17_4,24,17_4_24,3,0,
17,4,17_4,25,17_4_25,2,0,
17,4,17_4,26,17_4_26,2,0,
17,4,17_4,27,17_4_27,2,0,
17,4,17_4,28,17_4_28,5,0,
17,4,17_4,29,17_4_29,2,0,
17,4,17_4,30,17_4_30,4,0,
17,4,17_4,31,17_4_31,2,0,
17,4,17_4,32,17_4_32,4,0,
17,4,17_4,33,17_4_33,2,0,
17,4,17_4,34,17_4_34,5,0,
17,4,17_4,35,17_4_35,3,0,
17,4,17_4,36,17_4_36,1,0,
17,4,17_4,37,17_4_37,3,0,
17,4,17_4,38,17_4_38,3,0,
17,4,17_4,39,17_4_39,4,0,
17,4,17_4,40,17_4_40,4,0,
17,4,17_4,41,17_4_41,3,0,
17,4,17_4,42,17_4_42,5,0,
17,4,17_4,43,17_4_43,3,0,
17,4,17_4,44,17_4_44,5,0,
17,4,17_4,45,17_4_45,2,0,
17,4,17_4,46,17_4_46,3,0,
17,4,17_4,47,17_4_47,2,0,
17,4,17_4,48,17_4_48,3,0,
17,4,17_4,49,17_4_49,2,0,
17,4,17_4,50,17_4_50,5,0,
17,5,17_5,1,17_5_1,4,0,
17,5,17_5,2,17_5_2,3,0,
17,5,17_5,3,17_5_3,5,0,
17,5,17_5,4,17_5_4,2,0,
17,5,17_5,5,17_5_5,6,0,
17,5,17_5,6,17_5_6,5,0,
17,5,17_5,7,17_5_7,5,0,
17,5,17_5,8,17_5_8,4,0,
17,5,17_5,9,17_5_9,4,0,
17,5,17_5,10,17_5_10,4,0,
17,5,17_5,11,17_5_11,8,0,
17,5,17_5,12,17_5_12,4,0,
17,5,17_5,13,17_5_13,2,0,
17,5,17_5,14,17_5_14,2,0,
17,5,17_5,15,17_5_15,2,0,
17,5,17_5,16,17_5_16,4,0,
17,5,17_5,17,17_5_17,5,0,
17,5,17_5,18,17_5_18,3,0,
17,5,17_5,19,17_5_19,4,0,
17,5,17_5,20,17_5_20,3,0,
17,5,17_5,21,17_5_21,6,0,
17,5,17_5,22,17_5_22,4,0,
17,5,17_5,23,17_5_23,1,0,
17,5,17_5,24,17_5_24,1,0,
17,5,17_5,25,17_5_25,5,0,
17,5,17_5,26,17_5_26,4,0,
17,5,17_5,27,17_5_27,2,0,
17,5,17_5,28,17_5_28,1,0,
17,5,17_5,29,17_5_29,1,0,
17,5,17_5,30,17_5_30,4,0,
17,5,17_5,31,17_5_31,7,0,
17,5,17_5,32,17_5_32,3,0,
17,5,17_5,33,17_5_33,3,0,
17,5,17_5,34,17_5_34,2,0,
17,5,17_5,35,17_5_35,2,0,
17,5,17_5,36,17_5_36,4,0,
17,5,17_5,37,17_5_37,4,0,
17,5,17_5,38,17_5_38,3,0,
17,5,17_5,39,17_5_39,1,0,
17,5,17_5,40,17_5_40,4,0,
17,6,17_6,1,17_6_1,2,0,
17,6,17_6,2,17_6_2,3,0,
17,6,17_6,3,17_6_3,3,0,
17,6,17_6,4,17_6_4,5,0,
17,6,17_6,5,17_6_5,1,0,
17,6,17_6,6,17_6_6,4,0,
17,6,17_6,7,17_6_7,3,0,
17,6,17_6,8,17_6_8,5,0,
17,6,17_6,9,17_6_9,4,0,
17,6,17_6,10,17_6_10,3,0,
17,6,17_6,11,17_6_11,3,0,
17,6,17_6,12,17_6_12,3,0,
17,6,17_6,13,17_6_13,3,0,
17,6,17_6,14,17_6_14,2,0,
17,6,17_6,15,17_6_15,3,0,
17,6,17_6,16,17_6_16,3,0,
17,6,17_6,17,17_6_17,2,0,
17,6,17_6,18,17_6_18,2,0,
17,6,17_6,19,17_6_19,4,0,
17,6,17_6,20,17_6_20,3,0,
17,6,17_6,21,17_6_21,3,0,
17,6,17_6,22,17_6_22,4,0,
17,6,17_6,23,17_6_23,3,0,
17,6,17_6,24,17_6_24,2,0,
17,6,17_6,25,17_6_25,2,0,
17,6,17_6,26,17_6_26,1,0,
17,6,17_6,27,17_6_27,2,0,
17,6,17_6,28,17_6_28,1,0,
17,6,17_6,29,17_6_29,1,0,
17,6,17_6,30,17_6_30,4,0,
17,6,17_6,31,17_6_31,4,0,
17,6,17_6,32,17_6_32,4,0,
17,6,17_6,33,17_6_33,2,0,
17,6,17_6,34,17_6_34,8,0,
17,6,17_6,35,17_6_35,3,0,
17,6,17_6,36,17_6_36,3,0,
17,6,17_6,37,17_6_37,3,0,
17,6,17_6,38,17_6_38,2,0,
17,6,17_6,39,17_6_39,3,0,
17,6,17_6,40,17_6_40,2,0,
17,6,17_6,41,17_6_41,2,0,
17,6,17_6,42,17_6_42,1,0,
17,6,17_6,43,17_6_43,2,0,
17,6,17_6,44,17_6_44,2,0,
17,6,17_6,45,17_6_45,5,0,
17,6,17_6,46,17_6_46,3,0,
17,6,17_6,47,17_6_47,2,0,
17,6,17_6,48,17_6_48,3,0,
17,6,17_6,49,17_6_49,3,0,
17,6,17_6,50,17_6_50,2,0,
19,1,19_1,1,19_1_1,5,0,
19,1,19_1,2,19_1_2,4,0,
19,1,19_1,3,19_1_3,3,0,
19,1,19_1,4,19_1_4,3,0,
19,1,19_1,5,19_1_5,3,0,
19,1,19_1,6,19_1_6,3,0,
19,1,19_1,7,19_1_7,5,0,
19,1,19_1,8,19_1_8,6,0,
19,1,19_1,9,19_1_9,2,0,
19,1,19_1,10,19_1_10,3,0,
19,1,19_1,11,19_1_11,4,0,
19,1,19_1,12,19_1_12,4,0,
19,1,19_1,13,19_1_13,4,0,
19,1,19_1,14,19_1_14,4,0,
19,1,19_1,15,19_1_15,4,0,
19,1,19_1,16,19_1_16,5,0,
19,1,19_1,17,19_1_17,4,0,
19,1,19_1,18,19_1_18,3,0,
19,1,19_1,19,19_1_19,3,0,
19,1,19_1,20,19_1_20,5,0,
19,1,19_1,21,19_1_21,7,0,
19,1,19_1,22,19_1_22,2,0,
19,1,19_1,23,19_1_23,3,0,
19,1,19_1,24,19_1_24,8,0,
19,1,19_1,25,19_1_25,7,0,
19,1,19_1,26,19_1_26,2,0,
19,1,19_1,27,19_1_27,4,0,
19,1,19_1,28,19_1_28,1,0,
19,1,19_1,29,19_1_29,5,0,
19,1,19_1,30,19_1_30,5,0,
19,1,19_1,31,19_1_31,8,0,
19,1,19_1,32,19_1_32,3,0,
19,1,19_1,33,19_1_33,3,0,
19,1,19_1,34,19_1_34,3,0,
19,1,19_1,35,19_1_35,3,0,
19,1,19_1,36,19_1_36,7,0,
19,1,19_1,37,19_1_37,7,0,
19,1,19_1,38,19_1_38,4,0,
19,1,19_1,39,19_1_39,3,0,
19,1,19_1,40,19_1_40,3,0,
19,1,19_1,41,19_1_41,3,0,
19,1,19_1,42,19_1_42,7,0,
19,1,19_1,43,19_1_43,3,0,
19,1,19_1,44,19_1_44,5,0,
19,1,19_1,45,19_1_45,1,0,
19,1,19_1,46,19_1_46,1,0,
19,1,19_1,47,19_1_47,2,0,
19,1,19_1,48,19_1_48,5,0,
19,1,19_1,49,19_1_49,7,0,
19,1,19_1,50,19_1_50,2,0,
19,2,19_2,1,19_2_1,3,0,
19,2,19_2,2,19_2_2,4,0,
19,2,19_2,3,19_2_3,2,0,
19,2,19_2,4,19_2_4,1,0,
19,2,19_2,5,19_2_5,4,0,
19,2,19_2,6,19_2_6,2,0,
19,2,19_2,7,19_2_7,2,0,
19,2,19_2,8,19_2_8,3,0,
19,2,19_2,9,19_2_9,3,0,
19,2,19_2,10,19_2_10,3,0,
19,2,19_2,11,19_2_11,1,0,
19,2,19_2,12,19_2_12,2,0,
19,2,19_2,13,19_2_13,3,0,
19,2,19_2,14,19_2_14,2,0,
19,2,19_2,15,19_2_15,5,0,
19,2,19_2,16,19_2_16,4,0,
19,2,19_2,17,19_2_17,4,0,
19,2,19_2,18,19_2_18,3,0,
19,2,19_2,19,19_2_19,4,0,
19,2,19_2,20,19_2_20,2,0,
19,2,19_2,21,19_2_21,1,0,
19,2,19_2,22,19_2_22,2,0,
19,2,19_2,23,19_2_23,4,0,
19,2,19_2,24,19_2_24,5,0,
19,2,19_2,25,19_2_25,3,0,
19,2,19_2,26,19_2_26,4,0,
19,2,19_2,27,19_2_27,4,0,
19,2,19_2,28,19_2_28,4,0,
19,3,19_3,1,19_3_1,1,0,
19,3,19_3,2,19_3_2,3,0,
19,3,19_3,3,19_3_3,5,0,
19,3,19_3,4,19_3_4,3,0,
19,3,19_3,5,19_3_5,3,0,
19,3,19_3,6,19_3_6,2,0,
19,3,19_3,7,19_3_7,2,0,
19,3,19_3,8,19_3_8,2,0,
19,3,19_3,9,19_3_9,1,0,
19,3,19_3,10,19_3_10,2,0,
19,3,19_3,11,19_3_11,3,0,
19,3,19_3,12,19_3_12,3,0,
19,3,19_3,13,19_3_13,2,0,
19,3,19_3,14,19_3_14,3,0,
19,3,19_3,15,19_3_15,2,0,
19,3,19_3,16,19_3_16,2,0,
19,3,19_3,17,19_3_17,1,0,
19,3,19_3,18,19_3_18,2,0,
19,3,19_3,19,19_3_19,2,0,
19,3,19_3,20,19_3_20,3,0,
19,3,19_3,21,19_3_21,2,0,
19,3,19_3,22,19_3_22,1,0,
19,3,19_3,23,19_3_23,1,0,
19,3,19_3,24,19_3_24,1,0,
19,3,19_3,25,19_3_25,5,0,
19,3,19_3,26,19_3_26,3,0,
19,3,19_3,27,19_3_27,1,0,
19,3,19_3,28,19_3_28,1,0,
19,3,19_3,29,19_3_29,1,0,
19,3,19_3,30,19_3_30,3,0,
19,3,19_3,31,19_3_31,2,0,
19,3,19_3,32,19_3_32,3,0,
19,3,19_3,33,19_3_33,3,0,
19,3,19_3,34,19_3_34,2,0,
19,3,19_3,35,19_3_35,1,0,
19,3,19_3,36,19_3_36,1,0,
19,3,19_3,37,19_3_37,4,0,
19,3,19_3,38,19_3_38,2,0,
19,3,19_3,39,19_3_39,1,0,
19,3,19_3,40,19_3_40,1,0,
19,3,19_3,41,19_3_41,1,0,
19,3,19_3,42,19_3_42,1,0,
19,3,19_3,43,19_3_43,3,0,
19,3,19_3,44,19_3_44,2,0,
19,3,19_3,45,19_3_45,2,0,
19,3,19_3,46,19_3_46,1,0,
19,3,19_3,47,19_3_47,3,0,
19,3,19_3,48,19_3_48,2,0,
19,3,19_3,49,19_3_49,2,0,
19,3,19_3,50,19_3_50,4,0,
19,4,19_4,1,19_4_1,2,0,
19,4,19_4,2,19_4_2,9,0,
19,4,19_4,3,19_4_3,6,0,
19,4,19_4,4,19_4_4,6,0,
19,4,19_4,5,19_4_5,10,0,
19,4,19_4,6,19_4_6,5,0,
19,4,19_4,7,19_4_7,3,0,
19,4,19_4,8,19_4_8,8,0,
19,4,19_4,9,19_4_9,5,0,
19,4,19_4,10,19_4_10,4,0,
19,4,19_4,11,19_4_11,4,0,
19,4,19_4,12,19_4_12,1,0,
19,4,19_4,13,19_4_13,3,0,
19,4,19_4,14,19_4_14,5,0,
19,4,19_4,15,19_4_15,5,0,
19,4,19_4,16,19_4_16,4,0,
19,4,19_4,17,19_4_17,7,0,
19,4,19_4,18,19_4_18,4,0,
19,4,19_4,19,19_4_19,2,0,
19,4,19_4,20,19_4_20,2,0,
19,4,19_4,21,19_4_21,3,0,
19,4,19_4,22,19_4_22,2,0,
19,4,19_4,23,19_4_23,2,0,
19,4,19_4,24,19_4_24,5,0,
19,4,19_4,25,19_4_25,3,0,
19,4,19_4,26,19_4_26,2,0,
19,4,19_4,27,19_4_27,4,0,
19,4,19_4,28,19_4_28,3,0,
19,4,19_4,29,19_4_29,4,0,
19,4,19_4,30,19_4_30,2,0,
19,4,19_4,31,19_4_31,2,0,
19,4,19_4,32,19_4_32,1,0,
19,4,19_4,33,19_4_33,1,0,
19,4,19_4,34,19_4_34,6,0,
19,4,19_4,35,19_4_35,7,0,
19,4,19_4,36,19_4_36,4,0,
19,4,19_4,37,19_4_37,3,0,
19,4,19_4,38,19_4_38,3,0,
19,4,19_4,39,19_4_39,2,0,
19,4,19_4,40,19_4_40,4,0,
19,4,19_4,41,19_4_41,3,0,
19,4,19_4,42,19_4_42,1,0,
19,4,19_4,43,19_4_43,7,0,
19,4,19_4,44,19_4_44,4,0,
19,4,19_4,45,19_4_45,3,0,
19,4,19_4,46,19_4_46,4,0,
19,4,19_4,47,19_4_47,2,0,
19,4,19_4,48,19_4_48,2,0,
19,4,19_4,49,19_4_49,1,0,
19,4,19_4,50,19_4_50,1,0,
19,5,19_5,1,19_5_1,3,0,
19,5,19_5,2,19_5_2,1,0,
19,5,19_5,3,19_5_3,3,0,
19,5,19_5,4,19_5_4,3,0,
19,5,19_5,5,19_5_5,4,0,
19,5,19_5,6,19_5_6,5,0,
19,5,19_5,7,19_5_7,3,0,
19,5,19_5,8,19_5_8,3,0,
19,5,19_5,9,19_5_9,2,0,
19,5,19_5,10,19_5_10,5,0,
19,5,19_5,11,19_5_11,2,0,
19,5,19_5,12,19_5_12,3,0,
19,5,19_5,13,19_5_13,4,0,
19,5,19_5,14,19_5_14,3,0,
19,5,19_5,15,19_5_15,5,0,
19,5,19_5,16,19_5_16,3,0,
19,5,19_5,17,19_5_17,2,0,
19,5,19_5,18,19_5_18,4,0,
19,5,19_5,19,19_5_19,2,0,
19,5,19_5,20,19_5_20,6,0,
19,5,19_5,21,19_5_21,5,0,
19,5,19_5,22,19_5_22,3,0,
19,5,19_5,23,19_5_23,4,0,
19,5,19_5,24,19_5_24,4,0,
19,5,19_5,25,19_5_25,1,0,
19,5,19_5,26,19_5_26,5,0,
19,5,19_5,27,19_5_27,2,0,
19,5,19_5,28,19_5_28,2,0,
19,5,19_5,29,19_5_29,5,0,
19,5,19_5,30,19_5_30,2,0,
19,5,19_5,31,19_5_31,1,0,
19,5,19_5,32,19_5_32,2,0,
19,5,19_5,33,19_5_33,2,0,
19,5,19_5,34,19_5_34,1,0,
19,5,19_5,35,19_5_35,2,0,
19,5,19_5,36,19_5_36,2,0,
19,5,19_5,37,19_5_37,2,0,
19,5,19_5,38,19_5_38,2,0,
19,5,19_5,39,19_5_39,4,0,
19,5,19_5,40,19_5_40,3,0,
19,5,19_5,41,19_5_41,5,0,
19,5,19_5,42,19_5_42,1,0,
19,5,19_5,43,19_5_43,5,0,
19,5,19_5,44,19_5_44,1,0,
19,5,19_5,45,19_5_45,2,0,
19,5,19_5,46,19_5_46,3,0,
19,5,19_5,47,19_5_47,3,0,
19,5,19_5,48,19_5_48,4,0,
19,5,19_5,49,19_5_49,3,0,
19,5,19_5,50,19_5_50,6,0,
19,6,19_6,1,19_6_1,6,0,
19,6,19_6,2,19_6_2,6,0,
19,6,19_6,3,19_6_3,5,0,
19,6,19_6,4,19_6_4,7,0,
19,6,19_6,5,19_6_5,3,0,
19,6,19_6,6,19_6_6,2,0,
19,6,19_6,7,19_6_7,3,0,
19,6,19_6,8,19_6_8,6,0,
19,6,19_6,9,19_6_9,3,0,
19,6,19_6,10,19_6_10,3,0,
19,6,19_6,11,19_6_11,6,0,
19,6,19_6,12,19_6_12,5,0,
19,6,19_6,13,19_6_13,5,0,
19,6,19_6,14,19_6_14,5,0,
19,6,19_6,15,19_6_15,5,0,
19,6,19_6,16,19_6_16,5,0,
19,6,19_6,17,19_6_17,5,0,
19,6,19_6,18,19_6_18,8,0,
19,6,19_6,19,19_6_19,9,0,
19,6,19_6,20,19_6_20,9,0,
19,6,19_6,21,19_6_21,5,0,
19,6,19_6,22,19_6_22,4,0,
19,6,19_6,23,19_6_23,5,0,
19,6,19_6,24,19_6_24,7,0,
19,6,19_6,25,19_6_25,7,0,
19,6,19_6,26,19_6_26,3,0,
19,6,19_6,27,19_6_27,3,0,
19,6,19_6,28,19_6_28,3,0,
19,6,19_6,29,19_6_29,1,0,
19,6,19_6,30,19_6_30,3,0,
19,6,19_6,31,19_6_31,2,0,
19,6,19_6,32,19_6_32,6,0,
19,6,19_6,33,19_6_33,4,0,
19,6,19_6,34,19_6_34,3,0,
19,6,19_6,35,19_6_35,6,0,
19,6,19_6,36,19_6_36,5,0,
19,6,19_6,37,19_6_37,3,0,
19,6,19_6,38,19_6_38,3,0,
19,6,19_6,39,19_6_39,5,0,
19,6,19_6,40,19_6_40,3,0,
19,6,19_6,41,19_6_41,5,0,
19,6,19_6,42,19_6_42,1,0,
19,6,19_6,43,19_6_43,3,0,
19,6,19_6,44,19_6_44,3,0,
19,6,19_6,45,19_6_45,5,0,
19,6,19_6,46,19_6_46,4,0,
19,6,19_6,47,19_6_47,1,0,
19,6,19_6,48,19_6_48,5,0,
19,6,19_6,49,19_6_49,4,0,
19,6,19_6,50,19_6_50,5,0,
25,1,25_1,1,25_1_1,4,0,
25,1,25_1,2,25_1_2,7,0,
25,1,25_1,3,25_1_3,6,0,
25,1,25_1,4,25_1_4,6,0,
25,1,25_1,5,25_1_5,4,0,
25,1,25_1,6,25_1_6,5,0,
25,1,25_1,7,25_1_7,6,0,
25,1,25_1,8,25_1_8,5,0,
25,1,25_1,9,25_1_9,5,0,
25,1,25_1,10,25_1_10,5,0,
25,1,25_1,11,25_1_11,5,0,
25,1,25_1,12,25_1_12,5,0,
25,1,25_1,13,25_1_13,5,0,
25,1,25_1,14,25_1_14,6,0,
25,1,25_1,15,25_1_15,5,0,
25,1,25_1,16,25_1_16,3,0,
25,1,25_1,17,25_1_17,3,0,
25,1,25_1,18,25_1_18,2,0,
25,1,25_1,19,25_1_19,4,0,
25,1,25_1,20,25_1_20,4,0,
25,1,25_1,21,25_1_21,6,0,
25,1,25_1,22,25_1_22,5,0,
25,1,25_1,23,25_1_23,4,0,
25,1,25_1,24,25_1_24,4,0,
25,1,25_1,25,25_1_25,5,0,
25,1,25_1,26,25_1_26,7,0,
25,1,25_1,27,25_1_27,6,0,
25,1,25_1,28,25_1_28,4,0,
25,1,25_1,29,25_1_29,4,0,
25,1,25_1,30,25_1_30,4,0,
25,1,25_1,31,25_1_31,4,0,
25,1,25_1,32,25_1_32,3,0,
25,1,25_1,33,25_1_33,2,0,
25,1,25_1,34,25_1_34,3,0,
25,1,25_1,35,25_1_35,2,0,
25,1,25_1,36,25_1_36,3,0,
25,1,25_1,37,25_1_37,3,0,
25,1,25_1,38,25_1_38,4,0,
25,1,25_1,39,25_1_39,2,0,
25,1,25_1,40,25_1_40,8,0,
25,1,25_1,41,25_1_41,6,0,
25,1,25_1,42,25_1_42,6,0,
25,1,25_1,43,25_1_43,6,0,
25,1,25_1,44,25_1_44,4,0,
25,1,25_1,45,25_1_45,3,0,
25,1,25_1,46,25_1_46,3,0,
25,1,25_1,47,25_1_47,3,0,
25,1,25_1,48,25_1_48,7,0,
25,1,25_1,49,25_1_49,2,0,
25,1,25_1,50,25_1_50,5,0,
25,2,25_2,1,25_2_1,7,0,
25,2,25_2,2,25_2_2,3,0,
25,2,25_2,3,25_2_3,3,0,
25,2,25_2,4,25_2_4,3,0,
25,2,25_2,5,25_2_5,3,0,
25,2,25_2,6,25_2_6,4,0,
25,2,25_2,7,25_2_7,3,0,
25,2,25_2,8,25_2_8,1,0,
25,2,25_2,9,25_2_9,1,0,
25,2,25_2,10,25_2_10,1,0,
25,2,25_2,11,25_2_11,1,0,
25,2,25_2,12,25_2_12,1,0,
25,2,25_2,13,25_2_13,2,0,
25,2,25_2,14,25_2_14,2,0,
25,2,25_2,15,25_2_15,2,0,
25,2,25_2,16,25_2_16,1,0,
25,2,25_2,17,25_2_17,3,0,
25,2,25_2,18,25_2_18,4,0,
25,2,25_2,19,25_2_19,1,0,
25,2,25_2,20,25_2_20,1,0,
25,2,25_2,21,25_2_21,1,0,
25,2,25_2,22,25_2_22,1,0,
25,2,25_2,23,25_2_23,2,0,
25,2,25_2,24,25_2_24,3,0,
25,2,25_2,25,25_2_25,1,0,
25,2,25_2,26,25_2_26,1,0,
25,2,25_2,27,25_2_27,2,0,
25,2,25_2,28,25_2_28,2,0,
25,2,25_2,29,25_2_29,3,0,
25,2,25_2,30,25_2_30,2,0,
25,2,25_2,31,25_2_31,3,0,
25,2,25_2,32,25_2_32,2,0,
25,2,25_2,33,25_2_33,2,0,
25,2,25_2,34,25_2_34,2,0,
25,2,25_2,35,25_2_35,1,0,
25,2,25_2,36,25_2_36,3,0,
25,2,25_2,37,25_2_37,2,0,
25,2,25_2,38,25_2_38,1,0,
25,2,25_2,39,25_2_39,1,0,
25,2,25_2,40,25_2_40,1,0,
25,2,25_2,41,25_2_41,2,0,
25,2,25_2,42,25_2_42,3,0,
25,2,25_2,43,25_2_43,2,0,
25,2,25_2,44,25_2_44,2,0,
25,2,25_2,45,25_2_45,2,0,
25,2,25_2,46,25_2_46,1,0,
25,2,25_2,47,25_2_47,1,0,
25,2,25_2,48,25_2_48,4,0,
25,2,25_2,49,25_2_49,4,0,
25,2,25_2,50,25_2_50,2,0,
25,3,25_3,1,25_3_1,5,0,
25,3,25_3,2,25_3_2,4,0,
25,3,25_3,3,25_3_3,3,0,
25,3,25_3,4,25_3_4,4,0,
25,3,25_3,5,25_3_5,4,0,
25,3,25_3,6,25_3_6,3,0,
25,3,25_3,7,25_3_7,5,0,
25,3,25_3,8,25_3_8,7,0,
25,3,25_3,9,25_3_9,3,0,
25,3,25_3,10,25_3_10,4,0,
25,3,25_3,11,25_3_11,4,0,
25,3,25_3,12,25_3_12,5,0,
25,3,25_3,13,25_3_13,3,0,
25,3,25_3,14,25_3_14,5,0,
25,3,25_3,15,25_3_15,3,0,
25,3,25_3,16,25_3_16,2,0,
25,3,25_3,17,25_3_17,3,0,
25,3,25_3,18,25_3_18,4,0,
25,3,25_3,19,25_3_19,5,0,
25,3,25_3,20,25_3_20,3,0,
25,3,25_3,21,25_3_21,3,0,
25,3,25_3,22,25_3_22,5,0,
25,3,25_3,23,25_3_23,5,0,
25,3,25_3,24,25_3_24,4,0,
25,3,25_3,25,25_3_25,2,0,
25,3,25_3,26,25_3_26,3,0,
25,3,25_3,27,25_3_27,4,0,
25,3,25_3,28,25_3_28,4,0,
25,3,25_3,29,25_3_29,3,0,
25,3,25_3,30,25_3_30,4,0,
25,3,25_3,31,25_3_31,4,0,
25,3,25_3,32,25_3_32,1,0,
25,3,25_3,33,25_3_33,2,0,
25,3,25_3,34,25_3_34,3,0,
25,3,25_3,35,25_3_35,4,0,
25,3,25_3,36,25_3_36,4,0,
25,3,25_3,37,25_3_37,5,0,
25,3,25_3,38,25_3_38,3,0,
25,3,25_3,39,25_3_39,4,0,
25,3,25_3,40,25_3_40,4,0,
25,3,25_3,41,25_3_41,5,0,
25,3,25_3,42,25_3_42,5,0,
25,3,25_3,43,25_3_43,4,0,
25,3,25_3,44,25_3_44,3,0,
25,3,25_3,45,25_3_45,1,0,
25,3,25_3,46,25_3_46,3,0,
25,3,25_3,47,25_3_47,3,0,
25,3,25_3,48,25_3_48,3,0,
25,3,25_3,49,25_3_49,4,0,
25,3,25_3,50,25_3_50,4,0,
25,4,25_4,1,25_4_1,4,0,
25,4,25_4,2,25_4_2,3,0,
25,4,25_4,3,25_4_3,4,0,
25,4,25_4,4,25_4_4,5,0,
25,4,25_4,5,25_4_5,4,0,
25,4,25_4,6,25_4_6,4,0,
25,4,25_4,7,25_4_7,3,0,
25,4,25_4,8,25_4_8,4,0,
25,4,25_4,9,25_4_9,2,0,
25,4,25_4,10,25_4_10,3,0,
25,4,25_4,11,25_4_11,2,0,
25,4,25_4,12,25_4_12,2,0,
25,4,25_4,13,25_4_13,1,0,
25,4,25_4,14,25_4_14,2,0,
25,4,25_4,15,25_4_15,4,0,
25,4,25_4,16,25_4_16,5,0,
25,4,25_4,17,25_4_17,2,0,
25,4,25_4,18,25_4_18,3,0,
25,4,25_4,19,25_4_19,6,0,
25,4,25_4,20,25_4_20,5,0,
25,4,25_4,21,25_4_21,4,0,
25,4,25_4,22,25_4_22,1,0,
25,4,25_4,23,25_4_23,1,0,
25,4,25_4,24,25_4_24,5,0,
25,4,25_4,25,25_4_25,3,0,
25,4,25_4,26,25_4_26,3,0,
25,4,25_4,27,25_4_27,2,0,
25,4,25_4,28,25_4_28,2,0,
25,4,25_4,29,25_4_29,3,0,
25,4,25_4,30,25_4_30,7,0,
25,4,25_4,31,25_4_31,5,0,
25,4,25_4,32,25_4_32,4,0,
25,4,25_4,33,25_4_33,5,0,
25,4,25_4,34,25_4_34,2,0,
25,4,25_4,35,25_4_35,3,0,
25,4,25_4,36,25_4_36,4,0,
25,4,25_4,37,25_4_37,3,0,
25,4,25_4,38,25_4_38,5,0,
25,4,25_4,39,25_4_39,2,0,
25,4,25_4,40,25_4_40,5,0,
25,4,25_4,41,25_4_41,1,0,
25,4,25_4,42,25_4_42,4,0,
25,4,25_4,43,25_4_43,4,0,
25,4,25_4,44,25_4_44,2,0,
25,4,25_4,45,25_4_45,3,0,
25,4,25_4,46,25_4_46,4,0,
25,4,25_4,47,25_4_47,3,0,
25,4,25_4,48,25_4_48,2,0,
25,4,25_4,49,25_4_49,2,0,
25,4,25_4,50,25_4_50,3,0,
25,5,25_5,1,25_5_1,5,0,
25,5,25_5,2,25_5_2,5,0,
25,5,25_5,3,25_5_3,2,0,
25,5,25_5,4,25_5_4,3,0,
25,5,25_5,5,25_5_5,6,0,
25,5,25_5,6,25_5_6,3,0,
25,5,25_5,7,25_5_7,1,0,
25,5,25_5,8,25_5_8,5,0,
25,5,25_5,9,25_5_9,4,0,
25,5,25_5,10,25_5_10,3,0,
25,5,25_5,11,25_5_11,4,0,
25,5,25_5,12,25_5_12,4,0,
25,5,25_5,13,25_5_13,4,0,
25,5,25_5,14,25_5_14,5,0,
25,5,25_5,15,25_5_15,2,0,
25,5,25_5,16,25_5_16,3,0,
25,5,25_5,17,25_5_17,2,0,
25,5,25_5,18,25_5_18,4,0,
25,5,25_5,19,25_5_19,4,0,
25,5,25_5,20,25_5_20,4,0,
25,5,25_5,21,25_5_21,4,0,
25,5,25_5,22,25_5_22,5,0,
25,5,25_5,23,25_5_23,4,0,
25,5,25_5,24,25_5_24,2,0,
25,5,25_5,25,25_5_25,2,0,
25,5,25_5,26,25_5_26,3,0,
25,5,25_5,27,25_5_27,3,0,
25,5,25_5,28,25_5_28,1,0,
25,5,25_5,29,25_5_29,1,0,
25,5,25_5,30,25_5_30,4,0,
25,5,25_5,31,25_5_31,3,0,
25,5,25_5,32,25_5_32,1,0,
25,5,25_5,33,25_5_33,2,0,
25,5,25_5,34,25_5_34,2,0,
25,5,25_5,35,25_5_35,3,0,
25,5,25_5,36,25_5_36,5,0,
25,5,25_5,37,25_5_37,5,0,
25,5,25_5,38,25_5_38,3,0,
25,5,25_5,39,25_5_39,3,0,
25,5,25_5,40,25_5_40,6,0,
25,5,25_5,41,25_5_41,5,0,
25,5,25_5,42,25_5_42,5,0,
25,5,25_5,43,25_5_43,4,0,
25,5,25_5,44,25_5_44,5,0,
25,5,25_5,45,25_5_45,2,0,
25,5,25_5,46,25_5_46,3,0,
25,5,25_5,47,25_5_47,3,0,
25,5,25_5,48,25_5_48,3,0,
25,5,25_5,49,25_5_49,3,0,
25,5,25_5,50,25_5_50,3,0,
25,6,25_6,1,25_6_1,3,0,
25,6,25_6,2,25_6_2,4,0,
25,6,25_6,3,25_6_3,4,0,
25,6,25_6,4,25_6_4,4,0,
25,6,25_6,5,25_6_5,5,0,
25,6,25_6,6,25_6_6,2,0,
25,6,25_6,7,25_6_7,7,0,
25,6,25_6,8,25_6_8,3,0,
25,6,25_6,9,25_6_9,2,0,
25,6,25_6,10,25_6_10,4,0,
25,6,25_6,11,25_6_11,4,0,
25,6,25_6,12,25_6_12,2,0,
25,6,25_6,13,25_6_13,5,0,
25,6,25_6,14,25_6_14,3,0,
25,6,25_6,15,25_6_15,6,0,
25,6,25_6,16,25_6_16,4,0,
25,6,25_6,17,25_6_17,4,0,
25,6,25_6,18,25_6_18,3,0,
25,6,25_6,19,25_6_19,5,0,
25,6,25_6,20,25_6_20,3,0,
25,6,25_6,21,25_6_21,3,0,
25,6,25_6,22,25_6_22,4,0,
25,6,25_6,23,25_6_23,4,0,
25,6,25_6,24,25_6_24,5,0,
25,6,25_6,25,25_6_25,3,0,
25,6,25_6,26,25_6_26,3,0,
25,6,25_6,27,25_6_27,3,0,
25,6,25_6,28,25_6_28,4,0,
25,6,25_6,29,25_6_29,4,0,
25,6,25_6,30,25_6_30,4,0,
25,6,25_6,31,25_6_31,5,0,
25,6,25_6,32,25_6_32,7,0,
25,6,25_6,33,25_6_33,6,0,
25,6,25_6,34,25_6_34,6,0,
25,6,25_6,35,25_6_35,5,0,
25,6,25_6,36,25_6_36,6,0,
25,6,25_6,37,25_6_37,4,0,
25,6,25_6,38,25_6_38,3,0,
25,6,25_6,39,25_6_39,3,0,
25,6,25_6,40,25_6_40,5,0,
25,6,25_6,41,25_6_41,4,0,
25,6,25_6,42,25_6_42,3,0,
25,6,25_6,43,25_6_43,2,0,
25,6,25_6,44,25_6_44,4,0,
25,6,25_6,45,25_6_45,3,0,
25,6,25_6,46,25_6_46,3,0,
25,6,25_6,47,25_6_47,2,0,
25,6,25_6,48,25_6_48,4,0,
25,6,25_6,49,25_6_49,4,0,
25,6,25_6,50,25_6_50,5,0,
27,1,27_1,1,27_1_1,7,0,
27,1,27_1,2,27_1_2,3,0,
27,1,27_1,3,27_1_3,3,0,
27,1,27_1,4,27_1_4,3,0,
27,1,27_1,5,27_1_5,3,0,
27,1,27_1,6,27_1_6,4,0,
27,1,27_1,7,27_1_7,3,0,
27,1,27_1,8,27_1_8,1,0,
27,1,27_1,9,27_1_9,6,0,
27,1,27_1,10,27_1_10,4,0,
27,1,27_1,11,27_1_11,4,0,
27,1,27_1,12,27_1_12,4,0,
27,1,27_1,13,27_1_13,4,0,
27,1,27_1,14,27_1_14,4,0,
27,1,27_1,15,27_1_15,1,0,
27,1,27_1,16,27_1_16,2,0,
27,1,27_1,17,27_1_17,3,0,
27,1,27_1,18,27_1_18,3,0,
27,1,27_1,19,27_1_19,3,0,
27,1,27_1,20,27_1_20,6,0,
27,1,27_1,21,27_1_21,2,0,
27,1,27_1,22,27_1_22,4,0,
27,1,27_1,23,27_1_23,3,0,
27,1,27_1,24,27_1_24,2,0,
27,1,27_1,25,27_1_25,5,0,
27,1,27_1,26,27_1_26,3,0,
27,1,27_1,27,27_1_27,3,0,
27,1,27_1,28,27_1_28,4,0,
27,1,27_1,29,27_1_29,3,0,
27,1,27_1,30,27_1_30,5,0,
27,1,27_1,31,27_1_31,4,0,
27,1,27_1,32,27_1_32,5,0,
27,1,27_1,33,27_1_33,3,0,
27,1,27_1,34,27_1_34,1,0,
27,1,27_1,35,27_1_35,4,0,
27,1,27_1,36,27_1_36,6,0,
27,1,27_1,37,27_1_37,2,0,
27,1,27_1,38,27_1_38,6,0,
27,1,27_1,39,27_1_39,4,0,
27,1,27_1,40,27_1_40,3,0,
27,1,27_1,41,27_1_41,4,0,
27,1,27_1,42,27_1_42,5,0,
27,1,27_1,43,27_1_43,4,0,
27,1,27_1,44,27_1_44,3,0,
27,1,27_1,45,27_1_45,5,0,
27,1,27_1,46,27_1_46,6,0,
27,1,27_1,47,27_1_47,6,0,
27,1,27_1,48,27_1_48,10,0,
27,1,27_1,49,27_1_49,8,0,
27,1,27_1,50,27_1_50,3,0,
27,2,27_2,1,27_2_1,4,0,
27,2,27_2,2,27_2_2,6,0,
27,2,27_2,3,27_2_3,6,0,
27,2,27_2,4,27_2_4,4,0,
27,2,27_2,5,27_2_5,3,0,
27,2,27_2,6,27_2_6,3,0,
27,2,27_2,7,27_2_7,4,0,
27,2,27_2,8,27_2_8,2,0,
27,2,27_2,9,27_2_9,2,0,
27,2,27_2,10,27_2_10,2,0,
27,2,27_2,11,27_2_11,1,0,
27,2,27_2,12,27_2_12,4,0,
27,2,27_2,13,27_2_13,4,0,
27,2,27_2,14,27_2_14,5,0,
27,2,27_2,15,27_2_15,3,0,
27,2,27_2,16,27_2_16,3,0,
27,2,27_2,17,27_2_17,4,0,
27,2,27_2,18,27_2_18,4,0,
27,2,27_2,19,27_2_19,5,0,
27,2,27_2,20,27_2_20,4,0,
27,2,27_2,21,27_2_21,3,0,
27,2,27_2,22,27_2_22,2,0,
27,2,27_2,23,27_2_23,4,0,
27,2,27_2,24,27_2_24,3,0,
27,2,27_2,25,27_2_25,2,0,
27,2,27_2,26,27_2_26,2,0,
27,2,27_2,27,27_2_27,3,0,
27,2,27_2,28,27_2_28,2,0,
27,2,27_2,29,27_2_29,3,0,
27,2,27_2,30,27_2_30,2,0,
27,2,27_2,31,27_2_31,3,0,
27,2,27_2,32,27_2_32,1,0,
27,2,27_2,33,27_2_33,1,0,
27,2,27_2,34,27_2_34,3,0,
27,2,27_2,35,27_2_35,3,0,
27,2,27_2,36,27_2_36,5,0,
27,2,27_2,37,27_2_37,2,0,
27,2,27_2,38,27_2_38,3,0,
27,2,27_2,39,27_2_39,3,0,
27,2,27_2,40,27_2_40,3,0,
27,2,27_2,41,27_2_41,5,0,
27,2,27_2,42,27_2_42,2,0,
27,2,27_2,43,27_2_43,2,0,
27,2,27_2,44,27_2_44,1,0,
27,2,27_2,45,27_2_45,2,0,
27,2,27_2,46,27_2_46,2,0,
27,2,27_2,47,27_2_47,1,0,
27,2,27_2,48,27_2_48,1,0,
27,2,27_2,49,27_2_49,1,0,
27,2,27_2,50,27_2_50,1,0,
27,3,27_3,1,27_3_1,7,0,
27,3,27_3,2,27_3_2,4,0,
27,3,27_3,3,27_3_3,5,0,
27,3,27_3,4,27_3_4,2,0,
27,3,27_3,5,27_3_5,2,0,
27,3,27_3,6,27_3_6,3,0,
27,3,27_3,7,27_3_7,1,0,
27,3,27_3,8,27_3_8,1,0,
27,3,27_3,9,27_3_9,3,0,
27,3,27_3,10,27_3_10,2,0,
27,3,27_3,11,27_3_11,2,0,
27,3,27_3,12,27_3_12,4,0,
27,3,27_3,13,27_3_13,4,0,
27,3,27_3,14,27_3_14,6,0,
27,3,27_3,15,27_3_15,4,0,
27,3,27_3,16,27_3_16,2,0,
27,3,27_3,17,27_3_17,3,0,
27,3,27_3,18,27_3_18,2,0,
27,3,27_3,19,27_3_19,3,0,
27,3,27_3,20,27_3_20,2,0,
27,3,27_3,21,27_3_21,3,0,
27,3,27_3,22,27_3_22,1,0,
27,3,27_3,23,27_3_23,2,0,
27,3,27_3,24,27_3_24,5,0,
27,3,27_3,25,27_3_25,2,0,
27,3,27_3,26,27_3_26,5,0,
27,3,27_3,27,27_3_27,4,0,
27,3,27_3,28,27_3_28,3,0,
27,3,27_3,29,27_3_29,2,0,
27,3,27_3,30,27_3_30,2,0,
27,3,27_3,31,27_3_31,1,0,
27,3,27_3,32,27_3_32,2,0,
27,3,27_3,33,27_3_33,4,0,
27,3,27_3,34,27_3_34,2,0,
27,3,27_3,35,27_3_35,2,0,
27,3,27_3,36,27_3_36,2,0,
27,3,27_3,37,27_3_37,2,0,
27,3,27_3,38,27_3_38,3,0,
27,3,27_3,39,27_3_39,3,0,
27,3,27_3,40,27_3_40,4,0,
27,3,27_3,41,27_3_41,2,0,
27,3,27_3,42,27_3_42,2,0,
27,3,27_3,43,27_3_43,3,0,
27,3,27_3,44,27_3_44,4,0,
27,3,27_3,45,27_3_45,3,0,
27,3,27_3,46,27_3_46,3,0,
27,3,27_3,47,27_3_47,2,0,
27,3,27_3,48,27_3_48,5,0,
27,3,27_3,49,27_3_49,4,0,
27,3,27_3,50,27_3_50,2,0,
27,4,27_4,1,27_4_1,3,0,
27,4,27_4,2,27_4_2,2,0,
27,4,27_4,3,27_4_3,5,0,
27,4,27_4,4,27_4_4,3,0,
27,4,27_4,5,27_4_5,2,0,
27,4,27_4,6,27_4_6,4,0,
27,4,27_4,7,27_4_7,2,0,
27,4,27_4,8,27_4_8,3,0,
27,4,27_4,9,27_4_9,5,0,
27,4,27_4,10,27_4_10,2,0,
27,4,27_4,11,27_4_11,3,0,
27,4,27_4,12,27_4_12,2,0,
27,4,27_4,13,27_4_13,2,0,
27,4,27_4,14,27_4_14,2,0,
27,4,27_4,15,27_4_15,2,0,
27,4,27_4,16,27_4_16,2,0,
27,4,27_4,17,27_4_17,2,0,
27,4,27_4,18,27_4_18,5,0,
27,4,27_4,19,27_4_19,3,0,
27,4,27_4,20,27_4_20,1,0,
27,4,27_4,21,27_4_21,4,0,
27,4,27_4,22,27_4_22,5,0,
27,4,27_4,23,27_4_23,4,0,
27,4,27_4,24,27_4_24,3,0,
27,4,27_4,25,27_4_25,2,0,
27,4,27_4,26,27_4_26,2,0,
27,4,27_4,27,27_4_27,2,0,
27,4,27_4,28,27_4_28,2,0,
27,4,27_4,29,27_4_29,2,0,
27,4,27_4,30,27_4_30,3,0,
27,4,27_4,31,27_4_31,3,0,
27,4,27_4,32,27_4_32,2,0,
27,4,27_4,33,27_4_33,1,0,
27,4,27_4,34,27_4_34,3,0,
27,4,27_4,35,27_4_35,4,0,
27,4,27_4,36,27_4_36,3,0,
27,4,27_4,37,27_4_37,1,0,
27,4,27_4,38,27_4_38,1,0,
27,4,27_4,39,27_4_39,4,0,
27,4,27_4,40,27_4_40,2,0,
27,4,27_4,41,27_4_41,3,0,
27,4,27_4,42,27_4_42,1,0,
27,4,27_4,43,27_4_43,2,0,
27,4,27_4,44,27_4_44,3,0,
27,4,27_4,45,27_4_45,2,0,
27,4,27_4,46,27_4_46,5,0,
27,4,27_4,47,27_4_47,2,0,
27,4,27_4,48,27_4_48,1,0,
27,4,27_4,49,27_4_49,3,0,
27,4,27_4,50,27_4_50,2,0,
27,5,27_5,1,27_5_1,5,0,
27,5,27_5,2,27_5_2,5,0,
27,5,27_5,3,27_5_3,4,0,
27,5,27_5,4,27_5_4,3,0,
27,5,27_5,5,27_5_5,5,0,
27,5,27_5,6,27_5_6,2,0,
27,5,27_5,7,27_5_7,5,0,
27,5,27_5,8,27_5_8,5,0,
27,5,27_5,9,27_5_9,3,0,
27,5,27_5,10,27_5_10,1,0,
27,5,27_5,11,27_5_11,5,0,
27,5,27_5,12,27_5_12,2,0,
27,5,27_5,13,27_5_13,3,0,
27,5,27_5,14,27_5_14,7,0,
27,5,27_5,15,27_5_15,1,0,
27,5,27_5,16,27_5_16,1,0,
27,5,27_5,17,27_5_17,3,0,
27,5,27_5,18,27_5_18,2,0,
27,5,27_5,19,27_5_19,3,0,
27,5,27_5,20,27_5_20,5,0,
27,5,27_5,21,27_5_21,2,0,
27,5,27_5,22,27_5_22,2,0,
27,5,27_5,23,27_5_23,3,0,
27,5,27_5,24,27_5_24,2,0,
27,5,27_5,25,27_5_25,2,0,
27,5,27_5,26,27_5_26,4,0,
27,5,27_5,27,27_5_27,2,0,
27,5,27_5,28,27_5_28,3,0,
27,5,27_5,29,27_5_29,1,0,
27,5,27_5,30,27_5_30,2,0,
27,5,27_5,31,27_5_31,3,0,
27,5,27_5,32,27_5_32,4,0,
27,5,27_5,33,27_5_33,1,0,
27,5,27_5,34,27_5_34,1,0,
27,5,27_5,35,27_5_35,2,0,
27,5,27_5,36,27_5_36,2,0,
27,5,27_5,37,27_5_37,1,0,
27,5,27_5,38,27_5_38,1,0,
27,5,27_5,39,27_5_39,3,0,
27,5,27_5,40,27_5_40,2,0,
27,5,27_5,41,27_5_41,4,0,
27,5,27_5,42,27_5_42,2,0,
27,5,27_5,43,27_5_43,6,0,
27,5,27_5,44,27_5_44,3,0,
27,5,27_5,45,27_5_45,2,0,
27,5,27_5,46,27_5_46,5,0,
27,5,27_5,47,27_5_47,2,0,
27,5,27_5,48,27_5_48,2,0,
27,5,27_5,49,27_5_49,2,0,
27,5,27_5,50,27_5_50,1,0,
27,6,27_6,1,27_6_1,1,0,
27,6,27_6,2,27_6_2,2,0,
27,6,27_6,3,27_6_3,4,0,
27,6,27_6,4,27_6_4,1,0,
27,6,27_6,5,27_6_5,3,0,
27,6,27_6,6,27_6_6,2,0,
27,6,27_6,7,27_6_7,3,0,
27,6,27_6,8,27_6_8,3,0,
27,6,27_6,9,27_6_9,6,0,
27,6,27_6,10,27_6_10,6,0,
27,6,27_6,11,27_6_11,6,0,
27,6,27_6,12,27_6_12,2,0,
27,6,27_6,13,27_6_13,4,0,
27,6,27_6,14,27_6_14,3,0,
27,6,27_6,15,27_6_15,4,0,
27,6,27_6,16,27_6_16,7,0,
27,6,27_6,17,27_6_17,5,0,
27,6,27_6,18,27_6_18,2,0,
27,6,27_6,19,27_6_19,3,0,
27,6,27_6,20,27_6_20,1,0,
27,6,27_6,21,27_6_21,4,0,
27,6,27_6,22,27_6_22,5,0,
27,6,27_6,23,27_6_23,6,0,
27,6,27_6,24,27_6_24,3,0,
27,6,27_6,25,27_6_25,3,0,
27,6,27_6,26,27_6_26,1,0,
27,6,27_6,27,27_6_27,1,0,
27,6,27_6,28,27_6_28,2,0,
27,6,27_6,29,27_6_29,2,0,
27,6,27_6,30,27_6_30,3,0,
27,6,27_6,31,27_6_31,3,0,
27,6,27_6,32,27_6_32,4,0,
27,6,27_6,33,27_6_33,4,0,
27,6,27_6,34,27_6_34,1,0,
27,6,27_6,35,27_6_35,5,0,
27,6,27_6,36,27_6_36,1,0,
27,6,27_6,37,27_6_37,5,0,
27,6,27_6,38,27_6_38,3,0,
27,6,27_6,39,27_6_39,1,0,
27,6,27_6,40,27_6_40,1,0,
27,6,27_6,41,27_6_41,2,0,
27,6,27_6,42,27_6_42,1,0,
27,6,27_6,43,27_6_43,1,0,
27,6,27_6,44,27_6_44,2,0,
27,6,27_6,45,27_6_45,6,0,
27,6,27_6,46,27_6_46,3,0,
27,6,27_6,47,27_6_47,5,0,
27,6,27_6,48,27_6_48,2,0,
27,6,27_6,49,27_6_49,2,0,
27,6,27_6,50,27_6_50,2,0,
28,1,28_1,1,28_1_1,4,0,
28,1,28_1,2,28_1_2,3,0,
28,1,28_1,3,28_1_3,7,0,
28,1,28_1,4,28_1_4,8,0,
28,1,28_1,5,28_1_5,4,0,
28,1,28_1,6,28_1_6,3,0,
28,1,28_1,7,28_1_7,3,0,
28,1,28_1,8,28_1_8,4,0,
28,1,28_1,9,28_1_9,3,0,
28,1,28_1,10,28_1_10,2,0,
28,1,28_1,11,28_1_11,4,0,
28,1,28_1,12,28_1_12,3,0,
28,1,28_1,13,28_1_13,4,0,
28,1,28_1,14,28_1_14,1,0,
28,1,28_1,15,28_1_15,2,0,
28,1,28_1,16,28_1_16,5,0,
28,1,28_1,17,28_1_17,4,0,
28,1,28_1,18,28_1_18,3,0,
28,1,28_1,19,28_1_19,7,0,
28,1,28_1,20,28_1_20,6,0,
28,1,28_1,21,28_1_21,4,0,
28,1,28_1,22,28_1_22,5,0,
28,1,28_1,23,28_1_23,4,0,
28,1,28_1,24,28_1_24,4,0,
28,1,28_1,25,28_1_25,4,0,
28,1,28_1,26,28_1_26,4,0,
28,1,28_1,27,28_1_27,4,0,
28,1,28_1,28,28_1_28,4,0,
28,1,28_1,29,28_1_29,7,0,
28,1,28_1,30,28_1_30,2,0,
28,1,28_1,31,28_1_31,5,0,
28,1,28_1,32,28_1_32,4,0,
28,1,28_1,33,28_1_33,3,0,
28,1,28_1,34,28_1_34,2,0,
28,1,28_1,35,28_1_35,5,0,
28,1,28_1,36,28_1_36,5,0,
28,1,28_1,37,28_1_37,2,0,
28,1,28_1,38,28_1_38,2,0,
28,1,28_1,39,28_1_39,4,0,
28,1,28_1,40,28_1_40,4,0,
28,1,28_1,41,28_1_41,2,0,
28,1,28_1,42,28_1_42,3,0,
28,1,28_1,43,28_1_43,2,0,
28,1,28_1,44,28_1_44,2,0,
28,1,28_1,45,28_1_45,3,0,
28,1,28_1,46,28_1_46,2,0,
28,1,28_1,47,28_1_47,1,0,
28,1,28_1,48,28_1_48,3,0,
28,1,28_1,49,28_1_49,3,0,
28,1,28_1,50,28_1_50,4,0,
28,2,28_2,1,28_2_1,4,0,
28,2,28_2,2,28_2_2,3,0,
28,2,28_2,3,28_2_3,4,0,
28,2,28_2,4,28_2_4,5,0,
28,2,28_2,5,28_2_5,6,0,
28,2,28_2,6,28_2_6,3,0,
28,2,28_2,7,28_2_7,3,0,
28,2,28_2,8,28_2_8,4,0,
28,2,28_2,9,28_2_9,5,0,
28,2,28_2,10,28_2_10,5,0,
28,2,28_2,11,28_2_11,1,0,
28,2,28_2,12,28_2_12,6,0,
28,2,28_2,13,28_2_13,4,0,
28,2,28_2,14,28_2_14,2,0,
28,2,28_2,15,28_2_15,3,0,
28,2,28_2,16,28_2_16,6,0,
28,2,28_2,17,28_2_17,3,0,
28,2,28_2,18,28_2_18,3,0,
28,2,28_2,19,28_2_19,3,0,
28,2,28_2,20,28_2_20,3,0,
28,2,28_2,21,28_2_21,1,0,
28,2,28_2,22,28_2_22,2,0,
28,2,28_2,23,28_2_23,5,0,
28,2,28_2,24,28_2_24,2,0,
28,2,28_2,25,28_2_25,4,0,
28,2,28_2,26,28_2_26,5,0,
28,2,28_2,27,28_2_27,2,0,
28,2,28_2,28,28_2_28,1,0,
28,2,28_2,29,28_2_29,2,0,
28,2,28_2,30,28_2_30,1,0,
28,2,28_2,31,28_2_31,1,0,
28,2,28_2,32,28_2_32,3,0,
28,2,28_2,33,28_2_33,4,0,
28,2,28_2,34,28_2_34,4,0,
28,2,28_2,35,28_2_35,6,0,
28,2,28_2,36,28_2_36,4,0,
28,2,28_2,37,28_2_37,4,0,
28,2,28_2,38,28_2_38,4,0,
28,2,28_2,39,28_2_39,5,0,
28,2,28_2,40,28_2_40,3,0,
28,2,28_2,41,28_2_41,4,0,
28,2,28_2,42,28_2_42,4,0,
28,2,28_2,43,28_2_43,4,0,
28,2,28_2,44,28_2_44,3,0,
28,2,28_2,45,28_2_45,3,0,
28,2,28_2,46,28_2_46,6,0,
28,2,28_2,47,28_2_47,3,0,
28,2,28_2,48,28_2_48,3,0,
28,2,28_2,49,28_2_49,4,0,
28,2,28_2,50,28_2_50,4,0,
28,3,28_3,1,28_3_1,6,0,
28,3,28_3,2,28_3_2,2,0,
28,3,28_3,3,28_3_3,3,0,
28,3,28_3,4,28_3_4,4,0,
28,3,28_3,5,28_3_5,2,0,
28,3,28_3,6,28_3_6,1,0,
28,3,28_3,7,28_3_7,5,0,
28,3,28_3,8,28_3_8,2,0,
28,3,28_3,9,28_3_9,2,0,
28,3,28_3,10,28_3_10,2,0,
28,3,28_3,11,28_3_11,1,0,
28,3,28_3,12,28_3_12,5,0,
28,3,28_3,13,28_3_13,3,0,
28,3,28_3,14,28_3_14,3,0,
28,3,28_3,15,28_3_15,1,0,
28,3,28_3,16,28_3_16,2,0,
28,3,28_3,17,28_3_17,3,0,
28,3,28_3,18,28_3_18,4,0,
28,3,28_3,19,28_3_19,1,0,
28,3,28_3,20,28_3_20,3,0,
28,3,28_3,21,28_3_21,4,0,
28,3,28_3,22,28_3_22,3,0,
28,3,28_3,23,28_3_23,5,0,
28,3,28_3,24,28_3_24,2,0,
28,3,28_3,25,28_3_25,1,0,
28,3,28_3,26,28_3_26,1,0,
28,3,28_3,27,28_3_27,2,0,
28,3,28_3,28,28_3_28,2,0,
28,3,28_3,29,28_3_29,1,0,
28,3,28_3,30,28_3_30,4,0,
28,3,28_3,31,28_3_31,5,0,
28,3,28_3,32,28_3_32,3,0,
28,3,28_3,33,28_3_33,7,0,
28,3,28_3,34,28_3_34,4,0,
28,3,28_3,35,28_3_35,4,0,
28,3,28_3,36,28_3_36,1,0,
28,3,28_3,37,28_3_37,1,0,
28,3,28_3,38,28_3_38,4,0,
28,3,28_3,39,28_3_39,1,0,
28,3,28_3,40,28_3_40,4,0,
28,3,28_3,41,28_3_41,3,0,
28,3,28_3,42,28_3_42,3,0,
28,3,28_3,43,28_3_43,2,0,
28,3,28_3,44,28_3_44,2,0,
28,3,28_3,45,28_3_45,2,0,
28,3,28_3,46,28_3_46,1,0,
28,3,28_3,47,28_3_47,2,0,
28,3,28_3,48,28_3_48,1,0,
28,3,28_3,49,28_3_49,3,0,
28,3,28_3,50,28_3_50,2,0,
28,4,28_4,1,28_4_1,1,0,
28,4,28_4,2,28_4_2,1,0,
28,4,28_4,3,28_4_3,3,0,
28,4,28_4,4,28_4_4,5,0,
28,4,28_4,5,28_4_5,3,0,
28,4,28_4,6,28_4_6,3,0,
28,4,28_4,7,28_4_7,4,0,
28,4,28_4,8,28_4_8,2,0,
28,4,28_4,9,28_4_9,3,0,
28,4,28_4,10,28_4_10,3,0,
28,4,28_4,11,28_4_11,3,0,
28,4,28_4,12,28_4_12,3,0,
28,4,28_4,13,28_4_13,5,0,
28,4,28_4,14,28_4_14,1,0,
28,4,28_4,15,28_4_15,1,0,
28,4,28_4,16,28_4_16,1,0,
28,4,28_4,17,28_4_17,4,0,
28,4,28_4,18,28_4_18,6,0,
28,4,28_4,19,28_4_19,2,0,
28,4,28_4,20,28_4_20,2,0,
28,4,28_4,21,28_4_21,5,0,
28,4,28_4,22,28_4_22,2,0,
28,4,28_4,23,28_4_23,1,0,
28,4,28_4,24,28_4_24,1,0,
28,4,28_4,25,28_4_25,3,0,
28,4,28_4,26,28_4_26,3,0,
28,4,28_4,27,28_4_27,3,0,
28,4,28_4,28,28_4_28,1,0,
28,4,28_4,29,28_4_29,4,0,
28,4,28_4,30,28_4_30,4,0,
28,4,28_4,31,28_4_31,3,0,
28,4,28_4,32,28_4_32,5,0,
28,4,28_4,33,28_4_33,3,0,
28,4,28_4,34,28_4_34,4,0,
28,4,28_4,35,28_4_35,3,0,
28,4,28_4,36,28_4_36,3,0,
28,4,28_4,37,28_4_37,4,0,
28,4,28_4,38,28_4_38,1,0,
28,4,28_4,39,28_4_39,4,0,
28,4,28_4,40,28_4_40,2,0,
28,4,28_4,41,28_4_41,3,0,
28,4,28_4,42,28_4_42,4,0,
28,4,28_4,43,28_4_43,3,0,
28,4,28_4,44,28_4_44,6,0,
28,4,28_4,45,28_4_45,4,0,
28,4,28_4,46,28_4_46,2,0,
28,4,28_4,47,28_4_47,2,0,
28,4,28_4,48,28_4_48,4,0,
28,4,28_4,49,28_4_49,4,0,
28,4,28_4,50,28_4_50,2,0,
28,5,28_5,1,28_5_1,3,0,
28,5,28_5,2,28_5_2,4,0,
28,5,28_5,3,28_5_3,2,0,
28,5,28_5,4,28_5_4,4,0,
28,5,28_5,5,28_5_5,4,0,
28,5,28_5,6,28_5_6,6,0,
28,5,28_5,7,28_5_7,1,0,
28,5,28_5,8,28_5_8,3,0,
28,5,28_5,9,28_5_9,4,0,
28,5,28_5,10,28_5_10,4,0,
28,5,28_5,11,28_5_11,1,0,
28,5,28_5,12,28_5_12,6,0,
28,5,28_5,13,28_5_13,6,0,
28,5,28_5,14,28_5_14,2,0,
28,5,28_5,15,28_5_15,2,0,
28,5,28_5,16,28_5_16,4,0,
28,5,28_5,17,28_5_17,4,0,
28,5,28_5,18,28_5_18,3,0,
28,5,28_5,19,28_5_19,6,0,
28,5,28_5,20,28_5_20,5,0,
28,5,28_5,21,28_5_21,2,0,
28,5,28_5,22,28_5_22,3,0,
28,5,28_5,23,28_5_23,7,0,
28,5,28_5,24,28_5_24,3,0,
28,5,28_5,25,28_5_25,3,0,
28,5,28_5,26,28_5_26,7,0,
28,5,28_5,27,28_5_27,5,0,
28,5,28_5,28,28_5_28,4,0,
28,5,28_5,29,28_5_29,4,0,
28,5,28_5,30,28_5_30,6,0,
28,5,28_5,31,28_5_31,1,0,
28,5,28_5,32,28_5_32,2,0,
28,5,28_5,33,28_5_33,4,0,
28,5,28_5,34,28_5_34,4,0,
28,5,28_5,35,28_5_35,4,0,
28,5,28_5,36,28_5_36,6,0,
28,5,28_5,37,28_5_37,1,0,
28,5,28_5,38,28_5_38,2,0,
28,5,28_5,39,28_5_39,3,0,
28,5,28_5,40,28_5_40,2,0,
28,5,28_5,41,28_5_41,2,0,
28,5,28_5,42,28_5_42,1,0,
28,5,28_5,43,28_5_43,3,0,
28,5,28_5,44,28_5_44,3,0,
28,5,28_5,45,28_5_45,2,0,
28,5,28_5,46,28_5_46,2,0,
28,5,28_5,47,28_5_47,10,0,
28,5,28_5,48,28_5_48,4,0,
28,5,28_5,49,28_5_49,3,0,
28,5,28_5,50,28_5_50,3,0,
28,6,28_6,1,28_6_1,3,0,
28,6,28_6,2,28_6_2,3,0,
28,6,28_6,3,28_6_3,2,0,
28,6,28_6,4,28_6_4,3,0,
28,6,28_6,5,28_6_5,3,0,
28,6,28_6,6,28_6_6,6,0,
28,6,28_6,7,28_6_7,6,0,
28,6,28_6,8,28_6_8,7,0,
28,6,28_6,9,28_6_9,3,0,
28,6,28_6,10,28_6_10,4,0,
28,6,28_6,11,28_6_11,4,0,
28,6,28_6,12,28_6_12,6,0,
28,6,28_6,13,28_6_13,4,0,
28,6,28_6,14,28_6_14,1,0,
28,6,28_6,15,28_6_15,2,0,
28,6,28_6,16,28_6_16,6,0,
28,6,28_6,17,28_6_17,2,0,
28,6,28_6,18,28_6_18,4,0,
28,6,28_6,19,28_6_19,4,0,
28,6,28_6,20,28_6_20,4,0,
28,6,28_6,21,28_6_21,3,0,
28,6,28_6,22,28_6_22,2,0,
28,6,28_6,23,28_6_23,4,0,
28,6,28_6,24,28_6_24,1,0,
28,6,28_6,25,28_6_25,6,0,
28,6,28_6,26,28_6_26,6,0,
28,6,28_6,27,28_6_27,6,0,
28,6,28_6,28,28_6_28,3,0,
28,6,28_6,29,28_6_29,9,0,
28,6,28_6,30,28_6_30,2,0,
28,6,28_6,31,28_6_31,2,0,
28,6,28_6,32,28_6_32,2,0,
28,6,28_6,33,28_6_33,3,0,
28,6,28_6,34,28_6_34,3,0,
28,6,28_6,35,28_6_35,4,0,
28,6,28_6,36,28_6_36,4,0,
28,6,28_6,37,28_6_37,2,0,
28,6,28_6,38,28_6_38,7,0,
28,6,28_6,39,28_6_39,6,0,
28,6,28_6,40,28_6_40,3,0,
28,6,28_6,41,28_6_41,3,0,
28,6,28_6,42,28_6_42,6,0,
28,6,28_6,43,28_6_43,3,0,
28,6,28_6,44,28_6_44,4,0,
28,6,28_6,45,28_6_45,3,0,
28,6,28_6,46,28_6_46,5,0,
28,6,28_6,47,28_6_47,4,0,
28,6,28_6,48,28_6_48,3,0,
28,6,28_6,49,28_6_49,1,0,
28,6,28_6,50,28_6_50,3,0,
30,1,30_1,1,30_1_1,3,0,
30,1,30_1,2,30_1_2,3,0,
30,1,30_1,3,30_1_3,2,0,
30,1,30_1,4,30_1_4,2,0,
30,1,30_1,5,30_1_5,1,0,
30,1,30_1,6,30_1_6,3,0,
30,1,30_1,7,30_1_7,6,0,
30,1,30_1,8,30_1_8,2,0,
30,1,30_1,9,30_1_9,2,0,
30,1,30_1,10,30_1_10,3,0,
30,1,30_1,11,30_1_11,2,0,
30,1,30_1,12,30_1_12,3,0,
30,1,30_1,13,30_1_13,1,0,
30,1,30_1,14,30_1_14,1,0,
30,1,30_1,15,30_1_15,2,0,
30,1,30_1,16,30_1_16,1,0,
30,1,30_1,17,30_1_17,4,0,
30,1,30_1,18,30_1_18,4,0,
30,1,30_1,19,30_1_19,3,0,
30,1,30_1,20,30_1_20,2,0,
30,1,30_1,21,30_1_21,3,0,
30,1,30_1,22,30_1_22,3,0,
30,1,30_1,23,30_1_23,1,0,
30,1,30_1,24,30_1_24,2,0,
30,1,30_1,25,30_1_25,2,0,
30,1,30_1,26,30_1_26,2,0,
30,1,30_1,27,30_1_27,5,0,
30,1,30_1,28,30_1_28,1,0,
30,1,30_1,29,30_1_29,2,0,
30,1,30_1,30,30_1_30,5,0,
30,1,30_1,31,30_1_31,3,0,
30,1,30_1,32,30_1_32,3,0,
30,1,30_1,33,30_1_33,1,0,
30,1,30_1,34,30_1_34,2,0,
30,1,30_1,35,30_1_35,1,0,
30,1,30_1,36,30_1_36,1,0,
30,1,30_1,37,30_1_37,1,0,
30,1,30_1,38,30_1_38,3,0,
30,1,30_1,39,30_1_39,3,0,
30,1,30_1,40,30_1_40,2,0,
30,1,30_1,41,30_1_41,1,0,
30,1,30_1,42,30_1_42,3,0,
30,1,30_1,43,30_1_43,3,0,
30,1,30_1,44,30_1_44,2,0,
30,1,30_1,45,30_1_45,3,0,
30,1,30_1,46,30_1_46,3,0,
30,1,30_1,47,30_1_47,1,0,
30,1,30_1,48,30_1_48,4,0,
30,1,30_1,49,30_1_49,1,0,
30,1,30_1,50,30_1_50,3,0,
30,2,30_2,1,30_2_1,2,0,
30,2,30_2,2,30_2_2,7,0,
30,2,30_2,3,30_2_3,7,0,
30,2,30_2,4,30_2_4,3,0,
30,2,30_2,5,30_2_5,3,0,
30,2,30_2,6,30_2_6,5,0,
30,2,30_2,7,30_2_7,4,0,
30,2,30_2,8,30_2_8,3,0,
30,2,30_2,9,30_2_9,3,0,
30,2,30_2,10,30_2_10,3,0,
30,2,30_2,11,30_2_11,2,0,
30,2,30_2,12,30_2_12,5,0,
30,2,30_2,13,30_2_13,3,0,
30,2,30_2,14,30_2_14,3,0,
30,2,30_2,15,30_2_15,4,0,
30,2,30_2,16,30_2_16,4,0,
30,2,30_2,17,30_2_17,4,0,
30,2,30_2,18,30_2_18,4,0,
30,2,30_2,19,30_2_19,5,0,
30,2,30_2,20,30_2_20,3,0,
30,2,30_2,21,30_2_21,2,0,
30,2,30_2,22,30_2_22,2,0,
30,2,30_2,23,30_2_23,3,0,
30,2,30_2,24,30_2_24,3,0,
30,2,30_2,25,30_2_25,4,0,
30,2,30_2,26,30_2_26,3,0,
30,2,30_2,27,30_2_27,3,0,
30,2,30_2,28,30_2_28,3,0,
30,2,30_2,29,30_2_29,3,0,
30,2,30_2,30,30_2_30,5,0,
30,2,30_2,31,30_2_31,3,0,
30,2,30_2,32,30_2_32,5,0,
30,2,30_2,33,30_2_33,3,0,
30,2,30_2,34,30_2_34,3,0,
30,2,30_2,35,30_2_35,3,0,
30,2,30_2,36,30_2_36,3,0,
30,2,30_2,37,30_2_37,4,0,
30,2,30_2,38,30_2_38,3,0,
30,2,30_2,39,30_2_39,4,0,
30,2,30_2,40,30_2_40,3,0,
30,2,30_2,41,30_2_41,5,0,
30,2,30_2,42,30_2_42,3,0,
30,2,30_2,43,30_2_43,6,0,
30,2,30_2,44,30_2_44,3,0,
30,2,30_2,45,30_2_45,5,0,
30,2,30_2,46,30_2_46,3,0,
30,2,30_2,47,30_2_47,3,0,
30,2,30_2,48,30_2_48,4,0,
30,2,30_2,49,30_2_49,2,0,
30,2,30_2,50,30_2_50,1,0,
30,3,30_3,1,30_3_1,2,0,
30,3,30_3,2,30_3_2,3,0,
30,3,30_3,3,30_3_3,2,0,
30,3,30_3,4,30_3_4,5,0,
30,3,30_3,5,30_3_5,1,0,
30,3,30_3,6,30_3_6,4,0,
30,3,30_3,7,30_3_7,3,0,
30,3,30_3,8,30_3_8,4,0,
30,3,30_3,9,30_3_9,2,0,
30,3,30_3,10,30_3_10,1,0,
30,3,30_3,11,30_3_11,1,0,
30,3,30_3,12,30_3_12,4,0,
30,3,30_3,13,30_3_13,3,0,
30,3,30_3,14,30_3_14,6,0,
30,3,30_3,15,30_3_15,2,0,
30,3,30_3,16,30_3_16,2,0,
30,3,30_3,17,30_3_17,2,0,
30,3,30_3,18,30_3_18,5,0,
30,3,30_3,19,30_3_19,2,0,
30,3,30_3,20,30_3_20,2,0,
30,3,30_3,21,30_3_21,1,0,
30,3,30_3,22,30_3_22,2,0,
30,3,30_3,23,30_3_23,2,0,
30,3,30_3,24,30_3_24,1,0,
30,3,30_3,25,30_3_25,7,0,
30,3,30_3,26,30_3_26,4,0,
30,3,30_3,27,30_3_27,4,0,
30,3,30_3,28,30_3_28,2,0,
30,3,30_3,29,30_3_29,1,0,
30,3,30_3,30,30_3_30,4,0,
30,3,30_3,31,30_3_31,1,0,
30,3,30_3,32,30_3_32,4,0,
30,3,30_3,33,30_3_33,5,0,
30,3,30_3,34,30_3_34,2,0,
30,3,30_3,35,30_3_35,2,0,
30,3,30_3,36,30_3_36,3,0,
30,3,30_3,37,30_3_37,2,0,
30,3,30_3,38,30_3_38,2,0,
30,3,30_3,39,30_3_39,2,0,
30,3,30_3,40,30_3_40,1,0,
30,3,30_3,41,30_3_41,2,0,
30,3,30_3,42,30_3_42,3,0,
30,3,30_3,43,30_3_43,3,0,
30,3,30_3,44,30_3_44,3,0,
30,3,30_3,45,30_3_45,1,0,
30,3,30_3,46,30_3_46,1,0,
30,3,30_3,47,30_3_47,2,0,
30,3,30_3,48,30_3_48,3,0,
30,3,30_3,49,30_3_49,1,0,
30,3,30_3,50,30_3_50,2,0,
30,4,30_4,1,30_4_1,3,0,
30,4,30_4,2,30_4_2,5,0,
30,4,30_4,3,30_4_3,4,0,
30,4,30_4,4,30_4_4,3,0,
30,4,30_4,5,30_4_5,4,0,
30,4,30_4,6,30_4_6,3,0,
30,4,30_4,7,30_4_7,4,0,
30,4,30_4,8,30_4_8,2,0,
30,4,30_4,9,30_4_9,5,0,
30,4,30_4,10,30_4_10,8,0,
30,4,30_4,11,30_4_11,2,0,
30,4,30_4,12,30_4_12,4,0,
30,4,30_4,13,30_4_13,8,0,
30,4,30_4,14,30_4_14,6,0,
30,4,30_4,15,30_4_15,2,0,
30,4,30_4,16,30_4_16,3,0,
30,4,30_4,17,30_4_17,2,0,
30,4,30_4,18,30_4_18,3,0,
30,4,30_4,19,30_4_19,5,0,
30,4,30_4,20,30_4_20,4,0,
30,4,30_4,21,30_4_21,2,0,
30,4,30_4,22,30_4_22,5,0,
30,4,30_4,23,30_4_23,3,0,
30,4,30_4,24,30_4_24,7,0,
30,4,30_4,25,30_4_25,1,0,
30,4,30_4,26,30_4_26,3,0,
30,4,30_4,27,30_4_27,4,0,
30,4,30_4,28,30_4_28,3,0,
30,4,30_4,29,30_4_29,6,0,
30,4,30_4,30,30_4_30,4,0,
30,4,30_4,31,30_4_31,2,0,
30,4,30_4,32,30_4_32,4,0,
30,4,30_4,33,30_4_33,3,0,
30,4,30_4,34,30_4_34,2,0,
30,4,30_4,35,30_4_35,7,0,
30,4,30_4,36,30_4_36,5,0,
30,4,30_4,37,30_4_37,5,0,
30,4,30_4,38,30_4_38,5,0,
30,4,30_4,39,30_4_39,3,0,
30,4,30_4,40,30_4_40,4,0,
30,4,30_4,41,30_4_41,4,0,
30,4,30_4,42,30_4_42,2,0,
30,4,30_4,43,30_4_43,3,0,
30,4,30_4,44,30_4_44,4,0,
30,4,30_4,45,30_4_45,3,0,
30,4,30_4,46,30_4_46,2,0,
30,4,30_4,47,30_4_47,3,0,
30,4,30_4,48,30_4_48,2,0,
30,4,30_4,49,30_4_49,4,0,
30,4,30_4,50,30_4_50,2,0,
30,6,30_6,1,30_6_1,6,0,
30,6,30_6,2,30_6_2,1,0,
30,6,30_6,3,30_6_3,5,0,
30,6,30_6,4,30_6_4,3,0,
30,6,30_6,5,30_6_5,3,0,
30,6,30_6,6,30_6_6,2,0,
30,6,30_6,7,30_6_7,3,0,
30,6,30_6,8,30_6_8,5,0,
30,6,30_6,9,30_6_9,3,0,
30,6,30_6,10,30_6_10,2,0,
30,6,30_6,11,30_6_11,3,0,
30,6,30_6,12,30_6_12,2,0,
30,6,30_6,13,30_6_13,3,0,
30,6,30_6,14,30_6_14,4,0,
30,6,30_6,15,30_6_15,1,0,
30,6,30_6,16,30_6_16,6,0,
30,6,30_6,17,30_6_17,1,0,
30,6,30_6,18,30_6_18,5,0,
30,6,30_6,19,30_6_19,6,0,
30,6,30_6,20,30_6_20,3,0,
30,6,30_6,21,30_6_21,5,0,
30,6,30_6,22,30_6_22,3,0,
30,6,30_6,23,30_6_23,6,0,
30,6,30_6,24,30_6_24,4,0,
30,6,30_6,25,30_6_25,1,0,
30,6,30_6,26,30_6_26,3,0,
30,6,30_6,27,30_6_27,2,0,
30,6,30_6,28,30_6_28,3,0,
30,6,30_6,29,30_6_29,3,0,
30,6,30_6,30,30_6_30,2,0,
30,6,30_6,31,30_6_31,3,0,
30,6,30_6,32,30_6_32,2,0,
30,6,30_6,33,30_6_33,3,0,
30,6,30_6,34,30_6_34,4,0,
30,6,30_6,35,30_6_35,2,0,
30,6,30_6,36,30_6_36,2,0,
30,6,30_6,37,30_6_37,2,0,
30,6,30_6,38,30_6_38,2,0,
30,6,30_6,39,30_6_39,1,0,
30,6,30_6,40,30_6_40,1,0,
30,6,30_6,41,30_6_41,1,0,
30,6,30_6,42,30_6_42,1,0,
30,6,30_6,43,30_6_43,1,0,
30,6,30_6,44,30_6_44,1,0,
30,6,30_6,45,30_6_45,2,0,
39,1,39_1,1,39_1_1,3,0,
39,1,39_1,2,39_1_2,4,0,
39,1,39_1,3,39_1_3,1,0,
39,1,39_1,4,39_1_4,3,0,
39,1,39_1,5,39_1_5,3,0,
39,1,39_1,6,39_1_6,3,0,
39,1,39_1,7,39_1_7,2,0,
39,1,39_1,8,39_1_8,2,0,
39,1,39_1,9,39_1_9,3,0,
39,1,39_1,10,39_1_10,4,0,
39,1,39_1,11,39_1_11,4,0,
39,1,39_1,12,39_1_12,1,0,
39,1,39_1,13,39_1_13,4,0,
39,1,39_1,14,39_1_14,2,0,
39,1,39_1,15,39_1_15,4,0,
39,1,39_1,16,39_1_16,2,0,
39,1,39_1,17,39_1_17,4,0,
39,1,39_1,18,39_1_18,1,0,
39,1,39_1,19,39_1_19,3,0,
39,1,39_1,20,39_1_20,5,0,
39,1,39_1,21,39_1_21,4,0,
39,1,39_1,22,39_1_22,3,0,
39,1,39_1,23,39_1_23,5,0,
39,1,39_1,24,39_1_24,4,0,
39,1,39_1,25,39_1_25,2,0,
39,1,39_1,26,39_1_26,1,0,
39,1,39_1,27,39_1_27,2,0,
39,1,39_1,28,39_1_28,1,0,
39,1,39_1,29,39_1_29,2,0,
39,1,39_1,30,39_1_30,2,0,
39,1,39_1,31,39_1_31,2,0,
39,1,39_1,32,39_1_32,4,0,
39,1,39_1,33,39_1_33,3,0,
39,1,39_1,34,39_1_34,3,0,
39,1,39_1,35,39_1_35,2,0,
39,1,39_1,36,39_1_36,1,0,
39,1,39_1,37,39_1_37,1,0,
39,1,39_1,38,39_1_38,2,0,
39,1,39_1,39,39_1_39,2,0,
39,1,39_1,40,39_1_40,1,0,
39,1,39_1,41,39_1_41,4,0,
39,1,39_1,42,39_1_42,1,0,
39,1,39_1,43,39_1_43,1,0,
39,1,39_1,44,39_1_44,4,0,
39,1,39_1,45,39_1_45,2,0,
39,1,39_1,46,39_1_46,3,0,
39,1,39_1,47,39_1_47,3,0,
39,1,39_1,48,39_1_48,2,0,
39,1,39_1,49,39_1_49,4,0,
39,1,39_1,50,39_1_50,5,0,
39,2,39_2,1,39_2_1,2,0,
39,2,39_2,2,39_2_2,5,0,
39,2,39_2,3,39_2_3,3,0,
39,2,39_2,4,39_2_4,2,0,
39,2,39_2,5,39_2_5,4,0,
39,2,39_2,6,39_2_6,5,0,
39,2,39_2,7,39_2_7,2,0,
39,2,39_2,8,39_2_8,2,0,
39,2,39_2,9,39_2_9,5,0,
39,2,39_2,10,39_2_10,3,0,
39,2,39_2,11,39_2_11,6,0,
39,2,39_2,12,39_2_12,2,0,
39,2,39_2,13,39_2_13,3,0,
39,2,39_2,14,39_2_14,3,0,
39,2,39_2,15,39_2_15,6,0,
39,2,39_2,16,39_2_16,2,0,
39,2,39_2,17,39_2_17,4,0,
39,2,39_2,18,39_2_18,3,0,
39,2,39_2,19,39_2_19,2,0,
39,2,39_2,20,39_2_20,7,0,
39,2,39_2,21,39_2_21,3,0,
39,2,39_2,22,39_2_22,3,0,
39,2,39_2,23,39_2_23,2,0,
39,2,39_2,24,39_2_24,1,0,
39,2,39_2,25,39_2_25,1,0,
39,2,39_2,26,39_2_26,5,0,
39,2,39_2,27,39_2_27,3,0,
39,2,39_2,28,39_2_28,4,0,
39,2,39_2,29,39_2_29,2,0,
39,2,39_2,30,39_2_30,3,0,
39,2,39_2,31,39_2_31,3,0,
39,2,39_2,32,39_2_32,5,0,
39,2,39_2,33,39_2_33,3,0,
39,2,39_2,34,39_2_34,3,0,
39,2,39_2,35,39_2_35,5,0,
39,2,39_2,36,39_2_36,5,0,
39,2,39_2,37,39_2_37,4,0,
39,2,39_2,38,39_2_38,3,0,
39,2,39_2,39,39_2_39,3,0,
39,2,39_2,40,39_2_40,2,0,
39,2,39_2,41,39_2_41,3,0,
39,2,39_2,42,39_2_42,3,0,
39,2,39_2,43,39_2_43,3,0,
39,2,39_2,44,39_2_44,2,0,
39,2,39_2,45,39_2_45,4,0,
39,2,39_2,46,39_2_46,5,0,
39,2,39_2,47,39_2_47,4,0,
39,2,39_2,48,39_2_48,5,0,
39,2,39_2,49,39_2_49,3,0,
39,2,39_2,50,39_2_50,6,0,
39,3,39_3,1,39_3_1,3,0,
39,3,39_3,2,39_3_2,3,0,
39,3,39_3,3,39_3_3,5,0,
39,3,39_3,4,39_3_4,5,0,
39,3,39_3,5,39_3_5,5,0,
39,3,39_3,6,39_3_6,6,0,
39,3,39_3,7,39_3_7,3,0,
39,3,39_3,8,39_3_8,5,0,
39,3,39_3,9,39_3_9,4,0,
39,3,39_3,10,39_3_10,2,0,
39,3,39_3,11,39_3_11,3,0,
39,3,39_3,12,39_3_12,5,0,
39,3,39_3,13,39_3_13,5,0,
39,3,39_3,14,39_3_14,5,0,
39,3,39_3,15,39_3_15,5,0,
39,3,39_3,16,39_3_16,5,0,
39,3,39_3,17,39_3_17,8,0,
39,3,39_3,18,39_3_18,6,0,
39,3,39_3,19,39_3_19,4,0,
39,3,39_3,20,39_3_20,6,0,
39,3,39_3,21,39_3_21,6,0,
39,3,39_3,22,39_3_22,6,0,
39,3,39_3,23,39_3_23,6,0,
39,3,39_3,24,39_3_24,5,0,
39,3,39_3,25,39_3_25,2,0,
39,3,39_3,26,39_3_26,4,0,
39,3,39_3,27,39_3_27,9,0,
39,3,39_3,28,39_3_28,6,0,
39,3,39_3,29,39_3_29,6,0,
39,3,39_3,30,39_3_30,4,0,
39,3,39_3,31,39_3_31,3,0,
39,3,39_3,32,39_3_32,1,0,
39,3,39_3,33,39_3_33,5,0,
39,3,39_3,34,39_3_34,6,0,
39,3,39_3,35,39_3_35,7,0,
39,3,39_3,36,39_3_36,2,0,
39,3,39_3,37,39_3_37,3,0,
39,3,39_3,38,39_3_38,1,0,
39,3,39_3,39,39_3_39,6,0,
39,3,39_3,40,39_3_40,3,0,
39,3,39_3,41,39_3_41,2,0,
39,3,39_3,42,39_3_42,7,0,
39,3,39_3,43,39_3_43,3,0,
39,3,39_3,44,39_3_44,4,0,
39,3,39_3,45,39_3_45,4,0,
39,3,39_3,46,39_3_46,5,0,
39,3,39_3,47,39_3_47,6,0,
39,3,39_3,48,39_3_48,4,0,
39,3,39_3,49,39_3_49,2,0,
39,3,39_3,50,39_3_50,5,0,
39,4,39_4,1,39_4_1,6,0,
39,4,39_4,2,39_4_2,6,0,
39,4,39_4,3,39_4_3,4,0,
39,4,39_4,4,39_4_4,3,0,
39,4,39_4,5,39_4_5,2,0,
39,4,39_4,6,39_4_6,5,0,
39,4,39_4,7,39_4_7,3,0,
39,4,39_4,8,39_4_8,6,0,
39,4,39_4,9,39_4_9,5,0,
39,4,39_4,10,39_4_10,4,0,
39,4,39_4,11,39_4_11,6,0,
39,4,39_4,12,39_4_12,6,0,
39,4,39_4,13,39_4_13,4,0,
39,4,39_4,14,39_4_14,5,0,
39,4,39_4,15,39_4_15,2,0,
39,4,39_4,16,39_4_16,4,0,
39,4,39_4,17,39_4_17,2,0,
39,4,39_4,18,39_4_18,7,0,
39,4,39_4,19,39_4_19,3,0,
39,4,39_4,20,39_4_20,2,0,
39,4,39_4,21,39_4_21,3,0,
39,4,39_4,22,39_4_22,4,0,
39,4,39_4,23,39_4_23,6,0,
39,4,39_4,24,39_4_24,4,0,
39,4,39_4,25,39_4_25,4,0,
39,4,39_4,26,39_4_26,4,0,
39,4,39_4,27,39_4_27,6,0,
39,4,39_4,28,39_4_28,5,0,
39,4,39_4,29,39_4_29,5,0,
39,4,39_4,30,39_4_30,5,0,
39,4,39_4,31,39_4_31,2,0,
39,4,39_4,32,39_4_32,3,0,
39,4,39_4,33,39_4_33,3,0,
39,4,39_4,34,39_4_34,5,0,
39,4,39_4,35,39_4_35,4,0,
39,4,39_4,36,39_4_36,7,0,
39,4,39_4,37,39_4_37,5,0,
39,4,39_4,38,39_4_38,3,0,
39,4,39_4,39,39_4_39,4,0,
39,4,39_4,40,39_4_40,4,0,
39,4,39_4,41,39_4_41,6,0,
39,4,39_4,42,39_4_42,4,0,
39,4,39_4,43,39_4_43,5,0,
39,4,39_4,44,39_4_44,2,0,
39,4,39_4,45,39_4_45,3,0,
39,4,39_4,46,39_4_46,5,0,
39,4,39_4,47,39_4_47,5,0,
39,4,39_4,48,39_4_48,4,0,
39,4,39_4,49,39_4_49,1,0,
39,4,39_4,50,39_4_50,2,0,
39,5,39_5,1,39_5_1,8,0,
39,5,39_5,2,39_5_2,7,0,
39,5,39_5,3,39_5_3,3,0,
39,5,39_5,4,39_5_4,5,0,
39,5,39_5,5,39_5_5,6,0,
39,5,39_5,6,39_5_6,5,0,
39,5,39_5,7,39_5_7,1,0,
39,5,39_5,8,39_5_8,6,0,
39,5,39_5,9,39_5_9,1,0,
39,5,39_5,10,39_5_10,7,0,
39,5,39_5,11,39_5_11,3,0,
39,5,39_5,12,39_5_12,6,0,
39,5,39_5,13,39_5_13,4,0,
39,5,39_5,14,39_5_14,9,0,
39,5,39_5,15,39_5_15,3,0,
39,5,39_5,16,39_5_16,3,0,
39,5,39_5,17,39_5_17,8,0,
39,5,39_5,18,39_5_18,5,0,
39,5,39_5,19,39_5_19,7,0,
39,5,39_5,20,39_5_20,8,0,
39,5,39_5,21,39_5_21,6,0,
39,5,39_5,22,39_5_22,7,0,
39,5,39_5,23,39_5_23,3,0,
39,5,39_5,24,39_5_24,7,0,
39,5,39_5,25,39_5_25,4,0,
39,5,39_5,26,39_5_26,6,0,
39,5,39_5,27,39_5_27,5,0,
39,5,39_5,28,39_5_28,4,0,
39,5,39_5,29,39_5_29,2,0,
39,5,39_5,30,39_5_30,6,0,
39,5,39_5,31,39_5_31,8,0,
39,5,39_5,32,39_5_32,2,0,
39,5,39_5,33,39_5_33,4,0,
39,5,39_5,34,39_5_34,8,0,
39,5,39_5,35,39_5_35,3,0,
39,5,39_5,36,39_5_36,2,0,
39,5,39_5,37,39_5_37,2,0,
39,5,39_5,38,39_5_38,4,0,
39,5,39_5,39,39_5_39,6,0,
39,5,39_5,40,39_5_40,6,0,
39,5,39_5,41,39_5_41,4,0,
39,5,39_5,42,39_5_42,7,0,
39,5,39_5,43,39_5_43,7,0,
39,5,39_5,44,39_5_44,3,0,
39,5,39_5,45,39_5_45,2,0,
39,5,39_5,46,39_5_46,5,0,
39,5,39_5,47,39_5_47,5,0,
39,5,39_5,48,39_5_48,8,0,
39,5,39_5,49,39_5_49,4,0,
39,5,39_5,50,39_5_50,2,0,
39,6,39_6,1,39_6_1,6,0,
39,6,39_6,2,39_6_2,4,0,
39,6,39_6,3,39_6_3,4,0,
39,6,39_6,4,39_6_4,4,0,
39,6,39_6,5,39_6_5,4,0,
39,6,39_6,6,39_6_6,3,0,
39,6,39_6,7,39_6_7,5,0,
39,6,39_6,8,39_6_8,5,0,
39,6,39_6,9,39_6_9,5,0,
39,6,39_6,10,39_6_10,5,0,
39,6,39_6,11,39_6_11,6,0,
39,6,39_6,12,39_6_12,5,0,
39,6,39_6,13,39_6_13,8,0,
39,6,39_6,14,39_6_14,6,0,
39,6,39_6,15,39_6_15,5,0,
39,6,39_6,16,39_6_16,5,0,
39,6,39_6,17,39_6_17,4,0,
39,6,39_6,18,39_6_18,5,0,
39,6,39_6,19,39_6_19,4,0,
39,6,39_6,20,39_6_20,5,0,
39,6,39_6,21,39_6_21,3,0,
39,6,39_6,22,39_6_22,2,0,
39,6,39_6,23,39_6_23,5,0,
39,6,39_6,24,39_6_24,3,0,
39,6,39_6,25,39_6_25,6,0,
39,6,39_6,26,39_6_26,3,0,
39,6,39_6,27,39_6_27,3,0,
39,6,39_6,28,39_6_28,4,0,
39,6,39_6,29,39_6_29,5,0,
39,6,39_6,30,39_6_30,2,0,
39,6,39_6,31,39_6_31,3,0,
39,6,39_6,32,39_6_32,6,0,
39,6,39_6,33,39_6_33,5,0,
39,6,39_6,34,39_6_34,4,0,
39,6,39_6,35,39_6_35,4,0,
39,6,39_6,36,39_6_36,2,0,
39,6,39_6,37,39_6_37,2,0,
39,6,39_6,38,39_6_38,4,0,
39,6,39_6,39,39_6_39,3,0,
39,6,39_6,40,39_6_40,6,0,
39,6,39_6,41,39_6_41,4,0,
39,6,39_6,42,39_6_42,3,0,
39,6,39_6,43,39_6_43,3,0,
39,6,39_6,44,39_6_44,4,0,
39,6,39_6,45,39_6_45,1,0,
39,6,39_6,46,39_6_46,6,0,
39,6,39_6,47,39_6_47,3,0,
39,6,39_6,48,39_6_48,3,0,
39,6,39_6,49,39_6_49,4,0,
39,6,39_6,50,39_6_50,3,0,
40,1,40_1,1,40_1_1,3,0,
40,1,40_1,2,40_1_2,5,0,
40,1,40_1,3,40_1_3,5,0,
40,1,40_1,4,40_1_4,5,0,
40,1,40_1,5,40_1_5,4,0,
40,1,40_1,6,40_1_6,2,0,
40,1,40_1,7,40_1_7,6,0,
40,1,40_1,8,40_1_8,3,0,
40,1,40_1,9,40_1_9,2,0,
40,1,40_1,10,40_1_10,2,0,
40,1,40_1,11,40_1_11,1,0,
40,1,40_1,12,40_1_12,3,0,
40,1,40_1,13,40_1_13,1,0,
40,1,40_1,14,40_1_14,4,0,
40,1,40_1,15,40_1_15,1,0,
40,1,40_1,16,40_1_16,1,0,
40,1,40_1,17,40_1_17,1,0,
40,1,40_1,18,40_1_18,2,0,
40,1,40_1,19,40_1_19,3,0,
40,1,40_1,20,40_1_20,2,0,
40,1,40_1,21,40_1_21,3,0,
40,1,40_1,22,40_1_22,2,0,
40,1,40_1,23,40_1_23,2,0,
40,1,40_1,24,40_1_24,3,0,
40,1,40_1,25,40_1_25,3,0,
40,1,40_1,26,40_1_26,4,0,
40,1,40_1,27,40_1_27,1,0,
40,1,40_1,28,40_1_28,6,0,
40,1,40_1,29,40_1_29,3,0,
40,1,40_1,30,40_1_30,1,0,
40,1,40_1,31,40_1_31,5,0,
40,1,40_1,32,40_1_32,3,0,
40,1,40_1,33,40_1_33,2,0,
40,1,40_1,34,40_1_34,2,0,
40,1,40_1,35,40_1_35,2,0,
40,1,40_1,36,40_1_36,4,0,
40,1,40_1,37,40_1_37,6,0,
40,1,40_1,38,40_1_38,2,0,
40,1,40_1,39,40_1_39,2,0,
40,1,40_1,40,40_1_40,2,0,
40,1,40_1,41,40_1_41,3,0,
40,1,40_1,42,40_1_42,1,0,
40,1,40_1,43,40_1_43,4,0,
40,1,40_1,44,40_1_44,1,0,
40,1,40_1,45,40_1_45,3,0,
40,1,40_1,46,40_1_46,3,0,
40,1,40_1,47,40_1_47,5,0,
40,1,40_1,48,40_1_48,2,0,
40,1,40_1,49,40_1_49,2,0,
40,1,40_1,50,40_1_50,3,0,
40,2,40_2,1,40_2_1,4,0,
40,2,40_2,2,40_2_2,3,0,
40,2,40_2,3,40_2_3,4,0,
40,2,40_2,4,40_2_4,2,0,
40,2,40_2,5,40_2_5,4,0,
40,2,40_2,6,40_2_6,2,0,
40,2,40_2,7,40_2_7,3,0,
40,2,40_2,8,40_2_8,2,0,
40,2,40_2,9,40_2_9,4,0,
40,2,40_2,10,40_2_10,4,0,
40,2,40_2,11,40_2_11,6,0,
40,2,40_2,12,40_2_12,3,0,
40,2,40_2,13,40_2_13,6,0,
40,2,40_2,14,40_2_14,6,0,
40,2,40_2,15,40_2_15,5,0,
40,2,40_2,16,40_2_16,2,0,
40,2,40_2,17,40_2_17,6,0,
40,2,40_2,18,40_2_18,5,0,
40,2,40_2,19,40_2_19,8,0,
40,2,40_2,20,40_2_20,3,0,
40,2,40_2,21,40_2_21,2,0,
40,2,40_2,22,40_2_22,4,0,
40,2,40_2,23,40_2_23,6,0,
40,2,40_2,24,40_2_24,6,0,
40,2,40_2,25,40_2_25,4,0,
40,2,40_2,26,40_2_26,4,0,
40,2,40_2,27,40_2_27,2,0,
40,2,40_2,28,40_2_28,4,0,
40,2,40_2,29,40_2_29,3,0,
40,2,40_2,30,40_2_30,4,0,
40,2,40_2,31,40_2_31,2,0,
40,2,40_2,32,40_2_32,5,0,
40,2,40_2,33,40_2_33,8,0,
40,2,40_2,34,40_2_34,2,0,
40,2,40_2,35,40_2_35,1,0,
40,2,40_2,36,40_2_36,4,0,
40,2,40_2,37,40_2_37,4,0,
40,2,40_2,38,40_2_38,7,0,
40,2,40_2,39,40_2_39,1,0,
40,2,40_2,40,40_2_40,5,0,
40,2,40_2,41,40_2_41,4,0,
40,2,40_2,42,40_2_42,3,0,
40,2,40_2,43,40_2_43,6,0,
40,2,40_2,44,40_2_44,6,0,
40,2,40_2,45,40_2_45,4,0,
40,2,40_2,46,40_2_46,1,0,
40,2,40_2,47,40_2_47,3,0,
40,2,40_2,48,40_2_48,4,0,
40,2,40_2,49,40_2_49,7,0,
40,2,40_2,50,40_2_50,6,0,
40,3,40_3,1,40_3_1,4,0,
40,3,40_3,2,40_3_2,5,0,
40,3,40_3,3,40_3_3,4,0,
40,3,40_3,4,40_3_4,6,0,
40,3,40_3,5,40_3_5,6,0,
40,3,40_3,6,40_3_6,1,0,
40,3,40_3,7,40_3_7,2,0,
40,3,40_3,8,40_3_8,1,0,
40,3,40_3,9,40_3_9,3,0,
40,3,40_3,10,40_3_10,3,0,
40,3,40_3,11,40_3_11,3,0,
40,3,40_3,12,40_3_12,2,0,
40,3,40_3,13,40_3_13,3,0,
40,3,40_3,14,40_3_14,4,0,
40,3,40_3,15,40_3_15,3,0,
40,3,40_3,16,40_3_16,3,0,
40,3,40_3,17,40_3_17,6,0,
40,3,40_3,18,40_3_18,2,0,
40,3,40_3,19,40_3_19,2,0,
40,3,40_3,20,40_3_20,2,0,
40,3,40_3,21,40_3_21,5,0,
40,3,40_3,22,40_3_22,2,0,
40,3,40_3,23,40_3_23,2,0,
40,3,40_3,24,40_3_24,2,0,
40,3,40_3,25,40_3_25,2,0,
40,3,40_3,26,40_3_26,2,0,
40,3,40_3,27,40_3_27,3,0,
40,3,40_3,28,40_3_28,2,0,
40,3,40_3,29,40_3_29,2,0,
40,3,40_3,30,40_3_30,1,0,
40,3,40_3,31,40_3_31,4,0,
40,3,40_3,32,40_3_32,4,0,
40,3,40_3,33,40_3_33,1,0,
40,3,40_3,34,40_3_34,4,0,
40,3,40_3,35,40_3_35,3,0,
40,3,40_3,36,40_3_36,3,0,
40,3,40_3,37,40_3_37,1,0,
40,3,40_3,38,40_3_38,5,0,
40,3,40_3,39,40_3_39,2,0,
40,3,40_3,40,40_3_40,2,0,
40,3,40_3,41,40_3_41,3,0,
40,3,40_3,42,40_3_42,7,0,
40,3,40_3,43,40_3_43,1,0,
40,3,40_3,44,40_3_44,3,0,
40,3,40_3,45,40_3_45,2,0,
40,3,40_3,46,40_3_46,3,0,
40,3,40_3,47,40_3_47,4,0,
40,3,40_3,48,40_3_48,4,0,
40,3,40_3,49,40_3_49,2,0,
40,3,40_3,50,40_3_50,3,0,
40,4,40_4,1,40_4_1,2,0,
40,4,40_4,2,40_4_2,4,0,
40,4,40_4,3,40_4_3,4,0,
40,4,40_4,4,40_4_4,5,0,
40,4,40_4,5,40_4_5,3,0,
40,4,40_4,6,40_4_6,5,0,
40,4,40_4,7,40_4_7,2,0,
40,4,40_4,8,40_4_8,3,0,
40,4,40_4,9,40_4_9,3,0,
40,4,40_4,10,40_4_10,2,0,
40,4,40_4,11,40_4_11,7,0,
40,4,40_4,12,40_4_12,2,0,
40,4,40_4,13,40_4_13,1,0,
40,4,40_4,14,40_4_14,4,0,
40,4,40_4,15,40_4_15,3,0,
40,4,40_4,16,40_4_16,4,0,
40,4,40_4,17,40_4_17,4,0,
40,4,40_4,18,40_4_18,2,0,
40,4,40_4,19,40_4_19,1,0,
40,4,40_4,20,40_4_20,3,0,
40,4,40_4,21,40_4_21,4,0,
40,4,40_4,22,40_4_22,4,0,
40,4,40_4,23,40_4_23,3,0,
40,4,40_4,24,40_4_24,5,0,
40,4,40_4,25,40_4_25,4,0,
40,4,40_4,26,40_4_26,3,0,
40,4,40_4,27,40_4_27,4,0,
40,4,40_4,28,40_4_28,3,0,
40,4,40_4,29,40_4_29,4,0,
40,4,40_4,30,40_4_30,5,0,
40,4,40_4,31,40_4_31,3,0,
40,4,40_4,32,40_4_32,1,0,
40,4,40_4,33,40_4_33,4,0,
40,4,40_4,34,40_4_34,3,0,
40,4,40_4,35,40_4_35,5,0,
40,4,40_4,36,40_4_36,3,0,
40,4,40_4,37,40_4_37,3,0,
40,4,40_4,38,40_4_38,2,0,
40,4,40_4,39,40_4_39,5,0,
40,4,40_4,40,40_4_40,1,0,
40,4,40_4,41,40_4_41,5,0,
40,4,40_4,42,40_4_42,3,0,
40,4,40_4,43,40_4_43,4,0,
40,4,40_4,44,40_4_44,1,0,
40,4,40_4,45,40_4_45,8,0,
40,4,40_4,46,40_4_46,1,0,
40,4,40_4,47,40_4_47,3,0,
40,4,40_4,48,40_4_48,1,0,
40,4,40_4,49,40_4_49,4,0,
40,4,40_4,50,40_4_50,3,0,
40,5,40_5,1,40_5_1,5,0,
40,5,40_5,2,40_5_2,6,0,
40,5,40_5,3,40_5_3,4,0,
40,5,40_5,4,40_5_4,2,0,
40,5,40_5,5,40_5_5,2,0,
40,5,40_5,6,40_5_6,3,0,
40,5,40_5,7,40_5_7,4,0,
40,5,40_5,8,40_5_8,4,0,
40,5,40_5,9,40_5_9,4,0,
40,5,40_5,10,40_5_10,4,0,
40,5,40_5,11,40_5_11,3,0,
40,5,40_5,12,40_5_12,5,0,
40,5,40_5,13,40_5_13,6,0,
40,5,40_5,14,40_5_14,5,0,
40,5,40_5,15,40_5_15,3,0,
40,5,40_5,16,40_5_16,2,0,
40,5,40_5,17,40_5_17,2,0,
40,5,40_5,18,40_5_18,4,0,
40,5,40_5,19,40_5_19,3,0,
40,5,40_5,20,40_5_20,4,0,
40,5,40_5,21,40_5_21,4,0,
40,5,40_5,22,40_5_22,5,0,
40,5,40_5,23,40_5_23,2,0,
40,5,40_5,24,40_5_24,3,0,
40,5,40_5,25,40_5_25,3,0,
40,5,40_5,26,40_5_26,2,0,
40,5,40_5,27,40_5_27,3,0,
40,5,40_5,28,40_5_28,4,0,
40,5,40_5,29,40_5_29,4,0,
40,5,40_5,30,40_5_30,6,0,
40,5,40_5,31,40_5_31,3,0,
40,5,40_5,32,40_5_32,4,0,
40,5,40_5,33,40_5_33,4,0,
40,5,40_5,34,40_5_34,5,0,
40,5,40_5,35,40_5_35,3,0,
40,5,40_5,36,40_5_36,2,0,
40,5,40_5,37,40_5_37,3,0,
40,5,40_5,38,40_5_38,2,0,
40,5,40_5,39,40_5_39,3,0,
40,5,40_5,40,40_5_40,5,0,
40,5,40_5,41,40_5_41,3,0,
40,5,40_5,42,40_5_42,2,0,
40,5,40_5,43,40_5_43,3,0,
40,5,40_5,44,40_5_44,3,0,
40,5,40_5,45,40_5_45,6,0,
40,5,40_5,46,40_5_46,4,0,
40,5,40_5,47,40_5_47,4,0,
40,5,40_5,48,40_5_48,4,0,
40,5,40_5,49,40_5_49,3,0,
40,5,40_5,50,40_5_50,2,0,
40,6,40_6,1,40_6_1,7,0,
40,6,40_6,2,40_6_2,6,0,
40,6,40_6,3,40_6_3,5,0,
40,6,40_6,4,40_6_4,2,0,
40,6,40_6,5,40_6_5,3,0,
40,6,40_6,6,40_6_6,4,0,
40,6,40_6,7,40_6_7,6,0,
40,6,40_6,8,40_6_8,6,0,
40,6,40_6,9,40_6_9,6,0,
40,6,40_6,10,40_6_10,2,0,
40,6,40_6,11,40_6_11,5,0,
40,6,40_6,12,40_6_12,2,0,
40,6,40_6,13,40_6_13,3,0,
40,6,40_6,14,40_6_14,5,0,
40,6,40_6,15,40_6_15,5,0,
40,6,40_6,16,40_6_16,6,0,
40,6,40_6,17,40_6_17,5,0,
40,6,40_6,18,40_6_18,1,0,
40,6,40_6,19,40_6_19,4,0,
40,6,40_6,20,40_6_20,5,0,
40,6,40_6,21,40_6_21,1,0,
40,6,40_6,22,40_6_22,1,0,
40,6,40_6,23,40_6_23,2,0,
40,6,40_6,24,40_6_24,5,0,
40,6,40_6,25,40_6_25,3,0,
40,6,40_6,26,40_6_26,2,0,
40,6,40_6,27,40_6_27,5,0,
40,6,40_6,28,40_6_28,4,0,
40,6,40_6,29,40_6_29,5,0,
40,6,40_6,30,40_6_30,4,0,
40,6,40_6,31,40_6_31,3,0,
40,6,40_6,32,40_6_32,1,0,
40,6,40_6,33,40_6_33,2,0,
40,6,40_6,34,40_6_34,2,0,
40,6,40_6,35,40_6_35,4,0,
40,6,40_6,36,40_6_36,1,0,
40,6,40_6,37,40_6_37,4,0,
40,6,40_6,38,40_6_38,3,0,
40,6,40_6,39,40_6_39,3,0,
40,6,40_6,40,40_6_40,6,0,
40,6,40_6,41,40_6_41,2,0,
40,6,40_6,42,40_6_42,5,0,
40,6,40_6,43,40_6_43,4,0,
40,6,40_6,44,40_6_44,5,0,
40,6,40_6,45,40_6_45,4,0,
40,6,40_6,46,40_6_46,5,0,
40,6,40_6,47,40_6_47,2,0,
40,6,40_6,48,40_6_48,4,0,
40,6,40_6,49,40_6_49,2,0,
40,6,40_6,50,40_6_50,2,0,
41,1,41_1,1,41_1_1,4,0,
41,1,41_1,2,41_1_2,4,0,
41,1,41_1,3,41_1_3,4,0,
41,1,41_1,4,41_1_4,4,0,
41,1,41_1,5,41_1_5,4,0,
41,1,41_1,6,41_1_6,3,0,
41,1,41_1,7,41_1_7,3,0,
41,1,41_1,8,41_1_8,2,0,
41,1,41_1,9,41_1_9,5,0,
41,1,41_1,10,41_1_10,2,0,
41,1,41_1,11,41_1_11,2,0,
41,1,41_1,12,41_1_12,4,0,
41,1,41_1,13,41_1_13,5,0,
41,1,41_1,14,41_1_14,2,0,
41,1,41_1,15,41_1_15,3,0,
41,1,41_1,16,41_1_16,2,0,
41,1,41_1,17,41_1_17,1,0,
41,1,41_1,18,41_1_18,3,0,
41,1,41_1,19,41_1_19,6,0,
41,1,41_1,20,41_1_20,5,0,
41,1,41_1,21,41_1_21,2,0,
41,1,41_1,22,41_1_22,1,0,
41,1,41_1,23,41_1_23,1,0,
41,1,41_1,24,41_1_24,5,0,
41,1,41_1,25,41_1_25,6,0,
41,1,41_1,26,41_1_26,5,0,
41,1,41_1,27,41_1_27,2,0,
41,1,41_1,28,41_1_28,3,0,
41,1,41_1,29,41_1_29,2,0,
41,1,41_1,30,41_1_30,4,0,
41,1,41_1,31,41_1_31,3,0,
41,1,41_1,32,41_1_32,1,0,
41,1,41_1,33,41_1_33,3,0,
41,1,41_1,34,41_1_34,1,0,
41,1,41_1,35,41_1_35,2,0,
41,1,41_1,36,41_1_36,5,0,
41,1,41_1,37,41_1_37,4,0,
41,1,41_1,38,41_1_38,3,0,
41,1,41_1,39,41_1_39,4,0,
41,1,41_1,40,41_1_40,2,0,
41,1,41_1,41,41_1_41,2,0,
41,1,41_1,42,41_1_42,1,0,
41,1,41_1,43,41_1_43,3,0,
41,1,41_1,44,41_1_44,3,0,
41,1,41_1,45,41_1_45,1,0,
41,1,41_1,46,41_1_46,2,0,
41,1,41_1,47,41_1_47,1,0,
41,1,41_1,48,41_1_48,2,0,
41,1,41_1,49,41_1_49,2,0,
41,1,41_1,50,41_1_50,3,0,
41,2,41_2,1,41_2_1,7,0,
41,2,41_2,2,41_2_2,4,0,
41,2,41_2,3,41_2_3,6,0,
41,2,41_2,4,41_2_4,4,0,
41,2,41_2,5,41_2_5,3,0,
41,2,41_2,6,41_2_6,3,0,
41,2,41_2,7,41_2_7,3,0,
41,2,41_2,8,41_2_8,5,0,
41,2,41_2,9,41_2_9,7,0,
41,2,41_2,10,41_2_10,5,0,
41,2,41_2,11,41_2_11,5,0,
41,2,41_2,12,41_2_12,5,0,
41,2,41_2,13,41_2_13,4,0,
41,2,41_2,14,41_2_14,6,0,
41,2,41_2,15,41_2_15,2,0,
41,2,41_2,16,41_2_16,1,0,
41,2,41_2,17,41_2_17,1,0,
41,2,41_2,18,41_2_18,2,0,
41,2,41_2,19,41_2_19,2,0,
41,2,41_2,20,41_2_20,5,0,
41,2,41_2,21,41_2_21,5,0,
41,2,41_2,22,41_2_22,5,0,
41,2,41_2,23,41_2_23,2,0,
41,2,41_2,24,41_2_24,4,0,
41,2,41_2,25,41_2_25,4,0,
41,2,41_2,26,41_2_26,1,0,
41,2,41_2,27,41_2_27,5,0,
41,2,41_2,28,41_2_28,6,0,
41,2,41_2,29,41_2_29,4,0,
41,2,41_2,30,41_2_30,5,0,
41,2,41_2,31,41_2_31,6,0,
41,2,41_2,32,41_2_32,3,0,
41,2,41_2,33,41_2_33,5,0,
41,2,41_2,34,41_2_34,5,0,
41,2,41_2,35,41_2_35,5,0,
41,2,41_2,36,41_2_36,2,0,
41,2,41_2,37,41_2_37,4,0,
41,2,41_2,38,41_2_38,4,0,
41,2,41_2,39,41_2_39,5,0,
41,2,41_2,40,41_2_40,3,0,
41,2,41_2,41,41_2_41,4,0,
41,2,41_2,42,41_2_42,4,0,
41,2,41_2,43,41_2_43,3,0,
41,2,41_2,44,41_2_44,4,0,
41,2,41_2,45,41_2_45,4,0,
41,2,41_2,46,41_2_46,5,0,
41,2,41_2,47,41_2_47,2,0,
41,2,41_2,48,41_2_48,3,0,
41,2,41_2,49,41_2_49,3,0,
41,2,41_2,50,41_2_50,2,0,
41,3,41_3,1,41_3_1,6,0,
41,3,41_3,2,41_3_2,4,0,
41,3,41_3,3,41_3_3,1,0,
41,3,41_3,4,41_3_4,2,0,
41,3,41_3,5,41_3_5,5,0,
41,3,41_3,6,41_3_6,4,0,
41,3,41_3,7,41_3_7,3,0,
41,3,41_3,8,41_3_8,4,0,
41,3,41_3,9,41_3_9,3,0,
41,3,41_3,10,41_3_10,3,0,
41,3,41_3,11,41_3_11,3,0,
41,3,41_3,12,41_3_12,5,0,
41,3,41_3,13,41_3_13,5,0,
41,3,41_3,14,41_3_14,3,0,
41,3,41_3,15,41_3_15,1,0,
41,3,41_3,16,41_3_16,6,0,
41,3,41_3,17,41_3_17,4,0,
41,3,41_3,18,41_3_18,2,0,
41,3,41_3,19,41_3_19,2,0,
41,3,41_3,20,41_3_20,3,0,
41,3,41_3,21,41_3_21,3,0,
41,3,41_3,22,41_3_22,2,0,
41,3,41_3,23,41_3_23,1,0,
41,3,41_3,24,41_3_24,5,0,
41,3,41_3,25,41_3_25,6,0,
41,3,41_3,26,41_3_26,5,0,
41,3,41_3,27,41_3_27,1,0,
41,3,41_3,28,41_3_28,6,0,
41,3,41_3,29,41_3_29,1,0,
41,3,41_3,30,41_3_30,5,0,
41,3,41_3,31,41_3_31,3,0,
41,3,41_3,32,41_3_32,6,0,
41,3,41_3,33,41_3_33,3,0,
41,3,41_3,34,41_3_34,2,0,
41,3,41_3,35,41_3_35,2,0,
41,3,41_3,36,41_3_36,2,0,
41,3,41_3,37,41_3_37,1,0,
41,3,41_3,38,41_3_38,3,0,
41,3,41_3,39,41_3_39,2,0,
41,3,41_3,40,41_3_40,1,0,
41,3,41_3,41,41_3_41,5,0,
41,3,41_3,42,41_3_42,3,0,
41,3,41_3,43,41_3_43,3,0,
41,3,41_3,44,41_3_44,1,0,
41,3,41_3,45,41_3_45,4,0,
41,3,41_3,46,41_3_46,2,0,
41,3,41_3,47,41_3_47,3,0,
41,3,41_3,48,41_3_48,6,0,
41,3,41_3,49,41_3_49,8,0,
41,3,41_3,50,41_3_50,5,0,
41,4,41_4,1,41_4_1,5,0,
41,4,41_4,2,41_4_2,2,0,
41,4,41_4,3,41_4_3,3,0,
41,4,41_4,4,41_4_4,2,0,
41,4,41_4,5,41_4_5,3,0,
41,4,41_4,6,41_4_6,2,0,
41,4,41_4,7,41_4_7,5,0,
41,4,41_4,8,41_4_8,4,0,
41,4,41_4,9,41_4_9,4,0,
41,4,41_4,10,41_4_10,2,0,
41,4,41_4,11,41_4_11,2,0,
41,4,41_4,12,41_4_12,4,0,
41,4,41_4,13,41_4_13,6,0,
41,4,41_4,14,41_4_14,3,0,
41,4,41_4,15,41_4_15,4,0,
41,4,41_4,16,41_4_16,3,0,
41,4,41_4,17,41_4_17,4,0,
41,4,41_4,18,41_4_18,3,0,
41,4,41_4,19,41_4_19,4,0,
41,4,41_4,20,41_4_20,2,0,
41,4,41_4,21,41_4_21,1,0,
41,4,41_4,22,41_4_22,4,0,
41,4,41_4,23,41_4_23,4,0,
41,4,41_4,24,41_4_24,2,0,
41,4,41_4,25,41_4_25,3,0,
41,4,41_4,26,41_4_26,2,0,
41,4,41_4,27,41_4_27,2,0,
41,4,41_4,28,41_4_28,3,0,
41,4,41_4,29,41_4_29,3,0,
41,4,41_4,30,41_4_30,4,0,
41,4,41_4,31,41_4_31,3,0,
41,4,41_4,32,41_4_32,3,0,
41,4,41_4,33,41_4_33,4,0,
41,4,41_4,34,41_4_34,4,0,
41,4,41_4,35,41_4_35,4,0,
41,4,41_4,36,41_4_36,3,0,
41,4,41_4,37,41_4_37,3,0,
41,4,41_4,38,41_4_38,5,0,
41,4,41_4,39,41_4_39,4,0,
41,4,41_4,40,41_4_40,5,0,
41,4,41_4,41,41_4_41,5,0,
41,4,41_4,42,41_4_42,3,0,
41,4,41_4,43,41_4_43,1,0,
41,4,41_4,44,41_4_44,3,0,
41,4,41_4,45,41_4_45,1,0,
41,4,41_4,46,41_4_46,2,0,
41,4,41_4,47,41_4_47,6,0,
41,4,41_4,48,41_4_48,4,0,
41,4,41_4,49,41_4_49,2,0,
41,4,41_4,50,41_4_50,3,0,
41,5,41_5,1,41_5_1,6,0,
41,5,41_5,2,41_5_2,8,0,
41,5,41_5,3,41_5_3,5,0,
41,5,41_5,4,41_5_4,7,0,
41,5,41_5,5,41_5_5,2,0,
41,5,41_5,6,41_5_6,7,0,
41,5,41_5,7,41_5_7,7,0,
41,5,41_5,8,41_5_8,5,0,
41,5,41_5,9,41_5_9,3,0,
41,5,41_5,10,41_5_10,3,0,
41,5,41_5,11,41_5_11,5,0,
41,5,41_5,12,41_5_12,3,0,
41,5,41_5,13,41_5_13,3,0,
41,5,41_5,14,41_5_14,4,0,
41,5,41_5,15,41_5_15,4,0,
41,5,41_5,16,41_5_16,6,0,
41,5,41_5,17,41_5_17,4,0,
41,5,41_5,18,41_5_18,8,0,
41,5,41_5,19,41_5_19,4,0,
41,5,41_5,20,41_5_20,5,0,
41,5,41_5,21,41_5_21,7,0,
41,5,41_5,22,41_5_22,4,0,
41,5,41_5,23,41_5_23,1,0,
41,5,41_5,24,41_5_24,2,0,
41,5,41_5,25,41_5_25,2,0,
41,5,41_5,26,41_5_26,3,0,
41,5,41_5,27,41_5_27,5,0,
41,5,41_5,28,41_5_28,5,0,
41,5,41_5,29,41_5_29,5,0,
41,5,41_5,30,41_5_30,5,0,
41,5,41_5,31,41_5_31,7,0,
41,5,41_5,32,41_5_32,5,0,
41,5,41_5,33,41_5_33,4,0,
41,5,41_5,34,41_5_34,5,0,
41,5,41_5,35,41_5_35,3,0,
41,5,41_5,36,41_5_36,3,0,
41,5,41_5,37,41_5_37,3,0,
41,5,41_5,38,41_5_38,6,0,
41,5,41_5,39,41_5_39,3,0,
41,5,41_5,40,41_5_40,4,0,
41,5,41_5,41,41_5_41,2,0,
41,5,41_5,42,41_5_42,3,0,
41,5,41_5,43,41_5_43,2,0,
41,5,41_5,44,41_5_44,5,0,
41,5,41_5,45,41_5_45,4,0,
41,5,41_5,46,41_5_46,4,0,
41,5,41_5,47,41_5_47,3,0,
41,5,41_5,48,41_5_48,3,0,
41,5,41_5,49,41_5_49,1,0,
41,5,41_5,50,41_5_50,3,0,
41,6,41_6,1,41_6_1,5,0,
41,6,41_6,2,41_6_2,3,0,
41,6,41_6,3,41_6_3,2,0,
41,6,41_6,4,41_6_4,4,0,
41,6,41_6,5,41_6_5,2,0,
41,6,41_6,6,41_6_6,4,0,
41,6,41_6,7,41_6_7,2,0,
41,6,41_6,8,41_6_8,6,0,
41,6,41_6,9,41_6_9,3,0,
41,6,41_6,10,41_6_10,3,0,
41,6,41_6,11,41_6_11,4,0,
41,6,41_6,12,41_6_12,4,0,
41,6,41_6,13,41_6_13,3,0,
41,6,41_6,14,41_6_14,2,0,
41,6,41_6,15,41_6_15,1,0,
41,6,41_6,16,41_6_16,4,0,
41,6,41_6,17,41_6_17,5,0,
41,6,41_6,18,41_6_18,4,0,
41,6,41_6,19,41_6_19,3,0,
41,6,41_6,20,41_6_20,3,0,
41,6,41_6,21,41_6_21,4,0,
41,6,41_6,22,41_6_22,2,0,
41,6,41_6,23,41_6_23,2,0,
41,6,41_6,24,41_6_24,2,0,
41,6,41_6,25,41_6_25,4,0,
41,6,41_6,26,41_6_26,3,0,
41,6,41_6,27,41_6_27,6,0,
41,6,41_6,28,41_6_28,2,0,
41,6,41_6,29,41_6_29,2,0,
41,6,41_6,30,41_6_30,4,0,
41,6,41_6,31,41_6_31,8,0,
41,6,41_6,32,41_6_32,5,0,
41,6,41_6,33,41_6_33,3,0,
41,6,41_6,34,41_6_34,3,0,
41,6,41_6,35,41_6_35,3,0,
41,6,41_6,36,41_6_36,3,0,
41,6,41_6,37,41_6_37,3,0,
41,6,41_6,38,41_6_38,3,0,
41,6,41_6,39,41_6_39,1,0,
41,6,41_6,40,41_6_40,3,0,
41,6,41_6,41,41_6_41,5,0,
41,6,41_6,42,41_6_42,4,0,
41,6,41_6,43,41_6_43,2,0,
41,6,41_6,44,41_6_44,1,0,
41,6,41_6,45,41_6_45,5,0,
41,6,41_6,46,41_6_46,3,0,
41,6,41_6,47,41_6_47,1,0,
41,6,41_6,48,41_6_48,2,0,
41,6,41_6,49,41_6_49,2,0,
41,6,41_6,50,41_6_50,4,0,
47,1,47_1,1,47_1_1,3,0,
47,1,47_1,2,47_1_2,3,0,
47,1,47_1,3,47_1_3,2,0,
47,1,47_1,4,47_1_4,4,0,
47,1,47_1,5,47_1_5,5,0,
47,1,47_1,6,47_1_6,3,0,
47,1,47_1,7,47_1_7,2,0,
47,1,47_1,8,47_1_8,2,0,
47,1,47_1,9,47_1_9,3,0,
47,1,47_1,10,47_1_10,2,0,
47,1,47_1,11,47_1_11,4,0,
47,1,47_1,12,47_1_12,3,0,
47,1,47_1,13,47_1_13,1,0,
47,1,47_1,14,47_1_14,1,0,
47,1,47_1,15,47_1_15,1,0,
47,1,47_1,16,47_1_16,3,0,
47,1,47_1,17,47_1_17,3,0,
47,1,47_1,18,47_1_18,2,0,
47,1,47_1,19,47_1_19,3,0,
47,1,47_1,20,47_1_20,1,0,
47,1,47_1,21,47_1_21,3,0,
47,1,47_1,22,47_1_22,2,0,
47,1,47_1,23,47_1_23,3,0,
47,1,47_1,24,47_1_24,4,0,
47,1,47_1,25,47_1_25,4,0,
47,1,47_1,26,47_1_26,1,0,
47,1,47_1,27,47_1_27,2,0,
47,1,47_1,28,47_1_28,3,0,
47,1,47_1,29,47_1_29,2,0,
47,1,47_1,30,47_1_30,2,0,
47,1,47_1,31,47_1_31,2,0,
47,1,47_1,32,47_1_32,1,0,
47,1,47_1,33,47_1_33,3,0,
47,1,47_1,34,47_1_34,1,0,
47,1,47_1,35,47_1_35,2,0,
47,1,47_1,36,47_1_36,2,0,
47,1,47_1,37,47_1_37,2,0,
47,1,47_1,38,47_1_38,1,0,
47,1,47_1,39,47_1_39,1,0,
47,1,47_1,40,47_1_40,2,0,
47,1,47_1,41,47_1_41,1,0,
47,1,47_1,42,47_1_42,2,0,
47,1,47_1,43,47_1_43,4,0,
47,1,47_1,44,47_1_44,1,0,
47,1,47_1,45,47_1_45,2,0,
47,1,47_1,46,47_1_46,2,0,
47,1,47_1,47,47_1_47,1,0,
47,1,47_1,48,47_1_48,2,0,
47,1,47_1,49,47_1_49,1,0,
47,1,47_1,50,47_1_50,3,0,
47,2,47_2,1,47_2_1,4,0,
47,2,47_2,2,47_2_2,2,0,
47,2,47_2,3,47_2_3,3,0,
47,2,47_2,4,47_2_4,4,0,
47,2,47_2,5,47_2_5,2,0,
47,2,47_2,6,47_2_6,2,0,
47,2,47_2,7,47_2_7,2,0,
47,2,47_2,8,47_2_8,6,0,
47,2,47_2,9,47_2_9,7,0,
47,2,47_2,10,47_2_10,3,0,
47,2,47_2,11,47_2_11,2,0,
47,2,47_2,12,47_2_12,2,0,
47,2,47_2,13,47_2_13,3,0,
47,2,47_2,14,47_2_14,3,0,
47,2,47_2,15,47_2_15,3,0,
47,2,47_2,16,47_2_16,3,0,
47,2,47_2,17,47_2_17,2,0,
47,2,47_2,18,47_2_18,4,0,
47,2,47_2,19,47_2_19,1,0,
47,2,47_2,20,47_2_20,6,0,
47,2,47_2,21,47_2_21,3,0,
47,2,47_2,22,47_2_22,5,0,
47,2,47_2,23,47_2_23,4,0,
47,2,47_2,24,47_2_24,4,0,
47,2,47_2,25,47_2_25,2,0,
47,2,47_2,26,47_2_26,3,0,
47,2,47_2,27,47_2_27,3,0,
47,2,47_2,28,47_2_28,4,0,
47,2,47_2,29,47_2_29,3,0,
47,2,47_2,30,47_2_30,4,0,
47,2,47_2,31,47_2_31,3,0,
47,2,47_2,32,47_2_32,1,0,
47,2,47_2,33,47_2_33,7,0,
47,2,47_2,34,47_2_34,3,0,
47,2,47_2,35,47_2_35,5,0,
47,2,47_2,36,47_2_36,1,0,
47,2,47_2,37,47_2_37,3,0,
47,2,47_2,38,47_2_38,3,0,
47,2,47_2,39,47_2_39,2,0,
47,2,47_2,40,47_2_40,2,0,
47,2,47_2,41,47_2_41,2,0,
47,2,47_2,42,47_2_42,3,0,
47,2,47_2,43,47_2_43,5,0,
47,2,47_2,44,47_2_44,5,0,
47,2,47_2,45,47_2_45,5,0,
47,2,47_2,46,47_2_46,2,0,
47,2,47_2,47,47_2_47,3,0,
47,2,47_2,48,47_2_48,2,0,
47,2,47_2,49,47_2_49,4,0,
47,2,47_2,50,47_2_50,5,0,
47,3,47_3,1,47_3_1,5,0,
47,3,47_3,2,47_3_2,6,0,
47,3,47_3,3,47_3_3,5,0,
47,3,47_3,4,47_3_4,2,0,
47,3,47_3,5,47_3_5,5,0,
47,3,47_3,6,47_3_6,5,0,
47,3,47_3,7,47_3_7,5,0,
47,3,47_3,8,47_3_8,3,0,
47,3,47_3,9,47_3_9,3,0,
47,3,47_3,10,47_3_10,4,0,
47,3,47_3,11,47_3_11,4,0,
47,3,47_3,12,47_3_12,4,0,
47,3,47_3,13,47_3_13,3,0,
47,3,47_3,14,47_3_14,6,0,
47,3,47_3,15,47_3_15,3,0,
47,3,47_3,16,47_3_16,5,0,
47,3,47_3,17,47_3_17,3,0,
47,3,47_3,18,47_3_18,4,0,
47,3,47_3,19,47_3_19,6,0,
47,3,47_3,20,47_3_20,3,0,
47,3,47_3,21,47_3_21,4,0,
47,3,47_3,22,47_3_22,3,0,
47,3,47_3,23,47_3_23,4,0,
47,3,47_3,24,47_3_24,3,0,
47,3,47_3,25,47_3_25,2,0,
47,3,47_3,26,47_3_26,3,0,
47,3,47_3,27,47_3_27,3,0,
47,3,47_3,28,47_3_28,4,0,
47,3,47_3,29,47_3_29,4,0,
47,3,47_3,30,47_3_30,6,0,
47,3,47_3,31,47_3_31,7,0,
47,3,47_3,32,47_3_32,4,0,
47,3,47_3,33,47_3_33,1,0,
47,3,47_3,34,47_3_34,6,0,
47,3,47_3,35,47_3_35,3,0,
47,3,47_3,36,47_3_36,3,0,
47,3,47_3,37,47_3_37,1,0,
47,3,47_3,38,47_3_38,3,0,
47,3,47_3,39,47_3_39,3,0,
47,3,47_3,40,47_3_40,6,0,
47,3,47_3,41,47_3_41,3,0,
47,3,47_3,42,47_3_42,2,0,
47,3,47_3,43,47_3_43,2,0,
47,3,47_3,44,47_3_44,3,0,
47,3,47_3,45,47_3_45,1,0,
47,3,47_3,46,47_3_46,5,0,
47,3,47_3,47,47_3_47,2,0,
47,3,47_3,48,47_3_48,2,0,
47,3,47_3,49,47_3_49,5,0,
47,3,47_3,50,47_3_50,3,0,
47,4,47_4,1,47_4_1,1,0,
47,4,47_4,2,47_4_2,1,0,
47,4,47_4,3,47_4_3,4,0,
47,4,47_4,4,47_4_4,3,0,
47,4,47_4,5,47_4_5,2,0,
47,4,47_4,6,47_4_6,4,0,
47,4,47_4,7,47_4_7,5,0,
47,4,47_4,8,47_4_8,3,0,
47,4,47_4,9,47_4_9,5,0,
47,4,47_4,10,47_4_10,3,0,
47,4,47_4,11,47_4_11,6,0,
47,4,47_4,12,47_4_12,3,0,
47,4,47_4,13,47_4_13,7,0,
47,4,47_4,14,47_4_14,4,0,
47,4,47_4,15,47_4_15,6,0,
47,4,47_4,16,47_4_16,2,0,
47,4,47_4,17,47_4_17,2,0,
47,4,47_4,18,47_4_18,2,0,
47,4,47_4,19,47_4_19,4,0,
47,4,47_4,20,47_4_20,4,0,
47,4,47_4,21,47_4_21,3,0,
47,4,47_4,22,47_4_22,5,0,
47,4,47_4,23,47_4_23,5,0,
47,4,47_4,24,47_4_24,1,0,
47,4,47_4,25,47_4_25,3,0,
47,4,47_4,26,47_4_26,2,0,
47,4,47_4,27,47_4_27,1,0,
47,4,47_4,28,47_4_28,3,0,
47,4,47_4,29,47_4_29,2,0,
47,4,47_4,30,47_4_30,5,0,
47,4,47_4,31,47_4_31,4,0,
47,4,47_4,32,47_4_32,4,0,
47,4,47_4,33,47_4_33,2,0,
47,4,47_4,34,47_4_34,4,0,
47,4,47_4,35,47_4_35,5,0,
47,4,47_4,36,47_4_36,3,0,
47,4,47_4,37,47_4_37,4,0,
47,4,47_4,38,47_4_38,4,0,
47,4,47_4,39,47_4_39,3,0,
47,4,47_4,40,47_4_40,1,0,
47,4,47_4,41,47_4_41,4,0,
47,4,47_4,42,47_4_42,4,0,
47,4,47_4,43,47_4_43,5,0,
47,4,47_4,44,47_4_44,4,0,
47,4,47_4,45,47_4_45,1,0,
47,4,47_4,46,47_4_46,2,0,
47,4,47_4,47,47_4_47,1,0,
47,4,47_4,48,47_4_48,4,0,
47,4,47_4,49,47_4_49,4,0,
47,4,47_4,50,47_4_50,3,0,
47,5,47_5,1,47_5_1,8,0,
47,5,47_5,2,47_5_2,7,0,
47,5,47_5,3,47_5_3,7,0,
47,5,47_5,4,47_5_4,3,0,
47,5,47_5,5,47_5_5,5,0,
47,5,47_5,6,47_5_6,3,0,
47,5,47_5,7,47_5_7,5,0,
47,5,47_5,8,47_5_8,3,0,
47,5,47_5,9,47_5_9,8,0,
47,5,47_5,10,47_5_10,6,0,
47,5,47_5,11,47_5_11,5,0,
47,5,47_5,12,47_5_12,3,0,
47,5,47_5,13,47_5_13,4,0,
47,5,47_5,14,47_5_14,5,0,
47,5,47_5,15,47_5_15,4,0,
47,5,47_5,16,47_5_16,5,0,
47,5,47_5,17,47_5_17,4,0,
47,5,47_5,18,47_5_18,5,0,
47,5,47_5,19,47_5_19,4,0,
47,5,47_5,20,47_5_20,6,0,
47,5,47_5,21,47_5_21,7,0,
47,5,47_5,22,47_5_22,3,0,
47,5,47_5,23,47_5_23,2,0,
47,5,47_5,24,47_5_24,5,0,
47,5,47_5,25,47_5_25,4,0,
47,5,47_5,26,47_5_26,4,0,
47,5,47_5,27,47_5_27,4,0,
47,5,47_5,28,47_5_28,5,0,
47,5,47_5,29,47_5_29,5,0,
47,5,47_5,30,47_5_30,5,0,
47,5,47_5,31,47_5_31,5,0,
47,5,47_5,32,47_5_32,4,0,
47,5,47_5,33,47_5_33,3,0,
47,5,47_5,34,47_5_34,5,0,
47,5,47_5,35,47_5_35,8,0,
47,5,47_5,36,47_5_36,5,0,
47,5,47_5,37,47_5_37,6,0,
47,5,47_5,38,47_5_38,6,0,
47,5,47_5,39,47_5_39,4,0,
47,5,47_5,40,47_5_40,3,0,
47,5,47_5,41,47_5_41,2,0,
47,5,47_5,42,47_5_42,6,0,
47,5,47_5,43,47_5_43,5,0,
47,5,47_5,44,47_5_44,6,0,
47,5,47_5,45,47_5_45,4,0,
47,5,47_5,46,47_5_46,3,0,
47,5,47_5,47,47_5_47,6,0,
47,5,47_5,48,47_5_48,4,0,
47,5,47_5,49,47_5_49,5,0,
47,5,47_5,50,47_5_50,4,0,
47,6,47_6,1,47_6_1,5,0,
47,6,47_6,2,47_6_2,4,0,
47,6,47_6,3,47_6_3,2,0,
47,6,47_6,4,47_6_4,2,0,
47,6,47_6,5,47_6_5,2,0,
47,6,47_6,6,47_6_6,4,0,
47,6,47_6,7,47_6_7,4,0,
47,6,47_6,8,47_6_8,4,0,
47,6,47_6,9,47_6_9,3,0,
47,6,47_6,10,47_6_10,2,0,
47,6,47_6,11,47_6_11,3,0,
47,6,47_6,12,47_6_12,3,0,
47,6,47_6,13,47_6_13,5,0,
47,6,47_6,14,47_6_14,3,0,
47,6,47_6,15,47_6_15,3,0,
47,6,47_6,16,47_6_16,3,0,
47,6,47_6,17,47_6_17,3,0,
47,6,47_6,18,47_6_18,3,0,
47,6,47_6,19,47_6_19,4,0,
47,6,47_6,20,47_6_20,2,0,
47,6,47_6,21,47_6_21,3,0,
47,6,47_6,22,47_6_22,3,0,
47,6,47_6,23,47_6_23,3,0,
47,6,47_6,24,47_6_24,1,0,
47,6,47_6,25,47_6_25,3,0,
47,6,47_6,26,47_6_26,3,0,
47,6,47_6,27,47_6_27,2,0,
47,6,47_6,28,47_6_28,4,0,
47,6,47_6,29,47_6_29,2,0,
47,6,47_6,30,47_6_30,1,0,
47,6,47_6,31,47_6_31,2,0,
47,6,47_6,32,47_6_32,3,0,
47,6,47_6,33,47_6_33,2,0,
47,6,47_6,34,47_6_34,4,0,
47,6,47_6,35,47_6_35,2,0,
47,6,47_6,36,47_6_36,3,0,
47,6,47_6,37,47_6_37,2,0,
47,6,47_6,38,47_6_38,3,0,
47,6,47_6,39,47_6_39,2,0,
47,6,47_6,40,47_6_40,2,0,
47,6,47_6,41,47_6_41,3,0,
47,6,47_6,42,47_6_42,2,0,
47,6,47_6,43,47_6_43,2,0,
47,6,47_6,44,47_6_44,7,0,
47,6,47_6,45,47_6_45,3,0,
47,6,47_6,46,47_6_46,2,0,
47,6,47_6,47,47_6_47,3,0,
47,6,47_6,48,47_6_48,2,0,
47,6,47_6,49,47_6_49,1,0,
47,6,47_6,50,47_6_50,5,0,
48,1,48_1,1,48_1_1,1,0,
48,1,48_1,2,48_1_2,7,0,
48,1,48_1,3,48_1_3,5,0,
48,1,48_1,4,48_1_4,3,0,
48,1,48_1,5,48_1_5,4,0,
48,1,48_1,6,48_1_6,2,0,
48,1,48_1,7,48_1_7,3,0,
48,1,48_1,8,48_1_8,2,0,
48,1,48_1,9,48_1_9,3,0,
48,1,48_1,10,48_1_10,5,0,
48,1,48_1,11,48_1_11,6,0,
48,1,48_1,12,48_1_12,2,0,
48,1,48_1,13,48_1_13,3,0,
48,1,48_1,14,48_1_14,2,0,
48,1,48_1,15,48_1_15,2,0,
48,1,48_1,16,48_1_16,2,0,
48,1,48_1,17,48_1_17,3,0,
48,1,48_1,18,48_1_18,5,0,
48,1,48_1,19,48_1_19,3,0,
48,1,48_1,20,48_1_20,2,0,
48,1,48_1,21,48_1_21,4,0,
48,1,48_1,22,48_1_22,3,0,
48,1,48_1,23,48_1_23,1,0,
48,1,48_1,24,48_1_24,2,0,
48,1,48_1,25,48_1_25,4,0,
48,1,48_1,26,48_1_26,2,0,
48,1,48_1,27,48_1_27,2,0,
48,1,48_1,28,48_1_28,2,0,
48,1,48_1,29,48_1_29,3,0,
48,1,48_1,30,48_1_30,6,0,
48,1,48_1,31,48_1_31,2,0,
48,1,48_1,32,48_1_32,4,0,
48,1,48_1,33,48_1_33,4,0,
48,1,48_1,34,48_1_34,5,0,
48,1,48_1,35,48_1_35,3,0,
48,1,48_1,36,48_1_36,1,0,
48,1,48_1,37,48_1_37,3,0,
48,1,48_1,38,48_1_38,2,0,
48,1,48_1,39,48_1_39,5,0,
48,1,48_1,40,48_1_40,3,0,
48,1,48_1,41,48_1_41,1,0,
48,1,48_1,42,48_1_42,6,0,
48,1,48_1,43,48_1_43,4,0,
48,1,48_1,44,48_1_44,3,0,
48,1,48_1,45,48_1_45,5,0,
48,1,48_1,46,48_1_46,3,0,
48,1,48_1,47,48_1_47,2,0,
48,1,48_1,48,48_1_48,4,0,
48,1,48_1,49,48_1_49,2,0,
48,1,48_1,50,48_1_50,4,0,
48,2,48_2,1,48_2_1,1,0,
48,2,48_2,2,48_2_2,5,0,
48,2,48_2,3,48_2_3,5,0,
48,2,48_2,4,48_2_4,4,0,
48,2,48_2,5,48_2_5,6,0,
48,2,48_2,6,48_2_6,6,0,
48,2,48_2,7,48_2_7,4,0,
48,2,48_2,8,48_2_8,3,0,
48,2,48_2,9,48_2_9,3,0,
48,2,48_2,10,48_2_10,7,0,
48,2,48_2,11,48_2_11,5,0,
48,2,48_2,12,48_2_12,3,0,
48,2,48_2,13,48_2_13,4,0,
48,2,48_2,14,48_2_14,2,0,
48,2,48_2,15,48_2_15,4,0,
48,2,48_2,16,48_2_16,6,0,
48,2,48_2,17,48_2_17,3,0,
48,2,48_2,18,48_2_18,5,0,
48,2,48_2,19,48_2_19,4,0,
48,2,48_2,20,48_2_20,4,0,
48,2,48_2,21,48_2_21,3,0,
48,2,48_2,22,48_2_22,4,0,
48,2,48_2,23,48_2_23,6,0,
48,2,48_2,24,48_2_24,3,0,
48,2,48_2,25,48_2_25,5,0,
48,2,48_2,26,48_2_26,2,0,
48,2,48_2,27,48_2_27,4,0,
48,2,48_2,28,48_2_28,6,0,
48,2,48_2,29,48_2_29,4,0,
48,2,48_2,30,48_2_30,4,0,
48,2,48_2,31,48_2_31,2,0,
48,2,48_2,32,48_2_32,2,0,
48,2,48_2,33,48_2_33,6,0,
48,2,48_2,34,48_2_34,5,0,
48,2,48_2,35,48_2_35,5,0,
48,2,48_2,36,48_2_36,4,0,
48,2,48_2,37,48_2_37,5,0,
48,2,48_2,38,48_2_38,8,0,
48,2,48_2,39,48_2_39,4,0,
48,2,48_2,40,48_2_40,5,0,
48,2,48_2,41,48_2_41,5,0,
48,2,48_2,42,48_2_42,6,0,
48,2,48_2,43,48_2_43,1,0,
48,2,48_2,44,48_2_44,5,0,
48,2,48_2,45,48_2_45,1,0,
48,2,48_2,46,48_2_46,3,0,
48,2,48_2,47,48_2_47,3,0,
48,2,48_2,48,48_2_48,5,0,
48,2,48_2,49,48_2_49,2,0,
48,2,48_2,50,48_2_50,5,0,
48,3,48_3,1,48_3_1,7,0,
48,3,48_3,2,48_3_2,5,0,
48,3,48_3,3,48_3_3,2,0,
48,3,48_3,4,48_3_4,4,0,
48,3,48_3,5,48_3_5,5,0,
48,3,48_3,6,48_3_6,3,0,
48,3,48_3,7,48_3_7,4,0,
48,3,48_3,8,48_3_8,4,0,
48,3,48_3,9,48_3_9,7,0,
48,3,48_3,10,48_3_10,2,0,
48,3,48_3,11,48_3_11,7,0,
48,3,48_3,12,48_3_12,5,0,
48,3,48_3,13,48_3_13,4,0,
48,3,48_3,14,48_3_14,3,0,
48,3,48_3,15,48_3_15,1,0,
48,3,48_3,16,48_3_16,5,0,
48,3,48_3,17,48_3_17,5,0,
48,3,48_3,18,48_3_18,5,0,
48,3,48_3,19,48_3_19,3,0,
48,3,48_3,20,48_3_20,4,0,
48,3,48_3,21,48_3_21,6,0,
48,3,48_3,22,48_3_22,5,0,
48,3,48_3,23,48_3_23,4,0,
48,3,48_3,24,48_3_24,4,0,
48,3,48_3,25,48_3_25,4,0,
48,3,48_3,26,48_3_26,3,0,
48,3,48_3,27,48_3_27,4,0,
48,3,48_3,28,48_3_28,3,0,
48,3,48_3,29,48_3_29,4,0,
48,3,48_3,30,48_3_30,3,0,
48,3,48_3,31,48_3_31,4,0,
48,3,48_3,32,48_3_32,4,0,
48,3,48_3,33,48_3_33,4,0,
48,3,48_3,34,48_3_34,5,0,
48,3,48_3,35,48_3_35,3,0,
48,3,48_3,36,48_3_36,3,0,
48,3,48_3,37,48_3_37,5,0,
48,3,48_3,38,48_3_38,5,0,
48,3,48_3,39,48_3_39,5,0,
48,3,48_3,40,48_3_40,4,0,
48,3,48_3,41,48_3_41,4,0,
48,3,48_3,42,48_3_42,6,0,
48,3,48_3,43,48_3_43,6,0,
48,3,48_3,44,48_3_44,4,0,
48,3,48_3,45,48_3_45,4,0,
48,3,48_3,46,48_3_46,3,0,
48,3,48_3,47,48_3_47,4,0,
48,3,48_3,48,48_3_48,2,0,
48,3,48_3,49,48_3_49,3,0,
48,3,48_3,50,48_3_50,1,0,
48,4,48_4,1,48_4_1,5,0,
48,4,48_4,2,48_4_2,1,0,
48,4,48_4,3,48_4_3,6,0,
48,4,48_4,4,48_4_4,4,0,
48,4,48_4,5,48_4_5,3,0,
48,4,48_4,6,48_4_6,5,0,
48,4,48_4,7,48_4_7,3,0,
48,4,48_4,8,48_4_8,3,0,
48,4,48_4,9,48_4_9,5,0,
48,4,48_4,10,48_4_10,4,0,
48,4,48_4,11,48_4_11,4,0,
48,4,48_4,12,48_4_12,1,0,
48,4,48_4,13,48_4_13,1,0,
48,4,48_4,14,48_4_14,2,0,
48,4,48_4,15,48_4_15,6,0,
48,4,48_4,16,48_4_16,5,0,
48,4,48_4,17,48_4_17,3,0,
48,4,48_4,18,48_4_18,2,0,
48,4,48_4,19,48_4_19,5,0,
48,4,48_4,20,48_4_20,1,0,
48,4,48_4,21,48_4_21,3,0,
48,4,48_4,22,48_4_22,1,0,
48,4,48_4,23,48_4_23,3,0,
48,4,48_4,24,48_4_24,3,0,
48,4,48_4,25,48_4_25,4,0,
48,4,48_4,26,48_4_26,6,0,
48,4,48_4,27,48_4_27,5,0,
48,4,48_4,28,48_4_28,5,0,
48,4,48_4,29,48_4_29,4,0,
48,4,48_4,30,48_4_30,3,0,
48,4,48_4,31,48_4_31,3,0,
48,4,48_4,32,48_4_32,5,0,
48,4,48_4,33,48_4_33,6,0,
48,4,48_4,34,48_4_34,5,0,
48,4,48_4,35,48_4_35,4,0,
48,4,48_4,36,48_4_36,2,0,
48,4,48_4,37,48_4_37,3,0,
48,4,48_4,38,48_4_38,1,0,
48,4,48_4,39,48_4_39,2,0,
48,4,48_4,40,48_4_40,3,0,
48,4,48_4,41,48_4_41,7,0,
48,4,48_4,42,48_4_42,4,0,
48,4,48_4,43,48_4_43,2,0,
48,4,48_4,44,48_4_44,6,0,
48,4,48_4,45,48_4_45,3,0,
48,4,48_4,46,48_4_46,6,0,
48,4,48_4,47,48_4_47,3,0,
48,4,48_4,48,48_4_48,5,0,
48,4,48_4,49,48_4_49,2,0,
48,4,48_4,50,48_4_50,5,0,
48,5,48_5,1,48_5_1,2,0,
48,5,48_5,2,48_5_2,2,0,
48,5,48_5,3,48_5_3,2,0,
48,5,48_5,4,48_5_4,5,0,
48,5,48_5,5,48_5_5,5,0,
48,5,48_5,6,48_5_6,2,0,
48,5,48_5,7,48_5_7,1,0,
48,5,48_5,8,48_5_8,4,0,
48,5,48_5,9,48_5_9,2,0,
48,5,48_5,10,48_5_10,4,0,
48,5,48_5,11,48_5_11,1,0,
48,5,48_5,12,48_5_12,3,0,
48,5,48_5,13,48_5_13,3,0,
48,5,48_5,14,48_5_14,2,0,
48,5,48_5,15,48_5_15,3,0,
48,5,48_5,16,48_5_16,1,0,
48,5,48_5,17,48_5_17,3,0,
48,5,48_5,18,48_5_18,3,0,
48,5,48_5,19,48_5_19,3,0,
48,5,48_5,20,48_5_20,3,0,
48,5,48_5,21,48_5_21,3,0,
48,5,48_5,22,48_5_22,3,0,
48,5,48_5,23,48_5_23,2,0,
48,5,48_5,24,48_5_24,4,0,
48,5,48_5,25,48_5_25,2,0,
48,5,48_5,26,48_5_26,4,0,
48,5,48_5,27,48_5_27,3,0,
48,5,48_5,28,48_5_28,3,0,
48,5,48_5,29,48_5_29,2,0,
48,5,48_5,30,48_5_30,3,0,
48,5,48_5,31,48_5_31,2,0,
48,5,48_5,32,48_5_32,6,0,
48,5,48_5,33,48_5_33,8,0,
48,5,48_5,34,48_5_34,4,0,
48,5,48_5,35,48_5_35,5,0,
48,5,48_5,36,48_5_36,4,0,
48,5,48_5,37,48_5_37,2,0,
48,5,48_5,38,48_5_38,3,0,
48,5,48_5,39,48_5_39,3,0,
48,5,48_5,40,48_5_40,4,0,
48,5,48_5,41,48_5_41,3,0,
48,5,48_5,42,48_5_42,4,0,
48,5,48_5,43,48_5_43,2,0,
48,5,48_5,44,48_5_44,3,0,
48,5,48_5,45,48_5_45,1,0,
48,5,48_5,46,48_5_46,1,0,
48,5,48_5,47,48_5_47,5,0,
48,5,48_5,48,48_5_48,4,0,
48,5,48_5,49,48_5_49,4,0,
48,5,48_5,50,48_5_50,3,0,
48,6,48_6,1,48_6_1,2,0,
48,6,48_6,2,48_6_2,2,0,
48,6,48_6,3,48_6_3,3,0,
48,6,48_6,4,48_6_4,3,0,
48,6,48_6,5,48_6_5,2,0,
48,6,48_6,6,48_6_6,2,0,
48,6,48_6,7,48_6_7,2,0,
48,6,48_6,8,48_6_8,4,0,
48,6,48_6,9,48_6_9,2,0,
48,6,48_6,10,48_6_10,5,0,
48,6,48_6,11,48_6_11,3,0,
48,6,48_6,12,48_6_12,3,0,
48,6,48_6,13,48_6_13,2,0,
48,6,48_6,14,48_6_14,2,0,
48,6,48_6,15,48_6_15,3,0,
48,6,48_6,16,48_6_16,3,0,
48,6,48_6,17,48_6_17,9,0,
48,6,48_6,18,48_6_18,4,0,
48,6,48_6,19,48_6_19,3,0,
48,6,48_6,20,48_6_20,7,0,
48,6,48_6,21,48_6_21,2,0,
48,6,48_6,22,48_6_22,2,0,
48,6,48_6,23,48_6_23,2,0,
48,6,48_6,24,48_6_24,1,0,
48,6,48_6,25,48_6_25,2,0,
48,6,48_6,26,48_6_26,6,0,
48,6,48_6,27,48_6_27,4,0,
48,6,48_6,28,48_6_28,4,0,
48,6,48_6,29,48_6_29,1,0,
48,6,48_6,30,48_6_30,3,0,
48,6,48_6,31,48_6_31,1,0,
48,6,48_6,32,48_6_32,1,0,
48,6,48_6,33,48_6_33,1,0,
48,6,48_6,34,48_6_34,5,0,
48,6,48_6,35,48_6_35,3,0,
48,6,48_6,36,48_6_36,2,0,
48,6,48_6,37,48_6_37,1,0,
48,6,48_6,38,48_6_38,2,0,
48,6,48_6,39,48_6_39,2,0,
48,6,48_6,40,48_6_40,2,0,
48,6,48_6,41,48_6_41,2,0,
48,6,48_6,42,48_6_42,2,0,
48,6,48_6,43,48_6_43,2,0,
48,6,48_6,44,48_6_44,4,0,
48,6,48_6,45,48_6_45,3,0,
48,6,48_6,46,48_6_46,3,0,
48,6,48_6,47,48_6_47,1,0,
48,6,48_6,48,48_6_48,2,0,
48,6,48_6,49,48_6_49,4,0,
48,6,48_6,50,48_6_50,3,0,
52,1,52_1,1,52_1_1,5,0,
52,1,52_1,2,52_1_2,4,0,
52,1,52_1,3,52_1_3,6,0,
52,1,52_1,4,52_1_4,4,0,
52,1,52_1,5,52_1_5,5,0,
52,1,52_1,6,52_1_6,3,0,
52,1,52_1,7,52_1_7,2,0,
52,1,52_1,8,52_1_8,4,0,
52,1,52_1,9,52_1_9,5,0,
52,1,52_1,10,52_1_10,5,0,
52,1,52_1,11,52_1_11,4,0,
52,1,52_1,12,52_1_12,4,0,
52,1,52_1,13,52_1_13,1,0,
52,1,52_1,14,52_1_14,1,0,
52,1,52_1,15,52_1_15,4,0,
52,1,52_1,16,52_1_16,7,0,
52,1,52_1,17,52_1_17,2,0,
52,1,52_1,18,52_1_18,6,0,
52,1,52_1,19,52_1_19,1,0,
52,1,52_1,20,52_1_20,4,0,
52,1,52_1,21,52_1_21,8,0,
52,1,52_1,22,52_1_22,3,0,
52,1,52_1,23,52_1_23,6,0,
52,1,52_1,24,52_1_24,5,0,
52,1,52_1,25,52_1_25,6,0,
52,1,52_1,26,52_1_26,3,0,
52,1,52_1,27,52_1_27,7,0,
52,1,52_1,28,52_1_28,4,0,
52,1,52_1,29,52_1_29,5,0,
52,1,52_1,30,52_1_30,8,0,
52,1,52_1,31,52_1_31,3,0,
52,1,52_1,32,52_1_32,3,0,
52,1,52_1,33,52_1_33,3,0,
52,1,52_1,34,52_1_34,6,0,
52,1,52_1,35,52_1_35,3,0,
52,1,52_1,36,52_1_36,4,0,
52,1,52_1,37,52_1_37,1,0,
52,1,52_1,38,52_1_38,5,0,
52,1,52_1,39,52_1_39,2,0,
52,1,52_1,40,52_1_40,1,0,
52,1,52_1,41,52_1_41,5,0,
52,1,52_1,42,52_1_42,5,0,
52,1,52_1,43,52_1_43,4,0,
52,1,52_1,44,52_1_44,8,0,
52,1,52_1,45,52_1_45,6,0,
52,1,52_1,46,52_1_46,3,0,
52,1,52_1,47,52_1_47,8,0,
52,1,52_1,48,52_1_48,5,0,
52,1,52_1,49,52_1_49,1,0,
52,1,52_1,50,52_1_50,5,0,
52,2,52_2,1,52_2_1,4,0,
52,2,52_2,2,52_2_2,3,0,
52,2,52_2,3,52_2_3,2,0,
52,2,52_2,4,52_2_4,3,0,
52,2,52_2,5,52_2_5,4,0,
52,2,52_2,6,52_2_6,5,0,
52,2,52_2,7,52_2_7,2,0,
52,2,52_2,8,52_2_8,3,0,
52,2,52_2,9,52_2_9,3,0,
52,2,52_2,10,52_2_10,4,0,
52,2,52_2,11,52_2_11,3,0,
52,2,52_2,12,52_2_12,2,0,
52,2,52_2,13,52_2_13,1,0,
52,2,52_2,14,52_2_14,2,0,
52,2,52_2,15,52_2_15,6,0,
52,2,52_2,16,52_2_16,4,0,
52,2,52_2,17,52_2_17,3,0,
52,2,52_2,18,52_2_18,4,0,
52,2,52_2,19,52_2_19,4,0,
52,2,52_2,20,52_2_20,3,0,
52,2,52_2,21,52_2_21,5,0,
52,2,52_2,22,52_2_22,3,0,
52,2,52_2,23,52_2_23,2,0,
52,2,52_2,24,52_2_24,2,0,
52,2,52_2,25,52_2_25,5,0,
52,2,52_2,26,52_2_26,2,0,
52,2,52_2,27,52_2_27,3,0,
52,2,52_2,28,52_2_28,2,0,
52,2,52_2,29,52_2_29,4,0,
52,2,52_2,30,52_2_30,5,0,
52,2,52_2,31,52_2_31,3,0,
52,2,52_2,32,52_2_32,3,0,
52,2,52_2,33,52_2_33,2,0,
52,2,52_2,34,52_2_34,2,0,
52,2,52_2,35,52_2_35,3,0,
52,2,52_2,36,52_2_36,2,0,
52,2,52_2,37,52_2_37,2,0,
52,2,52_2,38,52_2_38,4,0,
52,2,52_2,39,52_2_39,4,0,
52,2,52_2,40,52_2_40,3,0,
52,2,52_2,41,52_2_41,3,0,
52,2,52_2,42,52_2_42,1,0,
52,2,52_2,43,52_2_43,2,0,
52,2,52_2,44,52_2_44,3,0,
52,2,52_2,45,52_2_45,4,0,
52,2,52_2,46,52_2_46,3,0,
52,2,52_2,47,52_2_47,1,0,
52,2,52_2,48,52_2_48,2,0,
52,2,52_2,49,52_2_49,1,0,
52,2,52_2,50,52_2_50,2,0,
52,3,52_3,1,52_3_1,5,0,
52,3,52_3,2,52_3_2,2,0,
52,3,52_3,3,52_3_3,3,0,
52,3,52_3,4,52_3_4,3,0,
52,3,52_3,5,52_3_5,5,0,
52,3,52_3,6,52_3_6,3,0,
52,3,52_3,7,52_3_7,2,0,
52,3,52_3,8,52_3_8,5,0,
52,3,52_3,9,52_3_9,3,0,
52,3,52_3,10,52_3_10,3,0,
52,3,52_3,11,52_3_11,2,0,
52,3,52_3,12,52_3_12,2,0,
52,3,52_3,13,52_3_13,2,0,
52,3,52_3,14,52_3_14,4,0,
52,3,52_3,15,52_3_15,2,0,
52,3,52_3,16,52_3_16,5,0,
52,3,52_3,17,52_3_17,2,0,
52,3,52_3,18,52_3_18,3,0,
52,3,52_3,19,52_3_19,2,0,
52,3,52_3,20,52_3_20,4,0,
52,3,52_3,21,52_3_21,3,0,
52,3,52_3,22,52_3_22,3,0,
52,3,52_3,23,52_3_23,1,0,
52,3,52_3,24,52_3_24,3,0,
52,3,52_3,25,52_3_25,5,0,
52,3,52_3,26,52_3_26,3,0,
52,3,52_3,27,52_3_27,3,0,
52,3,52_3,28,52_3_28,2,0,
52,3,52_3,29,52_3_29,1,0,
52,3,52_3,30,52_3_30,1,0,
52,3,52_3,31,52_3_31,2,0,
52,3,52_3,32,52_3_32,9,0,
52,3,52_3,33,52_3_33,2,0,
52,3,52_3,34,52_3_34,2,0,
52,3,52_3,35,52_3_35,1,0,
52,3,52_3,36,52_3_36,4,0,
52,3,52_3,37,52_3_37,2,0,
52,3,52_3,38,52_3_38,2,0,
52,3,52_3,39,52_3_39,2,0,
52,3,52_3,40,52_3_40,4,0,
52,3,52_3,41,52_3_41,5,0,
52,3,52_3,42,52_3_42,4,0,
52,3,52_3,43,52_3_43,4,0,
52,3,52_3,44,52_3_44,5,0,
52,3,52_3,45,52_3_45,4,0,
52,3,52_3,46,52_3_46,2,0,
52,3,52_3,47,52_3_47,2,0,
52,3,52_3,48,52_3_48,1,0,
52,3,52_3,49,52_3_49,4,0,
52,3,52_3,50,52_3_50,8,0,
52,4,52_4,1,52_4_1,4,0,
52,4,52_4,2,52_4_2,5,0,
52,4,52_4,3,52_4_3,5,0,
52,4,52_4,4,52_4_4,6,0,
52,4,52_4,5,52_4_5,4,0,
52,4,52_4,6,52_4_6,3,0,
52,4,52_4,7,52_4_7,5,0,
52,4,52_4,8,52_4_8,5,0,
52,4,52_4,9,52_4_9,3,0,
52,4,52_4,10,52_4_10,4,0,
52,4,52_4,11,52_4_11,4,0,
52,4,52_4,12,52_4_12,2,0,
52,4,52_4,13,52_4_13,3,0,
52,4,52_4,14,52_4_14,4,0,
52,4,52_4,15,52_4_15,4,0,
52,4,52_4,16,52_4_16,5,0,
52,4,52_4,17,52_4_17,3,0,
52,4,52_4,18,52_4_18,4,0,
52,4,52_4,19,52_4_19,3,0,
52,4,52_4,20,52_4_20,1,0,
52,4,52_4,21,52_4_21,1,0,
52,4,52_4,22,52_4_22,6,0,
52,4,52_4,23,52_4_23,3,0,
52,4,52_4,24,52_4_24,6,0,
52,4,52_4,25,52_4_25,5,0,
52,4,52_4,26,52_4_26,5,0,
52,4,52_4,27,52_4_27,5,0,
52,4,52_4,28,52_4_28,3,0,
52,4,52_4,29,52_4_29,3,0,
52,4,52_4,30,52_4_30,3,0,
52,4,52_4,31,52_4_31,4,0,
52,4,52_4,32,52_4_32,3,0,
52,4,52_4,33,52_4_33,5,0,
52,4,52_4,34,52_4_34,4,0,
52,4,52_4,35,52_4_35,5,0,
52,4,52_4,36,52_4_36,5,0,
52,4,52_4,37,52_4_37,7,0,
52,4,52_4,38,52_4_38,4,0,
52,4,52_4,39,52_4_39,4,0,
52,4,52_4,40,52_4_40,6,0,
52,4,52_4,41,52_4_41,3,0,
52,4,52_4,42,52_4_42,4,0,
52,4,52_4,43,52_4_43,5,0,
52,4,52_4,44,52_4_44,2,0,
52,4,52_4,45,52_4_45,2,0,
52,4,52_4,46,52_4_46,4,0,
52,4,52_4,47,52_4_47,5,0,
52,4,52_4,48,52_4_48,3,0,
52,4,52_4,49,52_4_49,3,0,
52,4,52_4,50,52_4_50,6,0,
52,5,52_5,1,52_5_1,2,0,
52,5,52_5,2,52_5_2,2,0,
52,5,52_5,3,52_5_3,2,0,
52,5,52_5,4,52_5_4,4,0,
52,5,52_5,5,52_5_5,4,0,
52,5,52_5,6,52_5_6,7,0,
52,5,52_5,7,52_5_7,4,0,
52,5,52_5,8,52_5_8,5,0,
52,5,52_5,9,52_5_9,3,0,
52,5,52_5,10,52_5_10,3,0,
52,5,52_5,11,52_5_11,2,0,
52,5,52_5,12,52_5_12,3,0,
52,5,52_5,13,52_5_13,2,0,
52,5,52_5,14,52_5_14,3,0,
52,5,52_5,15,52_5_15,2,0,
52,5,52_5,16,52_5_16,5,0,
52,5,52_5,17,52_5_17,5,0,
52,5,52_5,18,52_5_18,4,0,
52,5,52_5,19,52_5_19,1,0,
52,5,52_5,20,52_5_20,2,0,
52,5,52_5,21,52_5_21,2,0,
52,5,52_5,22,52_5_22,2,0,
52,5,52_5,23,52_5_23,2,0,
52,5,52_5,24,52_5_24,2,0,
52,5,52_5,25,52_5_25,2,0,
52,5,52_5,26,52_5_26,4,0,
52,5,52_5,27,52_5_27,1,0,
52,5,52_5,28,52_5_28,4,0,
52,5,52_5,29,52_5_29,3,0,
52,5,52_5,30,52_5_30,4,0,
52,5,52_5,31,52_5_31,3,0,
52,5,52_5,32,52_5_32,4,0,
52,5,52_5,33,52_5_33,2,0,
52,5,52_5,34,52_5_34,2,0,
52,5,52_5,35,52_5_35,3,0,
52,5,52_5,36,52_5_36,2,0,
52,5,52_5,37,52_5_37,3,0,
52,5,52_5,38,52_5_38,3,0,
52,5,52_5,39,52_5_39,3,0,
52,5,52_5,40,52_5_40,3,0,
52,5,52_5,41,52_5_41,4,0,
52,5,52_5,42,52_5_42,1,0,
52,5,52_5,43,52_5_43,3,0,
52,5,52_5,44,52_5_44,2,0,
52,5,52_5,45,52_5_45,3,0,
52,5,52_5,46,52_5_46,4,0,
52,5,52_5,47,52_5_47,4,0,
52,5,52_5,48,52_5_48,3,0,
52,5,52_5,49,52_5_49,3,0,
52,5,52_5,50,52_5_50,2,0,
52,6,52_6,1,52_6_1,4,0,
52,6,52_6,2,52_6_2,5,0,
52,6,52_6,3,52_6_3,5,0,
52,6,52_6,4,52_6_4,7,0,
52,6,52_6,5,52_6_5,3,0,
52,6,52_6,6,52_6_6,4,0,
52,6,52_6,7,52_6_7,3,0,
52,6,52_6,8,52_6_8,3,0,
52,6,52_6,9,52_6_9,2,0,
52,6,52_6,10,52_6_10,4,0,
52,6,52_6,11,52_6_11,3,0,
52,6,52_6,12,52_6_12,7,0,
52,6,52_6,13,52_6_13,3,0,
52,6,52_6,14,52_6_14,4,0,
52,6,52_6,15,52_6_15,6,0,
52,6,52_6,16,52_6_16,1,0,
52,6,52_6,17,52_6_17,1,0,
52,6,52_6,18,52_6_18,1,0,
52,6,52_6,19,52_6_19,4,0,
52,6,52_6,20,52_6_20,7,0,
52,6,52_6,21,52_6_21,5,0,
52,6,52_6,22,52_6_22,4,0,
52,6,52_6,23,52_6_23,4,0,
52,6,52_6,24,52_6_24,4,0,
52,6,52_6,25,52_6_25,3,0,
52,6,52_6,26,52_6_26,2,0,
52,6,52_6,27,52_6_27,2,0,
52,6,52_6,28,52_6_28,2,0,
52,6,52_6,29,52_6_29,1,0,
52,6,52_6,30,52_6_30,3,0,
52,6,52_6,31,52_6_31,3,0,
52,6,52_6,32,52_6_32,3,0,
52,6,52_6,33,52_6_33,2,0,
52,6,52_6,34,52_6_34,2,0,
52,6,52_6,35,52_6_35,2,0,
52,6,52_6,36,52_6_36,2,0,
52,6,52_6,37,52_6_37,2,0,
53,1,53_1,1,53_1_1,1,0,
53,1,53_1,2,53_1_2,1,0,
53,1,53_1,3,53_1_3,2,0,
53,1,53_1,4,53_1_4,2,0,
53,1,53_1,5,53_1_5,2,0,
53,1,53_1,6,53_1_6,2,0,
53,1,53_1,7,53_1_7,2,0,
53,1,53_1,8,53_1_8,3,0,
53,1,53_1,9,53_1_9,4,0,
53,1,53_1,10,53_1_10,1,0,
53,1,53_1,11,53_1_11,4,0,
53,1,53_1,12,53_1_12,3,0,
53,1,53_1,13,53_1_13,5,0,
53,1,53_1,14,53_1_14,4,0,
53,1,53_1,15,53_1_15,3,0,
53,1,53_1,16,53_1_16,1,0,
53,1,53_1,17,53_1_17,1,0,
53,1,53_1,18,53_1_18,1,0,
53,1,53_1,19,53_1_19,2,0,
53,1,53_1,20,53_1_20,3,0,
53,1,53_1,21,53_1_21,3,0,
53,1,53_1,22,53_1_22,2,0,
53,1,53_1,23,53_1_23,3,0,
53,1,53_1,24,53_1_24,2,0,
53,1,53_1,25,53_1_25,3,0,
53,1,53_1,26,53_1_26,3,0,
53,1,53_1,27,53_1_27,3,0,
53,1,53_1,28,53_1_28,3,0,
53,1,53_1,29,53_1_29,2,0,
53,1,53_1,30,53_1_30,3,0,
53,1,53_1,31,53_1_31,4,0,
53,1,53_1,32,53_1_32,2,0,
53,1,53_1,33,53_1_33,1,0,
53,1,53_1,34,53_1_34,1,0,
53,1,53_1,35,53_1_35,1,0,
53,1,53_1,36,53_1_36,1,0,
53,1,53_1,37,53_1_37,1,0,
53,1,53_1,38,53_1_38,2,0,
53,1,53_1,39,53_1_39,3,0,
53,1,53_1,40,53_1_40,1,0,
53,1,53_1,41,53_1_41,1,0,
53,1,53_1,42,53_1_42,1,0,
53,1,53_1,43,53_1_43,3,0,
53,1,53_1,44,53_1_44,2,0,
53,1,53_1,45,53_1_45,5,0,
53,1,53_1,46,53_1_46,1,0,
53,1,53_1,47,53_1_47,2,0,
53,1,53_1,48,53_1_48,2,0,
53,1,53_1,49,53_1_49,2,0,
53,1,53_1,50,53_1_50,2,0,
53,2,53_2,1,53_2_1,5,0,
53,2,53_2,2,53_2_2,3,0,
53,2,53_2,3,53_2_3,4,0,
53,2,53_2,4,53_2_4,4,0,
53,2,53_2,5,53_2_5,4,0,
53,2,53_2,6,53_2_6,2,0,
53,2,53_2,7,53_2_7,4,0,
53,2,53_2,8,53_2_8,1,0,
53,2,53_2,9,53_2_9,3,0,
53,2,53_2,10,53_2_10,2,0,
53,2,53_2,11,53_2_11,4,0,
53,2,53_2,12,53_2_12,2,0,
53,2,53_2,13,53_2_13,2,0,
53,2,53_2,14,53_2_14,2,0,
53,2,53_2,15,53_2_15,3,0,
53,2,53_2,16,53_2_16,2,0,
53,2,53_2,17,53_2_17,3,0,
53,2,53_2,18,53_2_18,3,0,
53,2,53_2,19,53_2_19,1,0,
53,2,53_2,20,53_2_20,3,0,
53,2,53_2,21,53_2_21,4,0,
53,2,53_2,22,53_2_22,4,0,
53,2,53_2,23,53_2_23,2,0,
53,2,53_2,24,53_2_24,4,0,
53,2,53_2,25,53_2_25,1,0,
53,2,53_2,26,53_2_26,6,0,
53,2,53_2,27,53_2_27,3,0,
53,2,53_2,28,53_2_28,2,0,
53,2,53_2,29,53_2_29,3,0,
53,2,53_2,30,53_2_30,1,0,
53,2,53_2,31,53_2_31,1,0,
53,2,53_2,32,53_2_32,2,0,
53,2,53_2,33,53_2_33,6,0,
53,2,53_2,34,53_2_34,3,0,
53,2,53_2,35,53_2_35,2,0,
53,2,53_2,36,53_2_36,3,0,
53,2,53_2,37,53_2_37,4,0,
53,2,53_2,38,53_2_38,3,0,
53,2,53_2,39,53_2_39,4,0,
53,2,53_2,40,53_2_40,3,0,
53,2,53_2,41,53_2_41,7,0,
53,2,53_2,42,53_2_42,3,0,
53,2,53_2,43,53_2_43,1,0,
53,2,53_2,44,53_2_44,2,0,
53,2,53_2,45,53_2_45,1,0,
53,2,53_2,46,53_2_46,5,0,
53,2,53_2,47,53_2_47,2,0,
53,2,53_2,48,53_2_48,2,0,
53,2,53_2,49,53_2_49,1,0,
53,2,53_2,50,53_2_50,3,0,
53,3,53_3,1,53_3_1,2,0,
53,3,53_3,2,53_3_2,3,0,
53,3,53_3,3,53_3_3,2,0,
53,3,53_3,4,53_3_4,2,0,
53,3,53_3,5,53_3_5,3,0,
53,3,53_3,6,53_3_6,2,0,
53,3,53_3,7,53_3_7,3,0,
53,3,53_3,8,53_3_8,1,0,
53,3,53_3,9,53_3_9,3,0,
53,3,53_3,10,53_3_10,2,0,
53,3,53_3,11,53_3_11,4,0,
53,3,53_3,12,53_3_12,4,0,
53,3,53_3,13,53_3_13,1,0,
53,3,53_3,14,53_3_14,1,0,
53,3,53_3,15,53_3_15,1,0,
53,3,53_3,16,53_3_16,1,0,
53,3,53_3,17,53_3_17,1,0,
53,3,53_3,18,53_3_18,2,0,
53,3,53_3,19,53_3_19,2,0,
53,3,53_3,20,53_3_20,3,0,
53,3,53_3,21,53_3_21,3,0,
53,4,53_4,1,53_4_1,1,0,
53,4,53_4,2,53_4_2,1,0,
53,4,53_4,3,53_4_3,3,0,
53,4,53_4,4,53_4_4,1,0,
53,4,53_4,5,53_4_5,2,0,
53,4,53_4,6,53_4_6,2,0,
53,4,53_4,7,53_4_7,3,0,
53,4,53_4,8,53_4_8,2,0,
53,4,53_4,9,53_4_9,4,0,
53,4,53_4,10,53_4_10,2,0,
53,4,53_4,11,53_4_11,1,0,
53,4,53_4,12,53_4_12,2,0,
53,4,53_4,13,53_4_13,4,0,
53,4,53_4,14,53_4_14,2,0,
53,4,53_4,15,53_4_15,2,0,
53,4,53_4,16,53_4_16,2,0,
53,4,53_4,17,53_4_17,2,0,
53,4,53_4,18,53_4_18,2,0,
53,4,53_4,19,53_4_19,3,0,
53,4,53_4,20,53_4_20,1,0,
53,4,53_4,21,53_4_21,1,0,
53,4,53_4,22,53_4_22,2,0,
53,4,53_4,23,53_4_23,3,0,
53,4,53_4,24,53_4_24,1,0,
53,4,53_4,25,53_4_25,5,0,
53,4,53_4,26,53_4_26,1,0,
53,4,53_4,27,53_4_27,4,0,
53,4,53_4,28,53_4_28,1,0,
53,4,53_4,29,53_4_29,2,0,
53,4,53_4,30,53_4_30,3,0,
53,4,53_4,31,53_4_31,3,0,
53,4,53_4,32,53_4_32,3,0,
53,4,53_4,33,53_4_33,4,0,
53,4,53_4,34,53_4_34,3,0,
53,4,53_4,35,53_4_35,3,0,
53,4,53_4,36,53_4_36,2,0,
53,4,53_4,37,53_4_37,1,0,
53,4,53_4,38,53_4_38,2,0,
53,4,53_4,39,53_4_39,4,0,
53,4,53_4,40,53_4_40,4,0,
53,4,53_4,41,53_4_41,4,0,
53,4,53_4,42,53_4_42,2,0,
53,4,53_4,43,53_4_43,1,0,
53,4,53_4,44,53_4_44,2,0,
53,4,53_4,45,53_4_45,1,0,
53,4,53_4,46,53_4_46,2,0,
53,4,53_4,47,53_4_47,3,0,
53,4,53_4,48,53_4_48,2,0,
53,4,53_4,49,53_4_49,2,0,
53,4,53_4,50,53_4_50,1,0,
53,5,53_5,1,53_5_1,2,0,
53,5,53_5,2,53_5_2,1,0,
53,5,53_5,3,53_5_3,4,0,
53,5,53_5,4,53_5_4,3,0,
53,5,53_5,5,53_5_5,3,0,
53,5,53_5,6,53_5_6,3,0,
53,5,53_5,7,53_5_7,3,0,
53,5,53_5,8,53_5_8,3,0,
53,5,53_5,9,53_5_9,5,0,
53,5,53_5,10,53_5_10,4,0,
53,5,53_5,11,53_5_11,2,0,
53,5,53_5,12,53_5_12,2,0,
53,5,53_5,13,53_5_13,3,0,
53,5,53_5,14,53_5_14,3,0,
53,5,53_5,15,53_5_15,2,0,
53,5,53_5,16,53_5_16,3,0,
53,5,53_5,17,53_5_17,2,0,
53,5,53_5,18,53_5_18,7,0,
53,5,53_5,19,53_5_19,3,0,
53,5,53_5,20,53_5_20,2,0,
53,5,53_5,21,53_5_21,7,0,
53,5,53_5,22,53_5_22,3,0,
53,5,53_5,23,53_5_23,1,0,
53,5,53_5,24,53_5_24,1,0,
53,5,53_5,25,53_5_25,2,0,
53,5,53_5,26,53_5_26,4,0,
53,5,53_5,27,53_5_27,2,0,
53,5,53_5,28,53_5_28,3,0,
53,5,53_5,29,53_5_29,6,0,
53,5,53_5,30,53_5_30,6,0,
53,5,53_5,31,53_5_31,2,0,
53,5,53_5,32,53_5_32,1,0,
53,5,53_5,33,53_5_33,1,0,
53,5,53_5,34,53_5_34,1,0,
53,5,53_5,35,53_5_35,5,0,
53,5,53_5,36,53_5_36,6,0,
53,5,53_5,37,53_5_37,6,0,
53,5,53_5,38,53_5_38,1,0,
53,5,53_5,39,53_5_39,4,0,
53,5,53_5,40,53_5_40,4,0,
53,5,53_5,41,53_5_41,1,0,
53,5,53_5,42,53_5_42,4,0,
53,5,53_5,43,53_5_43,3,0,
53,5,53_5,44,53_5_44,1,0,
53,5,53_5,45,53_5_45,3,0,
53,5,53_5,46,53_5_46,1,0,
53,5,53_5,47,53_5_47,4,0,
53,5,53_5,48,53_5_48,4,0,
53,5,53_5,49,53_5_49,2,0,
53,5,53_5,50,53_5_50,3,0,
53,6,53_6,1,53_6_1,4,0,
53,6,53_6,2,53_6_2,3,0,
53,6,53_6,3,53_6_3,4,0,
53,6,53_6,4,53_6_4,3,0,
53,6,53_6,5,53_6_5,3,0,
53,6,53_6,6,53_6_6,4,0,
53,6,53_6,7,53_6_7,2,0,
53,6,53_6,8,53_6_8,1,0,
53,6,53_6,9,53_6_9,3,0,
53,6,53_6,10,53_6_10,1,0,
53,6,53_6,11,53_6_11,3,0,
53,6,53_6,12,53_6_12,4,0,
53,6,53_6,13,53_6_13,4,0,
53,6,53_6,14,53_6_14,3,0,
53,6,53_6,15,53_6_15,2,0,
53,6,53_6,16,53_6_16,1,0,
53,6,53_6,17,53_6_17,1,0,
53,6,53_6,18,53_6_18,4,0,
53,6,53_6,19,53_6_19,3,0,
53,6,53_6,20,53_6_20,4,0,
53,6,53_6,21,53_6_21,3,0,
53,6,53_6,22,53_6_22,3,0,
53,6,53_6,23,53_6_23,2,0,
53,6,53_6,24,53_6_24,3,0,
53,6,53_6,25,53_6_25,5,0,
53,6,53_6,26,53_6_26,1,0,
53,6,53_6,27,53_6_27,4,0,
53,6,53_6,28,53_6_28,3,0,
53,6,53_6,29,53_6_29,1,0,
53,6,53_6,30,53_6_30,3,0,
53,6,53_6,31,53_6_31,2,0,
53,6,53_6,32,53_6_32,2,0,
53,6,53_6,33,53_6_33,4,0,
53,6,53_6,34,53_6_34,1,0,
53,6,53_6,35,53_6_35,3,0,
53,6,53_6,36,53_6_36,2,0,
53,6,53_6,37,53_6_37,2,0,
53,6,53_6,38,53_6_38,2,0,
53,6,53_6,39,53_6_39,2,0,
53,6,53_6,40,53_6_40,2,0,
53,6,53_6,41,53_6_41,1,0,
53,6,53_6,42,53_6_42,2,0,
53,6,53_6,43,53_6_43,2,0,
53,6,53_6,44,53_6_44,4,0,
53,6,53_6,45,53_6_45,4,0,
53,6,53_6,46,53_6_46,2,0,
53,6,53_6,47,53_6_47,5,0,
53,6,53_6,48,53_6_48,3,0,
53,6,53_6,49,53_6_49,2,0,
53,6,53_6,50,53_6_50,4,0,
56,1,56_1,1,56_1_1,5,0,
56,1,56_1,2,56_1_2,6,0,
56,1,56_1,3,56_1_3,4,0,
56,1,56_1,4,56_1_4,3,0,
56,1,56_1,5,56_1_5,4,0,
56,1,56_1,6,56_1_6,4,0,
56,1,56_1,7,56_1_7,1,0,
56,1,56_1,8,56_1_8,5,0,
56,1,56_1,9,56_1_9,2,0,
56,1,56_1,10,56_1_10,5,0,
56,1,56_1,11,56_1_11,5,0,
56,1,56_1,12,56_1_12,5,0,
56,1,56_1,13,56_1_13,4,0,
56,1,56_1,14,56_1_14,2,0,
56,1,56_1,15,56_1_15,1,0,
56,1,56_1,16,56_1_16,5,0,
56,1,56_1,17,56_1_17,2,0,
56,1,56_1,18,56_1_18,2,0,
56,1,56_1,19,56_1_19,2,0,
56,1,56_1,20,56_1_20,2,0,
56,1,56_1,21,56_1_21,5,0,
56,1,56_1,22,56_1_22,4,0,
56,1,56_1,23,56_1_23,2,0,
56,1,56_1,24,56_1_24,4,0,
56,1,56_1,25,56_1_25,3,0,
56,1,56_1,26,56_1_26,2,0,
56,1,56_1,27,56_1_27,4,0,
56,1,56_1,28,56_1_28,3,0,
56,1,56_1,29,56_1_29,4,0,
56,1,56_1,30,56_1_30,1,0,
56,1,56_1,31,56_1_31,1,0,
56,1,56_1,32,56_1_32,3,0,
56,1,56_1,33,56_1_33,3,0,
56,1,56_1,34,56_1_34,4,0,
56,1,56_1,35,56_1_35,3,0,
56,1,56_1,36,56_1_36,2,0,
56,1,56_1,37,56_1_37,1,0,
56,1,56_1,38,56_1_38,4,0,
56,1,56_1,39,56_1_39,4,0,
56,1,56_1,40,56_1_40,1,0,
56,1,56_1,41,56_1_41,3,0,
56,1,56_1,42,56_1_42,4,0,
56,1,56_1,43,56_1_43,5,0,
56,1,56_1,44,56_1_44,3,0,
56,1,56_1,45,56_1_45,2,0,
56,1,56_1,46,56_1_46,1,0,
56,1,56_1,47,56_1_47,4,0,
56,1,56_1,48,56_1_48,4,0,
56,1,56_1,49,56_1_49,3,0,
56,1,56_1,50,56_1_50,2,0,
56,2,56_2,1,56_2_1,7,0,
56,2,56_2,2,56_2_2,7,0,
56,2,56_2,3,56_2_3,7,0,
56,2,56_2,4,56_2_4,7,0,
56,2,56_2,5,56_2_5,4,0,
56,2,56_2,6,56_2_6,5,0,
56,2,56_2,7,56_2_7,5,0,
56,2,56_2,8,56_2_8,5,0,
56,2,56_2,9,56_2_9,5,0,
56,2,56_2,10,56_2_10,3,0,
56,2,56_2,11,56_2_11,2,0,
56,2,56_2,12,56_2_12,7,0,
56,2,56_2,13,56_2_13,5,0,
56,2,56_2,14,56_2_14,2,0,
56,2,56_2,15,56_2_15,1,0,
56,2,56_2,16,56_2_16,1,0,
56,2,56_2,17,56_2_17,1,0,
56,2,56_2,18,56_2_18,4,0,
56,2,56_2,19,56_2_19,7,0,
56,2,56_2,20,56_2_20,6,0,
56,2,56_2,21,56_2_21,3,0,
56,2,56_2,22,56_2_22,3,0,
56,2,56_2,23,56_2_23,3,0,
56,2,56_2,24,56_2_24,2,0,
56,2,56_2,25,56_2_25,7,0,
56,2,56_2,26,56_2_26,4,0,
56,2,56_2,27,56_2_27,5,0,
56,2,56_2,28,56_2_28,3,0,
56,2,56_2,29,56_2_29,4,0,
56,2,56_2,30,56_2_30,3,0,
56,2,56_2,31,56_2_31,1,0,
56,2,56_2,32,56_2_32,2,0,
56,2,56_2,33,56_2_33,1,0,
56,2,56_2,34,56_2_34,3,0,
56,2,56_2,35,56_2_35,5,0,
56,2,56_2,36,56_2_36,5,0,
56,2,56_2,37,56_2_37,7,0,
56,2,56_2,38,56_2_38,3,0,
56,2,56_2,39,56_2_39,5,0,
56,2,56_2,40,56_2_40,2,0,
56,2,56_2,41,56_2_41,6,0,
56,2,56_2,42,56_2_42,7,0,
56,2,56_2,43,56_2_43,6,0,
56,2,56_2,44,56_2_44,5,0,
56,2,56_2,45,56_2_45,4,0,
56,2,56_2,46,56_2_46,3,0,
56,2,56_2,47,56_2_47,2,0,
56,2,56_2,48,56_2_48,3,0,
56,2,56_2,49,56_2_49,6,0,
56,2,56_2,50,56_2_50,3,0,
56,3,56_3,1,56_3_1,5,0,
56,3,56_3,2,56_3_2,3,0,
56,3,56_3,3,56_3_3,2,0,
56,3,56_3,4,56_3_4,4,0,
56,3,56_3,5,56_3_5,4,0,
56,3,56_3,6,56_3_6,5,0,
56,3,56_3,7,56_3_7,4,0,
56,3,56_3,8,56_3_8,2,0,
56,3,56_3,9,56_3_9,3,0,
56,3,56_3,10,56_3_10,4,0,
56,3,56_3,11,56_3_11,6,0,
56,3,56_3,12,56_3_12,7,0,
56,3,56_3,13,56_3_13,6,0,
56,3,56_3,14,56_3_14,3,0,
56,3,56_3,15,56_3_15,1,0,
56,3,56_3,16,56_3_16,5,0,
56,3,56_3,17,56_3_17,2,0,
56,3,56_3,18,56_3_18,3,0,
56,3,56_3,19,56_3_19,5,0,
56,3,56_3,20,56_3_20,3,0,
56,3,56_3,21,56_3_21,4,0,
56,3,56_3,22,56_3_22,3,0,
56,3,56_3,23,56_3_23,5,0,
56,3,56_3,24,56_3_24,4,0,
56,3,56_3,25,56_3_25,6,0,
56,3,56_3,26,56_3_26,5,0,
56,3,56_3,27,56_3_27,3,0,
56,3,56_3,28,56_3_28,5,0,
56,3,56_3,29,56_3_29,4,0,
56,3,56_3,30,56_3_30,4,0,
56,3,56_3,31,56_3_31,5,0,
56,3,56_3,32,56_3_32,1,0,
56,3,56_3,33,56_3_33,1,0,
56,3,56_3,34,56_3_34,1,0,
56,3,56_3,35,56_3_35,4,0,
56,3,56_3,36,56_3_36,4,0,
56,3,56_3,37,56_3_37,2,0,
56,3,56_3,38,56_3_38,2,0,
56,3,56_3,39,56_3_39,6,0,
56,3,56_3,40,56_3_40,6,0,
56,3,56_3,41,56_3_41,5,0,
56,3,56_3,42,56_3_42,3,0,
56,3,56_3,43,56_3_43,7,0,
56,3,56_3,44,56_3_44,6,0,
56,3,56_3,45,56_3_45,5,0,
56,3,56_3,46,56_3_46,3,0,
56,3,56_3,47,56_3_47,4,0,
56,3,56_3,48,56_3_48,3,0,
56,3,56_3,49,56_3_49,4,0,
56,3,56_3,50,56_3_50,4,0,
56,4,56_4,1,56_4_1,4,0,
56,4,56_4,2,56_4_2,4,0,
56,4,56_4,3,56_4_3,3,0,
56,4,56_4,4,56_4_4,2,0,
56,4,56_4,5,56_4_5,3,0,
56,4,56_4,6,56_4_6,4,0,
56,4,56_4,7,56_4_7,5,0,
56,4,56_4,8,56_4_8,4,0,
56,4,56_4,9,56_4_9,3,0,
56,4,56_4,10,56_4_10,2,0,
56,4,56_4,11,56_4_11,3,0,
56,4,56_4,12,56_4_12,4,0,
56,4,56_4,13,56_4_13,2,0,
56,4,56_4,14,56_4_14,3,0,
56,4,56_4,15,56_4_15,2,0,
56,4,56_4,16,56_4_16,1,0,
56,4,56_4,17,56_4_17,3,0,
56,4,56_4,18,56_4_18,4,0,
56,4,56_4,19,56_4_19,2,0,
56,4,56_4,20,56_4_20,4,0,
56,4,56_4,21,56_4_21,3,0,
56,4,56_4,22,56_4_22,4,0,
56,4,56_4,23,56_4_23,6,0,
56,4,56_4,24,56_4_24,2,0,
56,4,56_4,25,56_4_25,1,0,
56,4,56_4,26,56_4_26,3,0,
56,4,56_4,27,56_4_27,1,0,
56,4,56_4,28,56_4_28,2,0,
56,4,56_4,29,56_4_29,3,0,
56,4,56_4,30,56_4_30,2,0,
56,4,56_4,31,56_4_31,2,0,
56,4,56_4,32,56_4_32,4,0,
56,4,56_4,33,56_4_33,4,0,
56,4,56_4,34,56_4_34,2,0,
56,4,56_4,35,56_4_35,2,0,
56,4,56_4,36,56_4_36,3,0,
56,4,56_4,37,56_4_37,1,0,
56,4,56_4,38,56_4_38,4,0,
56,4,56_4,39,56_4_39,1,0,
56,4,56_4,40,56_4_40,4,0,
56,4,56_4,41,56_4_41,4,0,
56,4,56_4,42,56_4_42,2,0,
56,4,56_4,43,56_4_43,1,0,
56,4,56_4,44,56_4_44,2,0,
56,4,56_4,45,56_4_45,1,0,
56,4,56_4,46,56_4_46,3,0,
56,4,56_4,47,56_4_47,4,0,
56,4,56_4,48,56_4_48,3,0,
56,4,56_4,49,56_4_49,3,0,
56,4,56_4,50,56_4_50,2,0,
56,5,56_5,1,56_5_1,2,0,
56,5,56_5,2,56_5_2,5,0,
56,5,56_5,3,56_5_3,4,0,
56,5,56_5,4,56_5_4,4,0,
56,5,56_5,5,56_5_5,3,0,
56,5,56_5,6,56_5_6,4,0,
56,5,56_5,7,56_5_7,3,0,
56,5,56_5,8,56_5_8,2,0,
56,5,56_5,9,56_5_9,3,0,
56,5,56_5,10,56_5_10,5,0,
56,5,56_5,11,56_5_11,1,0,
56,5,56_5,12,56_5_12,4,0,
56,5,56_5,13,56_5_13,3,0,
56,5,56_5,14,56_5_14,2,0,
56,5,56_5,15,56_5_15,4,0,
56,5,56_5,16,56_5_16,4,0,
56,5,56_5,17,56_5_17,5,0,
56,5,56_5,18,56_5_18,4,0,
56,5,56_5,19,56_5_19,2,0,
56,5,56_5,20,56_5_20,3,0,
56,5,56_5,21,56_5_21,3,0,
56,5,56_5,22,56_5_22,5,0,
56,5,56_5,23,56_5_23,3,0,
56,5,56_5,24,56_5_24,4,0,
56,5,56_5,25,56_5_25,3,0,
56,5,56_5,26,56_5_26,3,0,
56,5,56_5,27,56_5_27,3,0,
56,5,56_5,28,56_5_28,3,0,
56,5,56_5,29,56_5_29,3,0,
56,5,56_5,30,56_5_30,4,0,
56,5,56_5,31,56_5_31,2,0,
56,5,56_5,32,56_5_32,2,0,
56,5,56_5,33,56_5_33,3,0,
56,5,56_5,34,56_5_34,2,0,
56,5,56_5,35,56_5_35,3,0,
56,5,56_5,36,56_5_36,4,0,
56,5,56_5,37,56_5_37,2,0,
56,5,56_5,38,56_5_38,2,0,
56,5,56_5,39,56_5_39,5,0,
56,5,56_5,40,56_5_40,3,0,
56,5,56_5,41,56_5_41,5,0,
56,5,56_5,42,56_5_42,3,0,
56,5,56_5,43,56_5_43,3,0,
56,5,56_5,44,56_5_44,4,0,
56,5,56_5,45,56_5_45,3,0,
56,5,56_5,46,56_5_46,1,0,
56,5,56_5,47,56_5_47,4,0,
56,5,56_5,48,56_5_48,2,0,
56,5,56_5,49,56_5_49,2,0,
56,5,56_5,50,56_5_50,2,0,
56,6,56_6,1,56_6_1,4,0,
56,6,56_6,2,56_6_2,1,0,
56,6,56_6,3,56_6_3,5,0,
56,6,56_6,4,56_6_4,4,0,
56,6,56_6,5,56_6_5,3,0,
56,6,56_6,6,56_6_6,4,0,
56,6,56_6,7,56_6_7,2,0,
56,6,56_6,8,56_6_8,2,0,
56,6,56_6,9,56_6_9,3,0,
56,6,56_6,10,56_6_10,5,0,
56,6,56_6,11,56_6_11,3,0,
56,6,56_6,12,56_6_12,3,0,
56,6,56_6,13,56_6_13,1,0,
56,6,56_6,14,56_6_14,4,0,
56,6,56_6,15,56_6_15,4,0,
56,6,56_6,16,56_6_16,2,0,
56,6,56_6,17,56_6_17,1,0,
56,6,56_6,18,56_6_18,2,0,
56,6,56_6,19,56_6_19,3,0,
56,6,56_6,20,56_6_20,2,0,
56,6,56_6,21,56_6_21,4,0,
56,6,56_6,22,56_6_22,3,0,
56,6,56_6,23,56_6_23,2,0,
56,6,56_6,24,56_6_24,2,0,
56,6,56_6,25,56_6_25,5,0,
56,6,56_6,26,56_6_26,1,0,
56,6,56_6,27,56_6_27,4,0,
56,6,56_6,28,56_6_28,5,0,
56,6,56_6,29,56_6_29,2,0,
56,6,56_6,30,56_6_30,4,0,
56,6,56_6,31,56_6_31,4,0,
56,6,56_6,32,56_6_32,2,0,
56,6,56_6,33,56_6_33,2,0,
56,6,56_6,34,56_6_34,1,0,
56,6,56_6,35,56_6_35,2,0,
56,6,56_6,36,56_6_36,2,0,
56,6,56_6,37,56_6_37,3,0,
56,6,56_6,38,56_6_38,3,0,
56,6,56_6,39,56_6_39,2,0,
56,6,56_6,40,56_6_40,2,0,
56,6,56_6,41,56_6_41,2,0,
56,6,56_6,42,56_6_42,4,0,
56,6,56_6,43,56_6_43,6,0,
56,6,56_6,44,56_6_44,2,0,
56,6,56_6,45,56_6_45,1,0,
56,6,56_6,46,56_6_46,4,0,
56,6,56_6,47,56_6_47,2,0,
56,6,56_6,48,56_6_48,1,0,
56,6,56_6,49,56_6_49,1,0,
56,6,56_6,50,56_6_50,1,0,
59,1,59_1,1,59_1_1,4,0,
59,1,59_1,2,59_1_2,5,0,
59,1,59_1,3,59_1_3,1,0,
59,1,59_1,4,59_1_4,3,0,
59,1,59_1,5,59_1_5,1,0,
59,1,59_1,6,59_1_6,2,0,
59,1,59_1,7,59_1_7,3,0,
59,1,59_1,8,59_1_8,2,0,
59,1,59_1,9,59_1_9,4,0,
59,1,59_1,10,59_1_10,5,0,
59,1,59_1,11,59_1_11,3,0,
59,1,59_1,12,59_1_12,3,0,
59,1,59_1,13,59_1_13,2,0,
59,1,59_1,14,59_1_14,3,0,
59,1,59_1,15,59_1_15,2,0,
59,1,59_1,16,59_1_16,3,0,
59,1,59_1,17,59_1_17,3,0,
59,1,59_1,18,59_1_18,4,0,
59,1,59_1,19,59_1_19,1,0,
59,1,59_1,20,59_1_20,1,0,
59,1,59_1,21,59_1_21,1,0,
59,1,59_1,22,59_1_22,2,0,
59,1,59_1,23,59_1_23,3,0,
59,1,59_1,24,59_1_24,2,0,
59,1,59_1,25,59_1_25,1,0,
59,1,59_1,26,59_1_26,1,0,
59,1,59_1,27,59_1_27,1,0,
59,1,59_1,28,59_1_28,4,0,
59,1,59_1,29,59_1_29,2,0,
59,1,59_1,30,59_1_30,2,0,
59,1,59_1,31,59_1_31,2,0,
59,1,59_1,32,59_1_32,1,0,
59,1,59_1,33,59_1_33,3,0,
59,1,59_1,34,59_1_34,1,0,
59,1,59_1,35,59_1_35,3,0,
59,1,59_1,36,59_1_36,3,0,
59,1,59_1,37,59_1_37,3,0,
59,1,59_1,38,59_1_38,2,0,
59,1,59_1,39,59_1_39,3,0,
59,1,59_1,40,59_1_40,3,0,
59,1,59_1,41,59_1_41,4,0,
59,1,59_1,42,59_1_42,3,0,
59,1,59_1,43,59_1_43,4,0,
59,1,59_1,44,59_1_44,4,0,
59,1,59_1,45,59_1_45,2,0,
59,1,59_1,46,59_1_46,1,0,
59,1,59_1,47,59_1_47,1,0,
59,1,59_1,48,59_1_48,1,0,
59,1,59_1,49,59_1_49,1,0,
59,1,59_1,50,59_1_50,3,0,
59,2,59_2,1,59_2_1,6,0,
59,2,59_2,2,59_2_2,4,0,
59,2,59_2,3,59_2_3,1,0,
59,2,59_2,4,59_2_4,2,0,
59,2,59_2,5,59_2_5,3,0,
59,2,59_2,6,59_2_6,2,0,
59,2,59_2,7,59_2_7,1,0,
59,2,59_2,8,59_2_8,1,0,
59,2,59_2,9,59_2_9,1,0,
59,2,59_2,10,59_2_10,2,0,
59,2,59_2,11,59_2_11,2,0,
59,2,59_2,12,59_2_12,3,0,
59,2,59_2,13,59_2_13,3,0,
59,2,59_2,14,59_2_14,3,0,
59,2,59_2,15,59_2_15,3,0,
59,2,59_2,16,59_2_16,5,0,
59,2,59_2,17,59_2_17,1,0,
59,2,59_2,18,59_2_18,1,0,
59,2,59_2,19,59_2_19,3,0,
59,2,59_2,20,59_2_20,4,0,
59,2,59_2,21,59_2_21,2,0,
59,2,59_2,22,59_2_22,3,0,
59,2,59_2,23,59_2_23,3,0,
59,2,59_2,24,59_2_24,2,0,
59,2,59_2,25,59_2_25,3,0,
59,2,59_2,26,59_2_26,2,0,
59,2,59_2,27,59_2_27,6,0,
59,2,59_2,28,59_2_28,3,0,
59,2,59_2,29,59_2_29,2,0,
59,2,59_2,30,59_2_30,2,0,
59,2,59_2,31,59_2_31,1,0,
59,2,59_2,32,59_2_32,4,0,
59,2,59_2,33,59_2_33,4,0,
59,2,59_2,34,59_2_34,2,0,
59,2,59_2,35,59_2_35,2,0,
59,2,59_2,36,59_2_36,2,0,
59,2,59_2,37,59_2_37,2,0,
59,2,59_2,38,59_2_38,3,0,
59,2,59_2,39,59_2_39,3,0,
59,2,59_2,40,59_2_40,2,0,
59,2,59_2,41,59_2_41,1,0,
59,2,59_2,42,59_2_42,2,0,
59,2,59_2,43,59_2_43,5,0,
59,2,59_2,44,59_2_44,4,0,
59,2,59_2,45,59_2_45,2,0,
59,2,59_2,46,59_2_46,2,0,
59,2,59_2,47,59_2_47,4,0,
59,2,59_2,48,59_2_48,4,0,
59,2,59_2,49,59_2_49,4,0,
59,2,59_2,50,59_2_50,2,0,
59,3,59_3,1,59_3_1,1,0,
59,3,59_3,2,59_3_2,3,0,
59,3,59_3,3,59_3_3,3,0,
59,3,59_3,4,59_3_4,2,0,
59,3,59_3,5,59_3_5,1,0,
59,3,59_3,6,59_3_6,4,0,
59,3,59_3,7,59_3_7,3,0,
59,3,59_3,8,59_3_8,2,0,
59,3,59_3,9,59_3_9,2,0,
59,3,59_3,10,59_3_10,3,0,
59,3,59_3,11,59_3_11,4,0,
59,3,59_3,12,59_3_12,1,0,
59,3,59_3,13,59_3_13,4,0,
59,3,59_3,14,59_3_14,3,0,
59,3,59_3,15,59_3_15,2,0,
59,3,59_3,16,59_3_16,2,0,
59,3,59_3,17,59_3_17,4,0,
59,3,59_3,18,59_3_18,1,0,
59,3,59_3,19,59_3_19,1,0,
59,3,59_3,20,59_3_20,5,0,
59,3,59_3,21,59_3_21,4,0,
59,3,59_3,22,59_3_22,2,0,
59,3,59_3,23,59_3_23,2,0,
59,3,59_3,24,59_3_24,3,0,
59,3,59_3,25,59_3_25,3,0,
59,3,59_3,26,59_3_26,5,0,
59,3,59_3,27,59_3_27,5,0,
59,3,59_3,28,59_3_28,1,0,
59,3,59_3,29,59_3_29,1,0,
59,3,59_3,30,59_3_30,4,0,
59,3,59_3,31,59_3_31,3,0,
59,3,59_3,32,59_3_32,4,0,
59,3,59_3,33,59_3_33,2,0,
59,3,59_3,34,59_3_34,4,0,
59,3,59_3,35,59_3_35,5,0,
59,3,59_3,36,59_3_36,5,0,
59,3,59_3,37,59_3_37,4,0,
59,3,59_3,38,59_3_38,3,0,
59,3,59_3,39,59_3_39,1,0,
59,3,59_3,40,59_3_40,4,0,
59,3,59_3,41,59_3_41,3,0,
59,3,59_3,42,59_3_42,5,0,
59,3,59_3,43,59_3_43,3,0,
59,3,59_3,44,59_3_44,2,0,
59,3,59_3,45,59_3_45,3,0,
59,3,59_3,46,59_3_46,3,0,
59,3,59_3,47,59_3_47,2,0,
59,3,59_3,48,59_3_48,3,0,
59,3,59_3,49,59_3_49,2,0,
59,3,59_3,50,59_3_50,4,0,
59,4,59_4,1,59_4_1,3,0,
59,4,59_4,2,59_4_2,3,0,
59,4,59_4,3,59_4_3,4,0,
59,4,59_4,4,59_4_4,3,0,
59,4,59_4,5,59_4_5,5,0,
59,4,59_4,6,59_4_6,4,0,
59,4,59_4,7,59_4_7,6,0,
59,4,59_4,8,59_4_8,3,0,
59,4,59_4,9,59_4_9,1,0,
59,4,59_4,10,59_4_10,5,0,
59,4,59_4,11,59_4_11,2,0,
59,4,59_4,12,59_4_12,2,0,
59,4,59_4,13,59_4_13,4,0,
59,4,59_4,14,59_4_14,2,0,
59,4,59_4,15,59_4_15,2,0,
59,4,59_4,16,59_4_16,3,0,
59,4,59_4,17,59_4_17,2,0,
59,4,59_4,18,59_4_18,5,0,
59,4,59_4,19,59_4_19,2,0,
59,4,59_4,20,59_4_20,3,0,
59,4,59_4,21,59_4_21,4,0,
59,4,59_4,22,59_4_22,4,0,
59,4,59_4,23,59_4_23,2,0,
59,4,59_4,24,59_4_24,2,0,
59,4,59_4,25,59_4_25,3,0,
59,4,59_4,26,59_4_26,2,0,
59,4,59_4,27,59_4_27,2,0,
59,4,59_4,28,59_4_28,5,0,
59,4,59_4,29,59_4_29,4,0,
59,4,59_4,30,59_4_30,3,0,
59,4,59_4,31,59_4_31,3,0,
59,4,59_4,32,59_4_32,2,0,
59,4,59_4,33,59_4_33,3,0,
59,4,59_4,34,59_4_34,1,0,
59,4,59_4,35,59_4_35,5,0,
59,4,59_4,36,59_4_36,3,0,
59,4,59_4,37,59_4_37,3,0,
59,4,59_4,38,59_4_38,3,0,
59,4,59_4,39,59_4_39,3,0,
59,4,59_4,40,59_4_40,3,0,
59,4,59_4,41,59_4_41,3,0,
59,4,59_4,42,59_4_42,5,0,
59,4,59_4,43,59_4_43,3,0,
59,4,59_4,44,59_4_44,3,0,
59,4,59_4,45,59_4_45,4,0,
59,4,59_4,46,59_4_46,4,0,
59,4,59_4,47,59_4_47,3,0,
59,4,59_4,48,59_4_48,4,0,
59,4,59_4,49,59_4_49,3,0,
59,4,59_4,50,59_4_50,4,0,
59,5,59_5,1,59_5_1,6,0,
59,5,59_5,2,59_5_2,5,0,
59,5,59_5,3,59_5_3,4,0,
59,5,59_5,4,59_5_4,4,0,
59,5,59_5,5,59_5_5,4,0,
59,5,59_5,6,59_5_6,4,0,
59,5,59_5,7,59_5_7,1,0,
59,5,59_5,8,59_5_8,2,0,
59,5,59_5,9,59_5_9,3,0,
59,5,59_5,10,59_5_10,3,0,
59,5,59_5,11,59_5_11,4,0,
59,5,59_5,12,59_5_12,4,0,
59,5,59_5,13,59_5_13,5,0,
59,5,59_5,14,59_5_14,3,0,
59,5,59_5,15,59_5_15,3,0,
59,5,59_5,16,59_5_16,4,0,
59,5,59_5,17,59_5_17,6,0,
59,5,59_5,18,59_5_18,3,0,
59,5,59_5,19,59_5_19,4,0,
59,5,59_5,20,59_5_20,5,0,
59,5,59_5,21,59_5_21,3,0,
59,5,59_5,22,59_5_22,2,0,
59,5,59_5,23,59_5_23,6,0,
59,5,59_5,24,59_5_24,4,0,
59,5,59_5,25,59_5_25,2,0,
59,5,59_5,26,59_5_26,3,0,
59,5,59_5,27,59_5_27,3,0,
59,5,59_5,28,59_5_28,3,0,
59,5,59_5,29,59_5_29,4,0,
59,5,59_5,30,59_5_30,3,0,
59,5,59_5,31,59_5_31,6,0,
59,5,59_5,32,59_5_32,3,0,
59,5,59_5,33,59_5_33,4,0,
59,5,59_5,34,59_5_34,3,0,
59,5,59_5,35,59_5_35,6,0,
59,5,59_5,36,59_5_36,4,0,
59,5,59_5,37,59_5_37,4,0,
59,5,59_5,38,59_5_38,4,0,
59,5,59_5,39,59_5_39,3,0,
59,5,59_5,40,59_5_40,6,0,
59,5,59_5,41,59_5_41,5,0,
59,5,59_5,42,59_5_42,4,0,
59,5,59_5,43,59_5_43,4,0,
59,5,59_5,44,59_5_44,3,0,
59,5,59_5,45,59_5_45,4,0,
59,5,59_5,46,59_5_46,3,0,
59,5,59_5,47,59_5_47,1,0,
59,5,59_5,48,59_5_48,3,0,
59,5,59_5,49,59_5_49,5,0,
59,5,59_5,50,59_5_50,5,0,
59,6,59_6,1,59_6_1,1,0,
59,6,59_6,2,59_6_2,4,0,
59,6,59_6,3,59_6_3,3,0,
59,6,59_6,4,59_6_4,5,0,
59,6,59_6,5,59_6_5,2,0,
59,6,59_6,6,59_6_6,3,0,
59,6,59_6,7,59_6_7,2,0,
59,6,59_6,8,59_6_8,1,0,
59,6,59_6,9,59_6_9,2,0,
59,6,59_6,10,59_6_10,2,0,
59,6,59_6,11,59_6_11,2,0,
59,6,59_6,12,59_6_12,3,0,
59,6,59_6,13,59_6_13,5,0,
59,6,59_6,14,59_6_14,1,0,
59,6,59_6,15,59_6_15,1,0,
59,6,59_6,16,59_6_16,2,0,
59,6,59_6,17,59_6_17,5,0,
59,6,59_6,18,59_6_18,2,0,
59,6,59_6,19,59_6_19,2,0,
59,6,59_6,20,59_6_20,2,0,
59,6,59_6,21,59_6_21,4,0,
59,6,59_6,22,59_6_22,2,0,
59,6,59_6,23,59_6_23,2,0,
59,6,59_6,24,59_6_24,2,0,
59,6,59_6,25,59_6_25,4,0,
59,6,59_6,26,59_6_26,5,0,
59,6,59_6,27,59_6_27,4,0,
59,6,59_6,28,59_6_28,2,0,
59,6,59_6,29,59_6_29,3,0,
59,6,59_6,30,59_6_30,2,0,
59,6,59_6,31,59_6_31,1,0,
59,6,59_6,32,59_6_32,5,0,
59,6,59_6,33,59_6_33,3,0,
59,6,59_6,34,59_6_34,1,0,
59,6,59_6,35,59_6_35,2,0,
59,6,59_6,36,59_6_36,1,0,
59,6,59_6,37,59_6_37,2,0,
59,6,59_6,38,59_6_38,4,0,
59,6,59_6,39,59_6_39,3,0,
59,6,59_6,40,59_6_40,1,0,
59,6,59_6,41,59_6_41,3,0,
59,6,59_6,42,59_6_42,1,0,
59,6,59_6,43,59_6_43,1,0,
59,6,59_6,44,59_6_44,5,0,
59,6,59_6,45,59_6_45,2,0,
59,6,59_6,46,59_6_46,3,0,
59,6,59_6,47,59_6_47,4,0,
59,6,59_6,48,59_6_48,4,0,
59,6,59_6,49,59_6_49,3,0,
59,6,59_6,50,59_6_50,3,0,
71,1,71_1,1,71_1_1,4,0,
71,1,71_1,2,71_1_2,4,0,
71,1,71_1,3,71_1_3,4,0,
71,1,71_1,4,71_1_4,4,0,
71,1,71_1,5,71_1_5,4,0,
71,1,71_1,6,71_1_6,3,0,
71,1,71_1,7,71_1_7,4,0,
71,1,71_1,8,71_1_8,2,0,
71,1,71_1,9,71_1_9,4,0,
71,1,71_1,10,71_1_10,5,0,
71,1,71_1,11,71_1_11,5,0,
71,1,71_1,12,71_1_12,3,0,
71,1,71_1,13,71_1_13,5,0,
71,1,71_1,14,71_1_14,4,0,
71,1,71_1,15,71_1_15,2,0,
71,1,71_1,16,71_1_16,4,0,
71,1,71_1,17,71_1_17,4,0,
71,1,71_1,18,71_1_18,2,0,
71,1,71_1,19,71_1_19,5,0,
71,1,71_1,20,71_1_20,4,0,
71,1,71_1,21,71_1_21,3,0,
71,1,71_1,22,71_1_22,3,0,
71,1,71_1,23,71_1_23,4,0,
71,1,71_1,24,71_1_24,2,0,
71,1,71_1,25,71_1_25,1,0,
71,1,71_1,26,71_1_26,3,0,
71,1,71_1,27,71_1_27,4,0,
71,1,71_1,28,71_1_28,3,0,
71,1,71_1,29,71_1_29,1,0,
71,1,71_1,30,71_1_30,2,0,
71,1,71_1,31,71_1_31,2,0,
71,1,71_1,32,71_1_32,4,0,
71,1,71_1,33,71_1_33,2,0,
71,1,71_1,34,71_1_34,3,0,
71,1,71_1,35,71_1_35,2,0,
71,1,71_1,36,71_1_36,5,0,
71,1,71_1,37,71_1_37,4,0,
71,1,71_1,38,71_1_38,4,0,
71,1,71_1,39,71_1_39,2,0,
71,1,71_1,40,71_1_40,2,0,
71,1,71_1,41,71_1_41,2,0,
71,1,71_1,42,71_1_42,1,0,
71,1,71_1,43,71_1_43,2,0,
71,1,71_1,44,71_1_44,2,0,
71,1,71_1,45,71_1_45,2,0,
71,1,71_1,46,71_1_46,3,0,
71,1,71_1,47,71_1_47,2,0,
71,1,71_1,48,71_1_48,1,0,
71,1,71_1,49,71_1_49,5,0,
71,1,71_1,50,71_1_50,4,0,
71,2,71_2,1,71_2_1,2,0,
71,2,71_2,2,71_2_2,3,0,
71,2,71_2,3,71_2_3,5,0,
71,2,71_2,4,71_2_4,4,0,
71,2,71_2,5,71_2_5,1,0,
71,2,71_2,6,71_2_6,2,0,
71,2,71_2,7,71_2_7,2,0,
71,2,71_2,8,71_2_8,3,0,
71,2,71_2,9,71_2_9,3,0,
71,2,71_2,10,71_2_10,5,0,
71,2,71_2,11,71_2_11,5,0,
71,2,71_2,12,71_2_12,4,0,
71,2,71_2,13,71_2_13,2,0,
71,2,71_2,14,71_2_14,5,0,
71,2,71_2,15,71_2_15,3,0,
71,2,71_2,16,71_2_16,3,0,
71,2,71_2,17,71_2_17,3,0,
71,2,71_2,18,71_2_18,1,0,
71,2,71_2,19,71_2_19,3,0,
71,2,71_2,20,71_2_20,6,0,
71,2,71_2,21,71_2_21,4,0,
71,2,71_2,22,71_2_22,2,0,
71,2,71_2,23,71_2_23,2,0,
71,2,71_2,24,71_2_24,2,0,
71,2,71_2,25,71_2_25,4,0,
71,2,71_2,26,71_2_26,3,0,
71,2,71_2,27,71_2_27,3,0,
71,2,71_2,28,71_2_28,1,0,
71,2,71_2,29,71_2_29,4,0,
71,2,71_2,30,71_2_30,5,0,
71,2,71_2,31,71_2_31,5,0,
71,2,71_2,32,71_2_32,3,0,
71,2,71_2,33,71_2_33,3,0,
71,2,71_2,34,71_2_34,3,0,
71,2,71_2,35,71_2_35,1,0,
71,2,71_2,36,71_2_36,3,0,
71,2,71_2,37,71_2_37,3,0,
71,2,71_2,38,71_2_38,3,0,
71,2,71_2,39,71_2_39,3,0,
71,2,71_2,40,71_2_40,3,0,
71,2,71_2,41,71_2_41,2,0,
71,2,71_2,42,71_2_42,2,0,
71,2,71_2,43,71_2_43,4,0,
71,2,71_2,44,71_2_44,3,0,
71,2,71_2,45,71_2_45,1,0,
71,2,71_2,46,71_2_46,6,0,
71,2,71_2,47,71_2_47,5,0,
71,2,71_2,48,71_2_48,1,0,
71,2,71_2,49,71_2_49,3,0,
71,2,71_2,50,71_2_50,4,0,
71,3,71_3,1,71_3_1,6,0,
71,3,71_3,2,71_3_2,3,0,
71,3,71_3,3,71_3_3,6,0,
71,3,71_3,4,71_3_4,4,0,
71,3,71_3,5,71_3_5,3,0,
71,3,71_3,6,71_3_6,7,0,
71,3,71_3,7,71_3_7,5,0,
71,3,71_3,8,71_3_8,4,0,
71,3,71_3,9,71_3_9,4,0,
71,3,71_3,10,71_3_10,3,0,
71,3,71_3,11,71_3_11,5,0,
71,3,71_3,12,71_3_12,4,0,
71,3,71_3,13,71_3_13,1,0,
71,3,71_3,14,71_3_14,1,0,
71,3,71_3,15,71_3_15,3,0,
71,3,71_3,16,71_3_16,8,0,
71,3,71_3,17,71_3_17,5,0,
71,3,71_3,18,71_3_18,7,0,
71,3,71_3,19,71_3_19,5,0,
71,3,71_3,20,71_3_20,3,0,
71,3,71_3,21,71_3_21,4,0,
71,3,71_3,22,71_3_22,5,0,
71,3,71_3,23,71_3_23,2,0,
71,3,71_3,24,71_3_24,1,0,
71,3,71_3,25,71_3_25,4,0,
71,3,71_3,26,71_3_26,3,0,
71,3,71_3,27,71_3_27,4,0,
71,3,71_3,28,71_3_28,5,0,
71,3,71_3,29,71_3_29,2,0,
71,3,71_3,30,71_3_30,1,0,
71,3,71_3,31,71_3_31,3,0,
71,3,71_3,32,71_3_32,5,0,
71,3,71_3,33,71_3_33,4,0,
71,3,71_3,34,71_3_34,5,0,
71,3,71_3,35,71_3_35,2,0,
71,3,71_3,36,71_3_36,4,0,
71,3,71_3,37,71_3_37,7,0,
71,3,71_3,38,71_3_38,5,0,
71,3,71_3,39,71_3_39,1,0,
71,3,71_3,40,71_3_40,4,0,
71,3,71_3,41,71_3_41,6,0,
71,3,71_3,42,71_3_42,7,0,
71,3,71_3,43,71_3_43,3,0,
71,3,71_3,44,71_3_44,5,0,
71,3,71_3,45,71_3_45,7,0,
71,3,71_3,46,71_3_46,6,0,
71,3,71_3,47,71_3_47,3,0,
71,3,71_3,48,71_3_48,4,0,
71,3,71_3,49,71_3_49,7,0,
71,3,71_3,50,71_3_50,3,0,
71,4,71_4,1,71_4_1,5,0,
71,4,71_4,2,71_4_2,6,0,
71,4,71_4,3,71_4_3,3,0,
71,4,71_4,4,71_4_4,3,0,
71,4,71_4,5,71_4_5,5,0,
71,4,71_4,6,71_4_6,7,0,
71,4,71_4,7,71_4_7,5,0,
71,4,71_4,8,71_4_8,6,0,
71,4,71_4,9,71_4_9,5,0,
71,4,71_4,10,71_4_10,4,0,
71,4,71_4,11,71_4_11,3,0,
71,4,71_4,12,71_4_12,4,0,
71,4,71_4,13,71_4_13,5,0,
71,4,71_4,14,71_4_14,4,0,
71,4,71_4,15,71_4_15,2,0,
71,4,71_4,16,71_4_16,7,0,
71,4,71_4,17,71_4_17,8,0,
71,4,71_4,18,71_4_18,5,0,
71,4,71_4,19,71_4_19,2,0,
71,4,71_4,20,71_4_20,5,0,
71,4,71_4,21,71_4_21,7,0,
71,4,71_4,22,71_4_22,8,0,
71,4,71_4,23,71_4_23,8,0,
71,4,71_4,24,71_4_24,7,0,
71,4,71_4,25,71_4_25,4,0,
71,4,71_4,26,71_4_26,6,0,
71,4,71_4,27,71_4_27,4,0,
71,4,71_4,28,71_4_28,2,0,
71,4,71_4,29,71_4_29,4,0,
71,4,71_4,30,71_4_30,3,0,
71,4,71_4,31,71_4_31,3,0,
71,4,71_4,32,71_4_32,4,0,
71,4,71_4,33,71_4_33,3,0,
71,4,71_4,34,71_4_34,1,0,
71,4,71_4,35,71_4_35,5,0,
71,4,71_4,36,71_4_36,5,0,
71,4,71_4,37,71_4_37,3,0,
71,4,71_4,38,71_4_38,3,0,
71,4,71_4,39,71_4_39,5,0,
71,4,71_4,40,71_4_40,3,0,
71,4,71_4,41,71_4_41,1,0,
71,4,71_4,42,71_4_42,5,0,
71,4,71_4,43,71_4_43,7,0,
71,4,71_4,44,71_4_44,4,0,
71,4,71_4,45,71_4_45,3,0,
71,4,71_4,46,71_4_46,4,0,
71,4,71_4,47,71_4_47,3,0,
71,4,71_4,48,71_4_48,5,0,
71,4,71_4,49,71_4_49,1,0,
71,4,71_4,50,71_4_50,5,0,
71,5,71_5,1,71_5_1,2,0,
71,5,71_5,2,71_5_2,2,0,
71,5,71_5,3,71_5_3,6,0,
71,5,71_5,4,71_5_4,1,0,
71,5,71_5,5,71_5_5,2,0,
71,5,71_5,6,71_5_6,2,0,
71,5,71_5,7,71_5_7,7,0,
71,5,71_5,8,71_5_8,3,0,
71,5,71_5,9,71_5_9,4,0,
71,5,71_5,10,71_5_10,4,0,
71,5,71_5,11,71_5_11,6,0,
71,5,71_5,12,71_5_12,4,0,
71,5,71_5,13,71_5_13,2,0,
71,5,71_5,14,71_5_14,5,0,
71,5,71_5,15,71_5_15,4,0,
71,5,71_5,16,71_5_16,6,0,
71,5,71_5,17,71_5_17,3,0,
71,5,71_5,18,71_5_18,2,0,
71,5,71_5,19,71_5_19,5,0,
71,5,71_5,20,71_5_20,1,0,
71,5,71_5,21,71_5_21,1,0,
71,5,71_5,22,71_5_22,1,0,
71,5,71_5,23,71_5_23,3,0,
71,5,71_5,24,71_5_24,2,0,
71,5,71_5,25,71_5_25,2,0,
71,5,71_5,26,71_5_26,4,0,
71,5,71_5,27,71_5_27,7,0,
71,5,71_5,28,71_5_28,6,0,
71,5,71_5,29,71_5_29,2,0,
71,5,71_5,30,71_5_30,5,0,
71,5,71_5,31,71_5_31,2,0,
71,5,71_5,32,71_5_32,6,0,
71,5,71_5,33,71_5_33,7,0,
71,5,71_5,34,71_5_34,2,0,
71,5,71_5,35,71_5_35,4,0,
71,5,71_5,36,71_5_36,3,0,
71,5,71_5,37,71_5_37,2,0,
71,5,71_5,38,71_5_38,3,0,
71,5,71_5,39,71_5_39,3,0,
71,5,71_5,40,71_5_40,2,0,
71,5,71_5,41,71_5_41,6,0,
71,5,71_5,42,71_5_42,5,0,
71,5,71_5,43,71_5_43,2,0,
71,5,71_5,44,71_5_44,4,0,
71,5,71_5,45,71_5_45,3,0,
71,5,71_5,46,71_5_46,5,0,
71,5,71_5,47,71_5_47,1,0,
71,5,71_5,48,71_5_48,1,0,
71,5,71_5,49,71_5_49,6,0,
71,5,71_5,50,71_5_50,4,0,
71,6,71_6,1,71_6_1,3,0,
71,6,71_6,2,71_6_2,3,0,
71,6,71_6,3,71_6_3,3,0,
71,6,71_6,4,71_6_4,6,0,
71,6,71_6,5,71_6_5,4,0,
71,6,71_6,6,71_6_6,4,0,
71,6,71_6,7,71_6_7,5,0,
71,6,71_6,8,71_6_8,5,0,
71,6,71_6,9,71_6_9,2,0,
71,6,71_6,10,71_6_10,4,0,
71,6,71_6,11,71_6_11,3,0,
71,6,71_6,12,71_6_12,3,0,
71,6,71_6,13,71_6_13,2,0,
71,6,71_6,14,71_6_14,2,0,
71,6,71_6,15,71_6_15,3,0,
71,6,71_6,16,71_6_16,5,0,
71,6,71_6,17,71_6_17,3,0,
71,6,71_6,18,71_6_18,3,0,
71,6,71_6,19,71_6_19,5,0,
71,6,71_6,20,71_6_20,2,0,
71,6,71_6,21,71_6_21,4,0,
71,6,71_6,22,71_6_22,2,0,
71,6,71_6,23,71_6_23,2,0,
71,6,71_6,24,71_6_24,4,0,
71,6,71_6,25,71_6_25,5,0,
71,6,71_6,26,71_6_26,5,0,
71,6,71_6,27,71_6_27,3,0,
71,6,71_6,28,71_6_28,4,0,
71,6,71_6,29,71_6_29,4,0,
71,6,71_6,30,71_6_30,3,0,
71,6,71_6,31,71_6_31,5,0,
71,6,71_6,32,71_6_32,4,0,
71,6,71_6,33,71_6_33,4,0,
71,6,71_6,34,71_6_34,3,0,
71,6,71_6,35,71_6_35,6,0,
71,6,71_6,36,71_6_36,4,0,
71,6,71_6,37,71_6_37,5,0,
71,6,71_6,38,71_6_38,5,0,
71,6,71_6,39,71_6_39,4,0,
71,6,71_6,40,71_6_40,2,0,
71,6,71_6,41,71_6_41,3,0,
71,6,71_6,42,71_6_42,3,0,
71,6,71_6,43,71_6_43,3,0,
71,6,71_6,44,71_6_44,4,0,
71,6,71_6,45,71_6_45,5,0,
71,6,71_6,46,71_6_46,4,0,
71,6,71_6,47,71_6_47,5,0,
71,6,71_6,48,71_6_48,1,0,
71,6,71_6,49,71_6_49,4,0,
71,6,71_6,50,71_6_50,4,0,
73,1,73_1,1,73_1_1,4,0,
73,1,73_1,2,73_1_2,5,0,
73,1,73_1,3,73_1_3,5,0,
73,1,73_1,4,73_1_4,2,0,
73,1,73_1,5,73_1_5,3,0,
73,1,73_1,6,73_1_6,3,0,
73,1,73_1,7,73_1_7,4,0,
73,1,73_1,8,73_1_8,6,0,
73,1,73_1,9,73_1_9,3,0,
73,1,73_1,10,73_1_10,4,0,
73,1,73_1,11,73_1_11,8,0,
73,1,73_1,12,73_1_12,5,0,
73,1,73_1,13,73_1_13,7,0,
73,1,73_1,14,73_1_14,4,0,
73,1,73_1,15,73_1_15,3,0,
73,1,73_1,16,73_1_16,2,0,
73,1,73_1,17,73_1_17,2,0,
73,1,73_1,18,73_1_18,4,0,
73,1,73_1,19,73_1_19,3,0,
73,1,73_1,20,73_1_20,5,0,
73,1,73_1,21,73_1_21,3,0,
73,1,73_1,22,73_1_22,4,0,
73,1,73_1,23,73_1_23,5,0,
73,1,73_1,24,73_1_24,5,0,
73,1,73_1,25,73_1_25,3,0,
73,1,73_1,26,73_1_26,4,0,
73,1,73_1,27,73_1_27,3,0,
73,1,73_1,28,73_1_28,5,0,
73,1,73_1,29,73_1_29,6,0,
73,1,73_1,30,73_1_30,2,0,
73,1,73_1,31,73_1_31,3,0,
73,1,73_1,32,73_1_32,2,0,
73,1,73_1,33,73_1_33,7,0,
73,1,73_1,34,73_1_34,3,0,
73,1,73_1,35,73_1_35,2,0,
73,1,73_1,36,73_1_36,7,0,
73,1,73_1,37,73_1_37,2,0,
73,1,73_1,38,73_1_38,3,0,
73,1,73_1,39,73_1_39,1,0,
73,1,73_1,40,73_1_40,4,0,
73,1,73_1,41,73_1_41,4,0,
73,1,73_1,42,73_1_42,4,0,
73,1,73_1,43,73_1_43,3,0,
73,1,73_1,44,73_1_44,4,0,
73,1,73_1,45,73_1_45,3,0,
73,1,73_1,46,73_1_46,4,0,
73,1,73_1,47,73_1_47,2,0,
73,1,73_1,48,73_1_48,3,0,
73,1,73_1,49,73_1_49,3,0,
73,1,73_1,50,73_1_50,1,0,
73,2,73_2,1,73_2_1,5,0,
73,2,73_2,2,73_2_2,4,0,
73,2,73_2,3,73_2_3,5,0,
73,2,73_2,4,73_2_4,4,0,
73,2,73_2,5,73_2_5,3,0,
73,2,73_2,6,73_2_6,4,0,
73,2,73_2,7,73_2_7,4,0,
73,2,73_2,8,73_2_8,4,0,
73,2,73_2,9,73_2_9,2,0,
73,2,73_2,10,73_2_10,5,0,
73,2,73_2,11,73_2_11,5,0,
73,2,73_2,12,73_2_12,3,0,
73,2,73_2,13,73_2_13,4,0,
73,2,73_2,14,73_2_14,2,0,
73,2,73_2,15,73_2_15,3,0,
73,2,73_2,16,73_2_16,3,0,
73,2,73_2,17,73_2_17,2,0,
73,2,73_2,18,73_2_18,3,0,
73,2,73_2,19,73_2_19,4,0,
73,2,73_2,20,73_2_20,5,0,
73,2,73_2,21,73_2_21,5,0,
73,2,73_2,22,73_2_22,5,0,
73,2,73_2,23,73_2_23,4,0,
73,2,73_2,24,73_2_24,4,0,
73,2,73_2,25,73_2_25,4,0,
73,2,73_2,26,73_2_26,5,0,
73,2,73_2,27,73_2_27,5,0,
73,2,73_2,28,73_2_28,2,0,
73,2,73_2,29,73_2_29,3,0,
73,2,73_2,30,73_2_30,4,0,
73,2,73_2,31,73_2_31,3,0,
73,2,73_2,32,73_2_32,3,0,
73,2,73_2,33,73_2_33,4,0,
73,2,73_2,34,73_2_34,1,0,
73,2,73_2,35,73_2_35,6,0,
73,2,73_2,36,73_2_36,5,0,
73,2,73_2,37,73_2_37,2,0,
73,2,73_2,38,73_2_38,1,0,
73,2,73_2,39,73_2_39,2,0,
73,2,73_2,40,73_2_40,4,0,
73,2,73_2,41,73_2_41,7,0,
73,2,73_2,42,73_2_42,4,0,
73,2,73_2,43,73_2_43,4,0,
73,2,73_2,44,73_2_44,4,0,
73,2,73_2,45,73_2_45,2,0,
73,2,73_2,46,73_2_46,5,0,
73,2,73_2,47,73_2_47,2,0,
73,2,73_2,48,73_2_48,4,0,
73,2,73_2,49,73_2_49,2,0,
73,2,73_2,50,73_2_50,2,0,
73,3,73_3,1,73_3_1,6,0,
73,3,73_3,2,73_3_2,2,0,
73,3,73_3,3,73_3_3,3,0,
73,3,73_3,4,73_3_4,6,0,
73,3,73_3,5,73_3_5,2,0,
73,3,73_3,6,73_3_6,5,0,
73,3,73_3,7,73_3_7,4,0,
73,3,73_3,8,73_3_8,1,0,
73,3,73_3,9,73_3_9,1,0,
73,3,73_3,10,73_3_10,6,0,
73,3,73_3,11,73_3_11,6,0,
73,3,73_3,12,73_3_12,2,0,
73,3,73_3,13,73_3_13,7,0,
73,3,73_3,14,73_3_14,4,0,
73,3,73_3,15,73_3_15,4,0,
73,3,73_3,16,73_3_16,3,0,
73,3,73_3,17,73_3_17,4,0,
73,3,73_3,18,73_3_18,4,0,
73,3,73_3,19,73_3_19,5,0,
73,3,73_3,20,73_3_20,1,0,
73,3,73_3,21,73_3_21,7,0,
73,3,73_3,22,73_3_22,2,0,
73,3,73_3,23,73_3_23,3,0,
73,3,73_3,24,73_3_24,1,0,
73,3,73_3,25,73_3_25,3,0,
73,3,73_3,26,73_3_26,4,0,
73,3,73_3,27,73_3_27,3,0,
73,3,73_3,28,73_3_28,3,0,
73,3,73_3,29,73_3_29,3,0,
73,3,73_3,30,73_3_30,4,0,
73,3,73_3,31,73_3_31,4,0,
73,3,73_3,32,73_3_32,2,0,
73,3,73_3,33,73_3_33,3,0,
73,3,73_3,34,73_3_34,2,0,
73,3,73_3,35,73_3_35,2,0,
73,3,73_3,36,73_3_36,3,0,
73,3,73_3,37,73_3_37,3,0,
73,3,73_3,38,73_3_38,2,0,
73,3,73_3,39,73_3_39,3,0,
73,3,73_3,40,73_3_40,5,0,
73,3,73_3,41,73_3_41,3,0,
73,3,73_3,42,73_3_42,1,0,
73,3,73_3,43,73_3_43,1,0,
73,3,73_3,44,73_3_44,3,0,
73,3,73_3,45,73_3_45,5,0,
73,3,73_3,46,73_3_46,3,0,
73,3,73_3,47,73_3_47,2,0,
73,3,73_3,48,73_3_48,3,0,
73,3,73_3,49,73_3_49,1,0,
73,3,73_3,50,73_3_50,2,0,
73,4,73_4,1,73_4_1,6,0,
73,4,73_4,2,73_4_2,5,0,
73,4,73_4,3,73_4_3,3,0,
73,4,73_4,4,73_4_4,3,0,
73,4,73_4,5,73_4_5,5,0,
73,4,73_4,6,73_4_6,6,0,
73,4,73_4,7,73_4_7,6,0,
73,4,73_4,8,73_4_8,3,0,
73,4,73_4,9,73_4_9,5,0,
73,4,73_4,10,73_4_10,3,0,
73,4,73_4,11,73_4_11,5,0,
73,4,73_4,12,73_4_12,5,0,
73,4,73_4,13,73_4_13,5,0,
73,4,73_4,14,73_4_14,4,0,
73,4,73_4,15,73_4_15,3,0,
73,4,73_4,16,73_4_16,3,0,
73,4,73_4,17,73_4_17,3,0,
73,4,73_4,18,73_4_18,3,0,
73,4,73_4,19,73_4_19,6,0,
73,4,73_4,20,73_4_20,2,0,
73,4,73_4,21,73_4_21,2,0,
73,4,73_4,22,73_4_22,3,0,
73,4,73_4,23,73_4_23,5,0,
73,4,73_4,24,73_4_24,3,0,
73,4,73_4,25,73_4_25,4,0,
73,4,73_4,26,73_4_26,6,0,
73,4,73_4,27,73_4_27,4,0,
73,4,73_4,28,73_4_28,5,0,
73,4,73_4,29,73_4_29,4,0,
73,4,73_4,30,73_4_30,5,0,
73,4,73_4,31,73_4_31,1,0,
73,4,73_4,32,73_4_32,2,0,
73,4,73_4,33,73_4_33,1,0,
73,4,73_4,34,73_4_34,1,0,
73,4,73_4,35,73_4_35,5,0,
73,4,73_4,36,73_4_36,4,0,
73,4,73_4,37,73_4_37,1,0,
73,4,73_4,38,73_4_38,1,0,
73,4,73_4,39,73_4_39,4,0,
73,4,73_4,40,73_4_40,4,0,
73,4,73_4,41,73_4_41,3,0,
73,4,73_4,42,73_4_42,2,0,
73,4,73_4,43,73_4_43,4,0,
73,4,73_4,44,73_4_44,4,0,
73,4,73_4,45,73_4_45,4,0,
73,4,73_4,46,73_4_46,1,0,
73,4,73_4,47,73_4_47,1,0,
73,4,73_4,48,73_4_48,4,0,
73,4,73_4,49,73_4_49,1,0,
73,4,73_4,50,73_4_50,2,0,
73,5,73_5,1,73_5_1,4,0,
73,5,73_5,2,73_5_2,3,0,
73,5,73_5,3,73_5_3,6,0,
73,5,73_5,4,73_5_4,3,0,
73,5,73_5,5,73_5_5,3,0,
73,5,73_5,6,73_5_6,4,0,
73,5,73_5,7,73_5_7,3,0,
73,5,73_5,8,73_5_8,3,0,
73,5,73_5,9,73_5_9,3,0,
73,5,73_5,10,73_5_10,1,0,
73,5,73_5,11,73_5_11,4,0,
73,5,73_5,12,73_5_12,4,0,
73,5,73_5,13,73_5_13,3,0,
73,5,73_5,14,73_5_14,3,0,
73,5,73_5,15,73_5_15,3,0,
73,5,73_5,16,73_5_16,3,0,
73,5,73_5,17,73_5_17,4,0,
73,5,73_5,18,73_5_18,4,0,
73,5,73_5,19,73_5_19,3,0,
73,5,73_5,20,73_5_20,4,0,
73,5,73_5,21,73_5_21,3,0,
73,5,73_5,22,73_5_22,4,0,
73,5,73_5,23,73_5_23,6,0,
73,5,73_5,24,73_5_24,5,0,
73,5,73_5,25,73_5_25,5,0,
73,5,73_5,26,73_5_26,4,0,
73,5,73_5,27,73_5_27,3,0,
73,5,73_5,28,73_5_28,3,0,
73,5,73_5,29,73_5_29,5,0,
73,5,73_5,30,73_5_30,4,0,
73,5,73_5,31,73_5_31,6,0,
73,5,73_5,32,73_5_32,4,0,
73,5,73_5,33,73_5_33,5,0,
73,5,73_5,34,73_5_34,2,0,
73,5,73_5,35,73_5_35,2,0,
73,5,73_5,36,73_5_36,6,0,
73,5,73_5,37,73_5_37,4,0,
73,5,73_5,38,73_5_38,4,0,
73,5,73_5,39,73_5_39,3,0,
73,5,73_5,40,73_5_40,4,0,
73,5,73_5,41,73_5_41,2,0,
73,5,73_5,42,73_5_42,3,0,
73,5,73_5,43,73_5_43,3,0,
73,5,73_5,44,73_5_44,3,0,
73,5,73_5,45,73_5_45,6,0,
73,5,73_5,46,73_5_46,3,0,
73,5,73_5,47,73_5_47,1,0,
73,5,73_5,48,73_5_48,1,0,
73,5,73_5,49,73_5_49,3,0,
73,5,73_5,50,73_5_50,3,0,
73,6,73_6,1,73_6_1,2,0,
73,6,73_6,2,73_6_2,4,0,
73,6,73_6,3,73_6_3,5,0,
73,6,73_6,4,73_6_4,3,0,
73,6,73_6,5,73_6_5,4,0,
73,6,73_6,6,73_6_6,5,0,
73,6,73_6,7,73_6_7,1,0,
73,6,73_6,8,73_6_8,6,0,
73,6,73_6,9,73_6_9,2,0,
73,6,73_6,10,73_6_10,2,0,
73,6,73_6,11,73_6_11,3,0,
73,6,73_6,12,73_6_12,1,0,
73,6,73_6,13,73_6_13,5,0,
73,6,73_6,14,73_6_14,2,0,
73,6,73_6,15,73_6_15,1,0,
73,6,73_6,16,73_6_16,4,0,
73,6,73_6,17,73_6_17,3,0,
73,6,73_6,18,73_6_18,4,0,
73,6,73_6,19,73_6_19,1,0,
73,6,73_6,20,73_6_20,4,0,
73,6,73_6,21,73_6_21,1,0,
73,6,73_6,22,73_6_22,1,0,
73,6,73_6,23,73_6_23,1,0,
73,6,73_6,24,73_6_24,1,0,
73,6,73_6,25,73_6_25,1,0,
73,6,73_6,26,73_6_26,1,0,
73,6,73_6,27,73_6_27,2,0,
73,6,73_6,28,73_6_28,2,0,
73,6,73_6,29,73_6_29,7,0,
73,6,73_6,30,73_6_30,3,0,
73,6,73_6,31,73_6_31,1,0,
73,6,73_6,32,73_6_32,1,0,
73,6,73_6,33,73_6_33,2,0,
73,6,73_6,34,73_6_34,5,0,
73,6,73_6,35,73_6_35,2,0,
73,6,73_6,36,73_6_36,6,0,
73,6,73_6,37,73_6_37,5,0,
73,6,73_6,38,73_6_38,2,0,
73,6,73_6,39,73_6_39,2,0,
73,6,73_6,40,73_6_40,1,0,
73,6,73_6,41,73_6_41,1,0,
73,6,73_6,42,73_6_42,3,0,
73,6,73_6,43,73_6_43,2,0,
73,6,73_6,44,73_6_44,2,0,
73,6,73_6,45,73_6_45,2,0,
73,6,73_6,46,73_6_46,2,0,
73,6,73_6,47,73_6_47,2,0,
73,6,73_6,48,73_6_48,1,0,
73,6,73_6,49,73_6_49,2,0,
73,6,73_6,50,73_6_50,1,0,
83,1,83_1,1,83_1_1,4,0,
83,1,83_1,2,83_1_2,2,0,
83,1,83_1,3,83_1_3,3,0,
83,1,83_1,4,83_1_4,2,0,
83,1,83_1,5,83_1_5,2,0,
83,1,83_1,6,83_1_6,3,0,
83,1,83_1,7,83_1_7,2,0,
83,1,83_1,8,83_1_8,3,0,
83,1,83_1,9,83_1_9,3,0,
83,1,83_1,10,83_1_10,4,0,
83,1,83_1,11,83_1_11,2,0,
83,1,83_1,12,83_1_12,2,0,
83,1,83_1,13,83_1_13,2,0,
83,1,83_1,14,83_1_14,3,0,
83,1,83_1,15,83_1_15,3,0,
83,1,83_1,16,83_1_16,1,0,
83,1,83_1,17,83_1_17,1,0,
83,1,83_1,18,83_1_18,3,0,
83,1,83_1,19,83_1_19,3,0,
83,1,83_1,20,83_1_20,6,0,
83,1,83_1,21,83_1_21,6,0,
83,1,83_1,22,83_1_22,2,0,
83,1,83_1,23,83_1_23,1,0,
83,1,83_1,24,83_1_24,2,0,
83,1,83_1,25,83_1_25,3,0,
83,1,83_1,26,83_1_26,4,0,
83,1,83_1,27,83_1_27,1,0,
83,1,83_1,28,83_1_28,5,0,
83,1,83_1,29,83_1_29,3,0,
83,1,83_1,30,83_1_30,1,0,
83,1,83_1,31,83_1_31,3,0,
83,1,83_1,32,83_1_32,3,0,
83,1,83_1,33,83_1_33,2,0,
83,1,83_1,34,83_1_34,3,0,
83,1,83_1,35,83_1_35,3,0,
83,1,83_1,36,83_1_36,3,0,
83,1,83_1,37,83_1_37,3,0,
83,1,83_1,38,83_1_38,4,0,
83,1,83_1,39,83_1_39,2,0,
83,1,83_1,40,83_1_40,1,0,
83,1,83_1,41,83_1_41,3,0,
83,1,83_1,42,83_1_42,4,0,
83,1,83_1,43,83_1_43,5,0,
83,1,83_1,44,83_1_44,2,0,
83,1,83_1,45,83_1_45,2,0,
83,1,83_1,46,83_1_46,4,0,
83,1,83_1,47,83_1_47,4,0,
83,1,83_1,48,83_1_48,3,0,
83,1,83_1,49,83_1_49,3,0,
83,1,83_1,50,83_1_50,2,0,
83,2,83_2,1,83_2_1,5,0,
83,2,83_2,2,83_2_2,3,0,
83,2,83_2,3,83_2_3,4,0,
83,2,83_2,4,83_2_4,4,0,
83,2,83_2,5,83_2_5,3,0,
83,2,83_2,6,83_2_6,4,0,
83,2,83_2,7,83_2_7,3,0,
83,2,83_2,8,83_2_8,5,0,
83,2,83_2,9,83_2_9,3,0,
83,2,83_2,10,83_2_10,4,0,
83,2,83_2,11,83_2_11,2,0,
83,2,83_2,12,83_2_12,6,0,
83,2,83_2,13,83_2_13,3,0,
83,2,83_2,14,83_2_14,5,0,
83,2,83_2,15,83_2_15,2,0,
83,2,83_2,16,83_2_16,4,0,
83,2,83_2,17,83_2_17,2,0,
83,2,83_2,18,83_2_18,3,0,
83,2,83_2,19,83_2_19,3,0,
83,2,83_2,20,83_2_20,4,0,
83,2,83_2,21,83_2_21,5,0,
83,2,83_2,22,83_2_22,5,0,
83,2,83_2,23,83_2_23,7,0,
83,2,83_2,24,83_2_24,3,0,
83,2,83_2,25,83_2_25,5,0,
83,2,83_2,26,83_2_26,3,0,
83,2,83_2,27,83_2_27,3,0,
83,2,83_2,28,83_2_28,2,0,
83,2,83_2,29,83_2_29,5,0,
83,2,83_2,30,83_2_30,4,0,
83,2,83_2,31,83_2_31,2,0,
83,2,83_2,32,83_2_32,5,0,
83,2,83_2,33,83_2_33,3,0,
83,2,83_2,34,83_2_34,3,0,
83,2,83_2,35,83_2_35,5,0,
83,2,83_2,36,83_2_36,2,0,
83,2,83_2,37,83_2_37,1,0,
83,2,83_2,38,83_2_38,2,0,
83,2,83_2,39,83_2_39,3,0,
83,2,83_2,40,83_2_40,4,0,
83,2,83_2,41,83_2_41,3,0,
83,2,83_2,42,83_2_42,4,0,
83,2,83_2,43,83_2_43,4,0,
83,2,83_2,44,83_2_44,4,0,
83,2,83_2,45,83_2_45,6,0,
83,2,83_2,46,83_2_46,4,0,
83,2,83_2,47,83_2_47,1,0,
83,2,83_2,48,83_2_48,2,0,
83,2,83_2,49,83_2_49,1,0,
83,2,83_2,50,83_2_50,2,0,
83,3,83_3,1,83_3_1,6,0,
83,3,83_3,2,83_3_2,7,0,
83,3,83_3,3,83_3_3,4,0,
83,3,83_3,4,83_3_4,3,0,
83,3,83_3,5,83_3_5,3,0,
83,3,83_3,6,83_3_6,5,0,
83,3,83_3,7,83_3_7,3,0,
83,3,83_3,8,83_3_8,2,0,
83,3,83_3,9,83_3_9,3,0,
83,3,83_3,10,83_3_10,2,0,
83,3,83_3,11,83_3_11,3,0,
83,3,83_3,12,83_3_12,4,0,
83,3,83_3,13,83_3_13,3,0,
83,3,83_3,14,83_3_14,4,0,
83,3,83_3,15,83_3_15,2,0,
83,3,83_3,16,83_3_16,2,0,
83,3,83_3,17,83_3_17,2,0,
83,3,83_3,18,83_3_18,2,0,
83,3,83_3,19,83_3_19,2,0,
83,3,83_3,20,83_3_20,2,0,
83,3,83_3,21,83_3_21,5,0,
83,3,83_3,22,83_3_22,4,0,
83,3,83_3,23,83_3_23,4,0,
83,3,83_3,24,83_3_24,5,0,
83,3,83_3,25,83_3_25,5,0,
83,3,83_3,26,83_3_26,7,0,
83,3,83_3,27,83_3_27,6,0,
83,3,83_3,28,83_3_28,3,0,
83,3,83_3,29,83_3_29,3,0,
83,3,83_3,30,83_3_30,5,0,
83,3,83_3,31,83_3_31,7,0,
83,3,83_3,32,83_3_32,5,0,
83,3,83_3,33,83_3_33,4,0,
83,3,83_3,34,83_3_34,2,0,
83,3,83_3,35,83_3_35,1,0,
83,3,83_3,36,83_3_36,1,0,
83,3,83_3,37,83_3_37,3,0,
83,3,83_3,38,83_3_38,4,0,
83,3,83_3,39,83_3_39,6,0,
83,3,83_3,40,83_3_40,5,0,
83,3,83_3,41,83_3_41,3,0,
83,3,83_3,42,83_3_42,2,0,
83,3,83_3,43,83_3_43,2,0,
83,3,83_3,44,83_3_44,1,0,
83,3,83_3,45,83_3_45,1,0,
83,4,83_4,1,83_4_1,6,0,
83,4,83_4,2,83_4_2,5,0,
83,4,83_4,3,83_4_3,6,0,
83,4,83_4,4,83_4_4,4,0,
83,4,83_4,5,83_4_5,5,0,
83,4,83_4,6,83_4_6,5,0,
83,4,83_4,7,83_4_7,4,0,
83,4,83_4,8,83_4_8,5,0,
83,4,83_4,9,83_4_9,2,0,
83,4,83_4,10,83_4_10,4,0,
83,4,83_4,11,83_4_11,5,0,
83,4,83_4,12,83_4_12,1,0,
83,4,83_4,13,83_4_13,1,0,
83,4,83_4,14,83_4_14,4,0,
83,4,83_4,15,83_4_15,4,0,
83,4,83_4,16,83_4_16,7,0,
83,4,83_4,17,83_4_17,5,0,
83,4,83_4,18,83_4_18,1,0,
83,4,83_4,19,83_4_19,3,0,
83,4,83_4,20,83_4_20,4,0,
83,4,83_4,21,83_4_21,4,0,
83,4,83_4,22,83_4_22,6,0,
83,4,83_4,23,83_4_23,2,0,
83,4,83_4,24,83_4_24,4,0,
83,4,83_4,25,83_4_25,3,0,
83,4,83_4,26,83_4_26,3,0,
83,4,83_4,27,83_4_27,5,0,
83,4,83_4,28,83_4_28,1,0,
83,4,83_4,29,83_4_29,4,0,
83,4,83_4,30,83_4_30,4,0,
83,4,83_4,31,83_4_31,3,0,
83,4,83_4,32,83_4_32,3,0,
83,4,83_4,33,83_4_33,4,0,
83,4,83_4,34,83_4_34,4,0,
83,4,83_4,35,83_4_35,6,0,
83,4,83_4,36,83_4_36,4,0,
83,4,83_4,37,83_4_37,8,0,
83,4,83_4,38,83_4_38,5,0,
83,4,83_4,39,83_4_39,3,0,
83,4,83_4,40,83_4_40,5,0,
83,4,83_4,41,83_4_41,4,0,
83,4,83_4,42,83_4_42,3,0,
83,4,83_4,43,83_4_43,1,0,
83,4,83_4,44,83_4_44,5,0,
83,4,83_4,45,83_4_45,5,0,
83,4,83_4,46,83_4_46,2,0,
83,4,83_4,47,83_4_47,1,0,
83,4,83_4,48,83_4_48,3,0,
83,4,83_4,49,83_4_49,2,0,
83,4,83_4,50,83_4_50,2,0,
83,5,83_5,1,83_5_1,4,0,
83,5,83_5,2,83_5_2,4,0,
83,5,83_5,3,83_5_3,4,0,
83,5,83_5,4,83_5_4,3,0,
83,5,83_5,5,83_5_5,3,0,
83,5,83_5,6,83_5_6,6,0,
83,5,83_5,7,83_5_7,5,0,
83,5,83_5,8,83_5_8,3,0,
83,5,83_5,9,83_5_9,4,0,
83,5,83_5,10,83_5_10,3,0,
83,5,83_5,11,83_5_11,4,0,
83,5,83_5,12,83_5_12,4,0,
83,5,83_5,13,83_5_13,5,0,
83,5,83_5,14,83_5_14,2,0,
83,5,83_5,15,83_5_15,5,0,
83,5,83_5,16,83_5_16,3,0,
83,5,83_5,17,83_5_17,2,0,
83,5,83_5,18,83_5_18,4,0,
83,5,83_5,19,83_5_19,5,0,
83,5,83_5,20,83_5_20,4,0,
83,5,83_5,21,83_5_21,3,0,
83,5,83_5,22,83_5_22,2,0,
83,5,83_5,23,83_5_23,2,0,
83,5,83_5,24,83_5_24,4,0,
83,5,83_5,25,83_5_25,3,0,
83,5,83_5,26,83_5_26,2,0,
83,5,83_5,27,83_5_27,3,0,
83,5,83_5,28,83_5_28,2,0,
83,5,83_5,29,83_5_29,2,0,
83,5,83_5,30,83_5_30,4,0,
83,5,83_5,31,83_5_31,5,0,
83,5,83_5,32,83_5_32,3,0,
83,5,83_5,33,83_5_33,6,0,
83,5,83_5,34,83_5_34,7,0,
83,5,83_5,35,83_5_35,5,0,
83,5,83_5,36,83_5_36,3,0,
83,5,83_5,37,83_5_37,3,0,
83,5,83_5,38,83_5_38,4,0,
83,5,83_5,39,83_5_39,2,0,
83,5,83_5,40,83_5_40,2,0,
83,5,83_5,41,83_5_41,4,0,
83,5,83_5,42,83_5_42,5,0,
83,5,83_5,43,83_5_43,5,0,
83,5,83_5,44,83_5_44,2,0,
83,5,83_5,45,83_5_45,2,0,
83,5,83_5,46,83_5_46,2,0,
83,5,83_5,47,83_5_47,4,0,
83,5,83_5,48,83_5_48,2,0,
83,5,83_5,49,83_5_49,3,0,
83,5,83_5,50,83_5_50,3,0,
83,6,83_6,1,83_6_1,5,0,
83,6,83_6,2,83_6_2,8,0,
83,6,83_6,3,83_6_3,4,0,
83,6,83_6,4,83_6_4,3,0,
83,6,83_6,5,83_6_5,5,0,
83,6,83_6,6,83_6_6,5,0,
83,6,83_6,7,83_6_7,5,0,
83,6,83_6,8,83_6_8,4,0,
83,6,83_6,9,83_6_9,6,0,
83,6,83_6,10,83_6_10,3,0,
83,6,83_6,11,83_6_11,4,0,
83,6,83_6,12,83_6_12,4,0,
83,6,83_6,13,83_6_13,4,0,
83,6,83_6,14,83_6_14,4,0,
83,6,83_6,15,83_6_15,5,0,
83,6,83_6,16,83_6_16,4,0,
83,6,83_6,17,83_6_17,3,0,
83,6,83_6,18,83_6_18,4,0,
83,6,83_6,19,83_6_19,3,0,
83,6,83_6,20,83_6_20,2,0,
83,6,83_6,21,83_6_21,2,0,
83,6,83_6,22,83_6_22,1,0,
83,6,83_6,23,83_6_23,3,0,
83,6,83_6,24,83_6_24,7,0,
83,6,83_6,25,83_6_25,4,0,
83,6,83_6,26,83_6_26,1,0,
83,6,83_6,27,83_6_27,1,0,
83,6,83_6,28,83_6_28,4,0,
83,6,83_6,29,83_6_29,5,0,
83,6,83_6,30,83_6_30,4,0,
83,6,83_6,31,83_6_31,2,0,
83,6,83_6,32,83_6_32,8,0,
83,6,83_6,33,83_6_33,3,0,
83,6,83_6,34,83_6_34,3,0,
83,6,83_6,35,83_6_35,3,0,
83,6,83_6,36,83_6_36,1,0,
83,6,83_6,37,83_6_37,3,0,
83,6,83_6,38,83_6_38,3,0,
83,6,83_6,39,83_6_39,4,0,
83,6,83_6,40,83_6_40,5,0,
83,6,83_6,41,83_6_41,3,0,
83,6,83_6,42,83_6_42,3,0,
83,6,83_6,43,83_6_43,1,0,
83,6,83_6,44,83_6_44,6,0,
83,6,83_6,45,83_6_45,4,0,
83,6,83_6,46,83_6_46,5,0,
83,6,83_6,47,83_6_47,4,0,
83,6,83_6,48,83_6_48,4,0,
83,6,83_6,49,83_6_49,4,0,
83,6,83_6,50,83_6_50,4,0,
84,1,84_1,1,84_1_1,4,0,
84,1,84_1,2,84_1_2,1,0,
84,1,84_1,3,84_1_3,4,0,
84,1,84_1,4,84_1_4,3,0,
84,1,84_1,5,84_1_5,7,0,
84,1,84_1,6,84_1_6,7,0,
84,1,84_1,7,84_1_7,2,0,
84,1,84_1,8,84_1_8,1,0,
84,1,84_1,9,84_1_9,1,0,
84,1,84_1,10,84_1_10,1,0,
84,1,84_1,11,84_1_11,2,0,
84,1,84_1,12,84_1_12,4,0,
84,1,84_1,13,84_1_13,4,0,
84,1,84_1,14,84_1_14,4,0,
84,1,84_1,15,84_1_15,1,0,
84,1,84_1,16,84_1_16,3,0,
84,1,84_1,17,84_1_17,4,0,
84,1,84_1,18,84_1_18,1,0,
84,1,84_1,19,84_1_19,4,0,
84,1,84_1,20,84_1_20,2,0,
84,1,84_1,21,84_1_21,2,0,
84,1,84_1,22,84_1_22,4,0,
84,1,84_1,23,84_1_23,3,0,
84,1,84_1,24,84_1_24,2,0,
84,1,84_1,25,84_1_25,3,0,
84,1,84_1,26,84_1_26,2,0,
84,1,84_1,27,84_1_27,2,0,
84,1,84_1,28,84_1_28,2,0,
84,1,84_1,29,84_1_29,3,0,
84,1,84_1,30,84_1_30,4,0,
84,1,84_1,31,84_1_31,4,0,
84,1,84_1,32,84_1_32,1,0,
84,1,84_1,33,84_1_33,3,0,
84,1,84_1,34,84_1_34,2,0,
84,1,84_1,35,84_1_35,7,0,
84,1,84_1,36,84_1_36,1,0,
84,1,84_1,37,84_1_37,4,0,
84,1,84_1,38,84_1_38,1,0,
84,1,84_1,39,84_1_39,2,0,
84,1,84_1,40,84_1_40,3,0,
84,1,84_1,41,84_1_41,2,0,
84,1,84_1,42,84_1_42,2,0,
84,1,84_1,43,84_1_43,3,0,
84,1,84_1,44,84_1_44,3,0,
84,1,84_1,45,84_1_45,2,0,
84,1,84_1,46,84_1_46,2,0,
84,1,84_1,47,84_1_47,4,0,
84,1,84_1,48,84_1_48,4,0,
84,1,84_1,49,84_1_49,3,0,
84,1,84_1,50,84_1_50,2,0,
84,2,84_2,1,84_2_1,4,0,
84,2,84_2,2,84_2_2,2,0,
84,2,84_2,3,84_2_3,4,0,
84,2,84_2,4,84_2_4,5,0,
84,2,84_2,5,84_2_5,2,0,
84,2,84_2,6,84_2_6,3,0,
84,2,84_2,7,84_2_7,3,0,
84,2,84_2,8,84_2_8,4,0,
84,2,84_2,9,84_2_9,2,0,
84,2,84_2,10,84_2_10,3,0,
84,2,84_2,11,84_2_11,4,0,
84,2,84_2,12,84_2_12,4,0,
84,2,84_2,13,84_2_13,2,0,
84,2,84_2,14,84_2_14,3,0,
84,2,84_2,15,84_2_15,4,0,
84,2,84_2,16,84_2_16,4,0,
84,2,84_2,17,84_2_17,3,0,
84,2,84_2,18,84_2_18,2,0,
84,2,84_2,19,84_2_19,4,0,
84,2,84_2,20,84_2_20,2,0,
84,2,84_2,21,84_2_21,4,0,
84,2,84_2,22,84_2_22,4,0,
84,2,84_2,23,84_2_23,3,0,
84,2,84_2,24,84_2_24,2,0,
84,2,84_2,25,84_2_25,3,0,
84,2,84_2,26,84_2_26,3,0,
84,2,84_2,27,84_2_27,3,0,
84,2,84_2,28,84_2_28,1,0,
84,2,84_2,29,84_2_29,1,0,
84,2,84_2,30,84_2_30,5,0,
84,2,84_2,31,84_2_31,4,0,
84,2,84_2,32,84_2_32,3,0,
84,2,84_2,33,84_2_33,3,0,
84,2,84_2,34,84_2_34,5,0,
84,2,84_2,35,84_2_35,5,0,
84,2,84_2,36,84_2_36,4,0,
84,2,84_2,37,84_2_37,3,0,
84,2,84_2,38,84_2_38,2,0,
84,2,84_2,39,84_2_39,5,0,
84,2,84_2,40,84_2_40,2,0,
84,2,84_2,41,84_2_41,5,0,
84,2,84_2,42,84_2_42,4,0,
84,2,84_2,43,84_2_43,2,0,
84,2,84_2,44,84_2_44,3,0,
84,2,84_2,45,84_2_45,3,0,
84,2,84_2,46,84_2_46,6,0,
84,2,84_2,47,84_2_47,2,0,
84,2,84_2,48,84_2_48,1,0,
84,2,84_2,49,84_2_49,2,0,
84,2,84_2,50,84_2_50,5,0,
84,3,84_3,1,84_3_1,1,0,
84,3,84_3,2,84_3_2,4,0,
84,3,84_3,3,84_3_3,5,0,
84,3,84_3,4,84_3_4,5,0,
84,3,84_3,5,84_3_5,1,0,
84,3,84_3,6,84_3_6,5,0,
84,3,84_3,7,84_3_7,2,0,
84,3,84_3,8,84_3_8,1,0,
84,3,84_3,9,84_3_9,6,0,
84,3,84_3,10,84_3_10,3,0,
84,3,84_3,11,84_3_11,3,0,
84,3,84_3,12,84_3_12,4,0,
84,3,84_3,13,84_3_13,3,0,
84,3,84_3,14,84_3_14,7,0,
84,3,84_3,15,84_3_15,2,0,
84,3,84_3,16,84_3_16,6,0,
84,3,84_3,17,84_3_17,6,0,
84,3,84_3,18,84_3_18,4,0,
84,3,84_3,19,84_3_19,4,0,
84,3,84_3,20,84_3_20,2,0,
84,3,84_3,21,84_3_21,2,0,
84,3,84_3,22,84_3_22,2,0,
84,3,84_3,23,84_3_23,5,0,
84,3,84_3,24,84_3_24,3,0,
84,3,84_3,25,84_3_25,2,0,
84,3,84_3,26,84_3_26,6,0,
84,3,84_3,27,84_3_27,1,0,
84,3,84_3,28,84_3_28,3,0,
84,3,84_3,29,84_3_29,3,0,
84,3,84_3,30,84_3_30,3,0,
84,3,84_3,31,84_3_31,2,0,
84,3,84_3,32,84_3_32,4,0,
84,3,84_3,33,84_3_33,1,0,
84,3,84_3,34,84_3_34,5,0,
84,3,84_3,35,84_3_35,6,0,
84,3,84_3,36,84_3_36,2,0,
84,3,84_3,37,84_3_37,2,0,
84,3,84_3,38,84_3_38,2,0,
84,3,84_3,39,84_3_39,3,0,
84,3,84_3,40,84_3_40,2,0,
84,3,84_3,41,84_3_41,3,0,
84,3,84_3,42,84_3_42,2,0,
84,3,84_3,43,84_3_43,6,0,
84,3,84_3,44,84_3_44,7,0,
84,3,84_3,45,84_3_45,4,0,
84,3,84_3,46,84_3_46,4,0,
84,3,84_3,47,84_3_47,4,0,
84,3,84_3,48,84_3_48,4,0,
84,3,84_3,49,84_3_49,3,0,
84,3,84_3,50,84_3_50,2,0,
84,5,84_5,1,84_5_1,1,0,
84,5,84_5,2,84_5_2,2,0,
84,5,84_5,3,84_5_3,5,0,
84,5,84_5,4,84_5_4,4,0,
84,5,84_5,5,84_5_5,2,0,
84,5,84_5,6,84_5_6,3,0,
84,5,84_5,7,84_5_7,4,0,
84,5,84_5,8,84_5_8,3,0,
84,5,84_5,9,84_5_9,4,0,
84,5,84_5,10,84_5_10,3,0,
84,5,84_5,11,84_5_11,3,0,
84,5,84_5,12,84_5_12,3,0,
84,5,84_5,13,84_5_13,4,0,
84,5,84_5,14,84_5_14,2,0,
84,5,84_5,15,84_5_15,6,0,
84,5,84_5,16,84_5_16,3,0,
84,5,84_5,17,84_5_17,1,0,
84,5,84_5,18,84_5_18,2,0,
84,5,84_5,19,84_5_19,4,0,
84,5,84_5,20,84_5_20,1,0,
84,5,84_5,21,84_5_21,3,0,
84,5,84_5,22,84_5_22,2,0,
84,5,84_5,23,84_5_23,3,0,
84,5,84_5,24,84_5_24,3,0,
84,5,84_5,25,84_5_25,2,0,
84,5,84_5,26,84_5_26,3,0,
84,5,84_5,27,84_5_27,2,0,
84,5,84_5,28,84_5_28,3,0,
84,5,84_5,29,84_5_29,4,0,
84,5,84_5,30,84_5_30,2,0,
84,5,84_5,31,84_5_31,1,0,
84,5,84_5,32,84_5_32,2,0,
84,5,84_5,33,84_5_33,1,0,
84,5,84_5,34,84_5_34,3,0,
84,5,84_5,35,84_5_35,2,0,
84,5,84_5,36,84_5_36,2,0,
84,5,84_5,37,84_5_37,1,0,
84,5,84_5,38,84_5_38,2,0,
84,5,84_5,39,84_5_39,3,0,
84,5,84_5,40,84_5_40,2,0,
84,5,84_5,41,84_5_41,2,0,
84,5,84_5,42,84_5_42,4,0,
84,5,84_5,43,84_5_43,3,0,
84,5,84_5,44,84_5_44,3,0,
84,5,84_5,45,84_5_45,5,0,
84,5,84_5,46,84_5_46,4,0,
84,5,84_5,47,84_5_47,4,0,
84,5,84_5,48,84_5_48,3,0,
84,5,84_5,49,84_5_49,2,0,
84,5,84_5,50,84_5_50,2,0,
84,6,84_6,1,84_6_1,5,0,
84,6,84_6,2,84_6_2,4,0,
84,6,84_6,3,84_6_3,4,0,
84,6,84_6,4,84_6_4,6,0,
84,6,84_6,5,84_6_5,2,0,
84,6,84_6,6,84_6_6,3,0,
84,6,84_6,7,84_6_7,2,0,
84,6,84_6,8,84_6_8,5,0,
84,6,84_6,9,84_6_9,2,0,
84,6,84_6,10,84_6_10,4,0,
84,6,84_6,11,84_6_11,2,0,
84,6,84_6,12,84_6_12,1,0,
84,6,84_6,13,84_6_13,2,0,
84,6,84_6,14,84_6_14,4,0,
84,6,84_6,15,84_6_15,3,0,
84,6,84_6,16,84_6_16,2,0,
84,6,84_6,17,84_6_17,1,0,
84,6,84_6,18,84_6_18,2,0,
84,6,84_6,19,84_6_19,1,0,
84,6,84_6,20,84_6_20,1,0,
84,6,84_6,21,84_6_21,5,0,
84,6,84_6,22,84_6_22,2,0,
84,6,84_6,23,84_6_23,3,0,
84,6,84_6,24,84_6_24,1,0,
84,6,84_6,25,84_6_25,3,0,
84,6,84_6,26,84_6_26,2,0,
84,6,84_6,27,84_6_27,4,0,
84,6,84_6,28,84_6_28,2,0,
84,6,84_6,29,84_6_29,2,0,
84,6,84_6,30,84_6_30,3,0,
84,6,84_6,31,84_6_31,2,0,
84,6,84_6,32,84_6_32,2,0,
84,6,84_6,33,84_6_33,3,0,
84,6,84_6,34,84_6_34,4,0,
84,6,84_6,35,84_6_35,3,0,
84,6,84_6,36,84_6_36,3,0,
84,6,84_6,37,84_6_37,5,0,
84,6,84_6,38,84_6_38,2,0,
84,6,84_6,39,84_6_39,3,0,
84,6,84_6,40,84_6_40,5,0,
84,6,84_6,41,84_6_41,4,0,
84,6,84_6,42,84_6_42,1,0,
84,6,84_6,43,84_6_43,1,0,
84,6,84_6,44,84_6_44,2,0,
84,6,84_6,45,84_6_45,2,0,
84,6,84_6,46,84_6_46,2,0,
84,6,84_6,47,84_6_47,3,0,
84,6,84_6,48,84_6_48,3,0,
84,6,84_6,49,84_6_49,2,0,
84,6,84_6,50,84_6_50,1,0,
85,1,85_1,1,85_1_1,4,0,
85,1,85_1,2,85_1_2,2,0,
85,1,85_1,3,85_1_3,1,0,
85,1,85_1,4,85_1_4,1,0,
85,1,85_1,5,85_1_5,2,0,
85,1,85_1,6,85_1_6,4,0,
85,1,85_1,7,85_1_7,1,0,
85,1,85_1,8,85_1_8,1,0,
85,1,85_1,9,85_1_9,1,0,
85,1,85_1,10,85_1_10,1,0,
85,1,85_1,11,85_1_11,1,0,
85,1,85_1,12,85_1_12,2,0,
85,1,85_1,13,85_1_13,1,0,
85,1,85_1,14,85_1_14,4,0,
85,1,85_1,15,85_1_15,3,0,
85,1,85_1,16,85_1_16,1,0,
85,1,85_1,17,85_1_17,1,0,
85,1,85_1,18,85_1_18,2,0,
85,1,85_1,19,85_1_19,3,0,
85,1,85_1,20,85_1_20,1,0,
85,1,85_1,21,85_1_21,2,0,
85,1,85_1,22,85_1_22,2,0,
85,1,85_1,23,85_1_23,4,0,
85,1,85_1,24,85_1_24,3,0,
85,1,85_1,25,85_1_25,1,0,
85,1,85_1,26,85_1_26,2,0,
85,1,85_1,27,85_1_27,1,0,
85,1,85_1,28,85_1_28,2,0,
85,1,85_1,29,85_1_29,2,0,
85,1,85_1,30,85_1_30,5,0,
85,1,85_1,31,85_1_31,3,0,
85,1,85_1,32,85_1_32,2,0,
85,1,85_1,33,85_1_33,2,0,
85,1,85_1,34,85_1_34,3,0,
85,1,85_1,35,85_1_35,2,0,
85,1,85_1,36,85_1_36,3,0,
85,1,85_1,37,85_1_37,4,0,
85,1,85_1,38,85_1_38,7,0,
85,1,85_1,39,85_1_39,2,0,
85,1,85_1,40,85_1_40,2,0,
85,1,85_1,41,85_1_41,2,0,
85,1,85_1,42,85_1_42,2,0,
85,1,85_1,43,85_1_43,3,0,
85,1,85_1,44,85_1_44,2,0,
85,1,85_1,45,85_1_45,2,0,
85,1,85_1,46,85_1_46,3,0,
85,1,85_1,47,85_1_47,3,0,
85,1,85_1,48,85_1_48,3,0,
85,1,85_1,49,85_1_49,2,0,
85,1,85_1,50,85_1_50,2,0,
85,2,85_2,1,85_2_1,4,0,
85,2,85_2,2,85_2_2,4,0,
85,2,85_2,3,85_2_3,5,0,
85,2,85_2,4,85_2_4,4,0,
85,2,85_2,5,85_2_5,5,0,
85,2,85_2,6,85_2_6,4,0,
85,2,85_2,7,85_2_7,1,0,
85,2,85_2,8,85_2_8,1,0,
85,2,85_2,9,85_2_9,2,0,
85,2,85_2,10,85_2_10,4,0,
85,2,85_2,11,85_2_11,3,0,
85,2,85_2,12,85_2_12,3,0,
85,2,85_2,13,85_2_13,5,0,
85,2,85_2,14,85_2_14,6,0,
85,2,85_2,15,85_2_15,3,0,
85,2,85_2,16,85_2_16,5,0,
85,2,85_2,17,85_2_17,4,0,
85,2,85_2,18,85_2_18,5,0,
85,2,85_2,19,85_2_19,2,0,
85,2,85_2,20,85_2_20,2,0,
85,2,85_2,21,85_2_21,3,0,
85,2,85_2,22,85_2_22,5,0,
85,2,85_2,23,85_2_23,1,0,
85,2,85_2,24,85_2_24,1,0,
85,2,85_2,25,85_2_25,2,0,
85,2,85_2,26,85_2_26,1,0,
85,2,85_2,27,85_2_27,5,0,
85,2,85_2,28,85_2_28,2,0,
85,2,85_2,29,85_2_29,3,0,
85,2,85_2,30,85_2_30,3,0,
85,2,85_2,31,85_2_31,2,0,
85,2,85_2,32,85_2_32,5,0,
85,2,85_2,33,85_2_33,2,0,
85,2,85_2,34,85_2_34,3,0,
85,2,85_2,35,85_2_35,5,0,
85,2,85_2,36,85_2_36,1,0,
85,2,85_2,37,85_2_37,4,0,
85,2,85_2,38,85_2_38,2,0,
85,2,85_2,39,85_2_39,3,0,
85,2,85_2,40,85_2_40,1,0,
85,2,85_2,41,85_2_41,2,0,
85,2,85_2,42,85_2_42,1,0,
85,2,85_2,43,85_2_43,3,0,
85,2,85_2,44,85_2_44,3,0,
85,2,85_2,45,85_2_45,2,0,
85,2,85_2,46,85_2_46,1,0,
85,2,85_2,47,85_2_47,2,0,
85,2,85_2,48,85_2_48,2,0,
85,2,85_2,49,85_2_49,2,0,
85,2,85_2,50,85_2_50,2,0,
85,3,85_3,1,85_3_1,3,0,
85,3,85_3,2,85_3_2,3,0,
85,3,85_3,3,85_3_3,2,0,
85,3,85_3,4,85_3_4,4,0,
85,3,85_3,5,85_3_5,5,0,
85,3,85_3,6,85_3_6,5,0,
85,3,85_3,7,85_3_7,5,0,
85,3,85_3,8,85_3_8,1,0,
85,3,85_3,9,85_3_9,5,0,
85,3,85_3,10,85_3_10,7,0,
85,3,85_3,11,85_3_11,6,0,
85,3,85_3,12,85_3_12,4,0,
85,3,85_3,13,85_3_13,3,0,
85,3,85_3,14,85_3_14,4,0,
85,3,85_3,15,85_3_15,3,0,
85,3,85_3,16,85_3_16,4,0,
85,3,85_3,17,85_3_17,7,0,
85,3,85_3,18,85_3_18,4,0,
85,3,85_3,19,85_3_19,3,0,
85,3,85_3,20,85_3_20,4,0,
85,3,85_3,21,85_3_21,3,0,
85,3,85_3,22,85_3_22,6,0,
85,3,85_3,23,85_3_23,5,0,
85,3,85_3,24,85_3_24,3,0,
85,3,85_3,25,85_3_25,5,0,
85,3,85_3,26,85_3_26,4,0,
85,3,85_3,27,85_3_27,2,0,
85,3,85_3,28,85_3_28,5,0,
85,3,85_3,29,85_3_29,3,0,
85,3,85_3,30,85_3_30,6,0,
85,3,85_3,31,85_3_31,3,0,
85,3,85_3,32,85_3_32,2,0,
85,3,85_3,33,85_3_33,3,0,
85,3,85_3,34,85_3_34,3,0,
85,3,85_3,35,85_3_35,4,0,
85,3,85_3,36,85_3_36,2,0,
85,3,85_3,37,85_3_37,1,0,
85,3,85_3,38,85_3_38,3,0,
85,3,85_3,39,85_3_39,4,0,
85,3,85_3,40,85_3_40,4,0,
85,3,85_3,41,85_3_41,3,0,
85,3,85_3,42,85_3_42,3,0,
85,3,85_3,43,85_3_43,2,0,
85,3,85_3,44,85_3_44,3,0,
85,3,85_3,45,85_3_45,4,0,
85,3,85_3,46,85_3_46,4,0,
85,3,85_3,47,85_3_47,3,0,
85,3,85_3,48,85_3_48,3,0,
85,3,85_3,49,85_3_49,3,0,
85,3,85_3,50,85_3_50,4,0,
85,4,85_4,1,85_4_1,5,0,
85,4,85_4,2,85_4_2,5,0,
85,4,85_4,3,85_4_3,4,0,
85,4,85_4,4,85_4_4,4,0,
85,4,85_4,5,85_4_5,3,0,
85,4,85_4,6,85_4_6,3,0,
85,4,85_4,7,85_4_7,3,0,
85,4,85_4,8,85_4_8,2,0,
85,4,85_4,9,85_4_9,4,0,
85,4,85_4,10,85_4_10,5,0,
85,4,85_4,11,85_4_11,4,0,
85,4,85_4,12,85_4_12,2,0,
85,4,85_4,13,85_4_13,2,0,
85,4,85_4,14,85_4_14,3,0,
85,4,85_4,15,85_4_15,4,0,
85,4,85_4,16,85_4_16,4,0,
85,4,85_4,17,85_4_17,3,0,
85,4,85_4,18,85_4_18,1,0,
85,4,85_4,19,85_4_19,3,0,
85,4,85_4,20,85_4_20,2,0,
85,4,85_4,21,85_4_21,2,0,
85,4,85_4,22,85_4_22,6,0,
85,4,85_4,23,85_4_23,3,0,
85,4,85_4,24,85_4_24,3,0,
85,4,85_4,25,85_4_25,2,0,
85,4,85_4,26,85_4_26,4,0,
85,4,85_4,27,85_4_27,1,0,
85,4,85_4,28,85_4_28,5,0,
85,4,85_4,29,85_4_29,2,0,
85,4,85_4,30,85_4_30,2,0,
85,4,85_4,31,85_4_31,1,0,
85,4,85_4,32,85_4_32,1,0,
85,4,85_4,33,85_4_33,1,0,
85,4,85_4,34,85_4_34,2,0,
85,4,85_4,35,85_4_35,3,0,
85,4,85_4,36,85_4_36,3,0,
85,4,85_4,37,85_4_37,2,0,
85,4,85_4,38,85_4_38,2,0,
85,4,85_4,39,85_4_39,1,0,
85,4,85_4,40,85_4_40,2,0,
85,4,85_4,41,85_4_41,5,0,
85,4,85_4,42,85_4_42,4,0,
85,4,85_4,43,85_4_43,2,0,
85,4,85_4,44,85_4_44,1,0,
85,4,85_4,45,85_4_45,5,0,
85,4,85_4,46,85_4_46,3,0,
85,4,85_4,47,85_4_47,2,0,
85,4,85_4,48,85_4_48,1,0,
85,4,85_4,49,85_4_49,2,0,
85,4,85_4,50,85_4_50,3,0,
85,5,85_5,1,85_5_1,2,0,
85,5,85_5,2,85_5_2,1,0,
85,5,85_5,3,85_5_3,5,0,
85,5,85_5,4,85_5_4,9,0,
85,5,85_5,5,85_5_5,3,0,
85,5,85_5,6,85_5_6,5,0,
85,5,85_5,7,85_5_7,4,0,
85,5,85_5,8,85_5_8,2,0,
85,5,85_5,9,85_5_9,3,0,
85,5,85_5,10,85_5_10,4,0,
85,5,85_5,11,85_5_11,2,0,
85,5,85_5,12,85_5_12,2,0,
85,5,85_5,13,85_5_13,2,0,
85,5,85_5,14,85_5_14,2,0,
85,5,85_5,15,85_5_15,3,0,
85,5,85_5,16,85_5_16,5,0,
85,5,85_5,17,85_5_17,4,0,
85,5,85_5,18,85_5_18,4,0,
85,5,85_5,19,85_5_19,3,0,
85,5,85_5,20,85_5_20,2,0,
85,5,85_5,21,85_5_21,2,0,
85,5,85_5,22,85_5_22,2,0,
85,5,85_5,23,85_5_23,3,0,
85,5,85_5,24,85_5_24,7,0,
85,5,85_5,25,85_5_25,6,0,
85,5,85_5,26,85_5_26,6,0,
85,5,85_5,27,85_5_27,2,0,
85,5,85_5,28,85_5_28,4,0,
85,5,85_5,29,85_5_29,2,0,
85,5,85_5,30,85_5_30,3,0,
85,5,85_5,31,85_5_31,2,0,
85,5,85_5,32,85_5_32,3,0,
85,5,85_5,33,85_5_33,3,0,
85,5,85_5,34,85_5_34,4,0,
85,5,85_5,35,85_5_35,2,0,
85,5,85_5,36,85_5_36,5,0,
85,5,85_5,37,85_5_37,1,0,
85,5,85_5,38,85_5_38,4,0,
85,5,85_5,39,85_5_39,3,0,
85,5,85_5,40,85_5_40,4,0,
85,5,85_5,41,85_5_41,3,0,
85,5,85_5,42,85_5_42,2,0,
85,5,85_5,43,85_5_43,3,0,
85,5,85_5,44,85_5_44,1,0,
85,5,85_5,45,85_5_45,5,0,
85,5,85_5,46,85_5_46,5,0,
85,5,85_5,47,85_5_47,2,0,
85,5,85_5,48,85_5_48,2,0,
85,5,85_5,49,85_5_49,2,0,
85,5,85_5,50,85_5_50,2,0,
85,6,85_6,1,85_6_1,5,0,
85,6,85_6,2,85_6_2,5,0,
85,6,85_6,3,85_6_3,2,0,
85,6,85_6,4,85_6_4,2,0,
85,6,85_6,5,85_6_5,3,0,
85,6,85_6,6,85_6_6,2,0,
85,6,85_6,7,85_6_7,5,0,
85,6,85_6,8,85_6_8,4,0,
85,6,85_6,9,85_6_9,3,0,
85,6,85_6,10,85_6_10,1,0,
85,6,85_6,11,85_6_11,2,0,
85,6,85_6,12,85_6_12,4,0,
85,6,85_6,13,85_6_13,3,0,
85,6,85_6,14,85_6_14,3,0,
85,6,85_6,15,85_6_15,2,0,
85,6,85_6,16,85_6_16,4,0,
85,6,85_6,17,85_6_17,5,0,
85,6,85_6,18,85_6_18,2,0,
85,6,85_6,19,85_6_19,2,0,
85,6,85_6,20,85_6_20,3,0,
85,6,85_6,21,85_6_21,2,0,
85,6,85_6,22,85_6_22,1,0,
85,6,85_6,23,85_6_23,5,0,
85,6,85_6,24,85_6_24,4,0,
85,6,85_6,25,85_6_25,5,0,
85,6,85_6,26,85_6_26,3,0,
85,6,85_6,27,85_6_27,6,0,
85,6,85_6,28,85_6_28,1,0,
85,6,85_6,29,85_6_29,3,0,
85,6,85_6,30,85_6_30,1,0,
85,6,85_6,31,85_6_31,1,0,
85,6,85_6,32,85_6_32,6,0,
85,6,85_6,33,85_6_33,3,0,
85,6,85_6,34,85_6_34,3,0,
85,6,85_6,35,85_6_35,4,0,
85,6,85_6,36,85_6_36,2,0,
85,6,85_6,37,85_6_37,2,0,
85,6,85_6,38,85_6_38,2,0,
85,6,85_6,39,85_6_39,2,0,
85,6,85_6,40,85_6_40,3,0,
85,6,85_6,41,85_6_41,3,0,
85,6,85_6,42,85_6_42,3,0,
85,6,85_6,43,85_6_43,1,0,
85,6,85_6,44,85_6_44,1,0,
85,6,85_6,45,85_6_45,6,0,
85,6,85_6,46,85_6_46,2,0,
85,6,85_6,47,85_6_47,4,0,
85,6,85_6,48,85_6_48,2,0,
85,6,85_6,49,85_6_49,2,0,
85,6,85_6,50,85_6_50,3,0,
