Id,plant_nr,plant_id,branch_nr,branch_id,flower_nr,flower_id,n_seeds,n_unfertilized_ovules,comment
2,1,2_1,1,2_1_1,1,2_1_1_1,2,2,
2,1,2_1,1,2_1_1,2,2_1_1_2,1,3,
2,1,2_1,1,2_1_1,3,2_1_1_3,2,2,
2,1,2_1,1,2_1_1,4,2_1_1_4,1,3,
2,1,2_1,1,2_1_1,5,2_1_1_5,1,3,
2,1,2_1,1,2_1_1,6,2_1_1_6,3,1,
2,1,2_1,1,2_1_1,7,2_1_1_7,1,3,
2,1,2_1,1,2_1_1,8,2_1_1_8,2,2,
2,1,2_1,1,2_1_1,9,2_1_1_9,1,3,
2,1,2_1,1,2_1_1,10,2_1_1_10,4,0,
2,1,2_1,1,2_1_1,11,2_1_1_11,2,2,
2,1,2_1,1,2_1_1,12,2_1_1_12,2,2,
2,1,2_1,1,2_1_1,13,2_1_1_13,2,2,
2,1,2_1,1,2_1_1,14,2_1_1_14,1,3,
2,1,2_1,1,2_1_1,15,2_1_1_15,1,3,
2,1,2_1,1,2_1_1,16,2_1_1_16,1,3,
2,1,2_1,1,2_1_1,17,2_1_1_17,1,3,
2,1,2_1,1,2_1_1,18,2_1_1_18,1,3,
2,1,2_1,1,2_1_1,19,2_1_1_19,1,3,
2,1,2_1,1,2_1_1,20,2_1_1_20,1,3,
2,1,2_1,1,2_1_1,21,2_1_1_21,1,3,
2,1,2_1,1,2_1_1,22,2_1_1_22,3,1,
2,1,2_1,1,2_1_1,23,2_1_1_23,1,3,
2,1,2_1,1,2_1_1,24,2_1_1_24,2,2,
2,1,2_1,1,2_1_1,25,2_1_1_25,1,3,
2,1,2_1,1,2_1_1,26,2_1_1_26,1,3,
2,1,2_1,1,2_1_1,27,2_1_1_27,2,2,
2,1,2_1,1,2_1_1,28,2_1_1_28,2,2,
2,1,2_1,1,2_1_1,29,2_1_1_29,1,3,
2,1,2_1,1,2_1_1,30,2_1_1_30,1,3,
2,1,2_1,1,2_1_1,31,2_1_1_31,1,3,
2,1,2_1,1,2_1_1,32,2_1_1_32,1,3,
2,1,2_1,1,2_1_1,33,2_1_1_33,1,3,
2,1,2_1,1,2_1_1,34,2_1_1_34,1,3,
2,1,2_1,1,2_1_1,35,2_1_1_35,1,3,
2,1,2_1,1,2_1_1,36,2_1_1_36,3,1,
2,1,2_1,1,2_1_1,37,2_1_1_37,1,3,
2,1,2_1,1,2_1_1,38,2_1_1_38,1,3,
2,1,2_1,1,2_1_1,39,2_1_1_39,2,2,
2,1,2_1,1,2_1_1,40,2_1_1_40,2,2,
2,1,2_1,1,2_1_1,41,2_1_1_41,2,2,
2,1,2_1,1,2_1_1,42,2_1_1_42,1,3,
2,1,2_1,1,2_1_1,43,2_1_1_43,2,2,
2,1,2_1,1,2_1_1,44,2_1_1_44,2,2,
2,1,2_1,1,2_1_1,45,2_1_1_45,1,3,
2,1,2_1,1,2_1_1,46,2_1_1_46,1,3,
2,1,2_1,1,2_1_1,47,2_1_1_47,3,1,
2,1,2_1,1,2_1_1,48,2_1_1_48,3,1,
2,1,2_1,1,2_1_1,49,2_1_1_49,1,3,
2,1,2_1,1,2_1_1,50,2_1_1_50,1,3,
2,1,2_1,1,2_1_1,51,2_1_1_51,2,2,
2,1,2_1,1,2_1_1,52,2_1_1_52,1,3,
2,1,2_1,1,2_1_1,53,2_1_1_53,1,3,
2,1,2_1,1,2_1_1,54,2_1_1_54,1,3,
2,1,2_1,1,2_1_1,55,2_1_1_55,1,3,
2,1,2_1,1,2_1_1,56,2_1_1_56,1,3,
2,1,2_1,1,2_1_1,57,2_1_1_57,1,3,
2,1,2_1,1,2_1_1,58,2_1_1_58,1,3,
2,1,2_1,1,2_1_1,59,2_1_1_59,3,1,
2,1,2_1,1,2_1_1,60,2_1_1_60,2,2,
2,1,2_1,1,2_1_1,61,2_1_1_61,2,2,
2,1,2_1,1,2_1_1,62,2_1_1_62,1,3,
2,1,2_1,1,2_1_1,63,2_1_1_63,1,3,
2,1,2_1,1,2_1_1,64,2_1_1_64,1,3,
2,1,2_1,1,2_1_1,65,2_1_1_65,2,2,
2,2,2_2,1,2_2_1,1,2_2_1_1,1,3,
2,2,2_2,1,2_2_1,2,2_2_1_2,3,1,
2,2,2_2,1,2_2_1,3,2_2_1_3,2,2,
2,2,2_2,1,2_2_1,4,2_2_1_4,1,3,
2,2,2_2,1,2_2_1,5,2_2_1_5,1,3,
2,2,2_2,1,2_2_1,6,2_2_1_6,2,2,
2,2,2_2,1,2_2_1,7,2_2_1_7,2,2,
2,2,2_2,1,2_2_1,8,2_2_1_8,2,2,
2,2,2_2,1,2_2_1,9,2_2_1_9,1,3,
2,2,2_2,1,2_2_1,10,2_2_1_10,1,3,
2,2,2_2,1,2_2_1,11,2_2_1_11,1,3,
2,2,2_2,1,2_2_1,12,2_2_1_12,1,3,
2,2,2_2,1,2_2_1,13,2_2_1_13,3,1,
2,2,2_2,1,2_2_1,14,2_2_1_14,1,3,
2,2,2_2,1,2_2_1,15,2_2_1_15,1,3,
2,2,2_2,1,2_2_1,16,2_2_1_16,2,2,
2,2,2_2,1,2_2_1,17,2_2_1_17,1,3,
2,2,2_2,1,2_2_1,18,2_2_1_18,4,0,
2,2,2_2,1,2_2_1,19,2_2_1_19,1,3,
2,2,2_2,1,2_2_1,20,2_2_1_20,1,3,
2,2,2_2,1,2_2_1,21,2_2_1_21,1,3,
2,2,2_2,1,2_2_1,22,2_2_1_22,1,3,
2,2,2_2,1,2_2_1,23,2_2_1_23,1,3,
2,2,2_2,1,2_2_1,24,2_2_1_24,1,3,
2,2,2_2,1,2_2_1,25,2_2_1_25,1,3,
2,2,2_2,1,2_2_1,26,2_2_1_26,1,3,
2,2,2_2,1,2_2_1,27,2_2_1_27,1,3,
2,2,2_2,2,2_2_2,1,2_2_2_1,1,3,
2,2,2_2,2,2_2_2,2,2_2_2_2,2,2,
2,2,2_2,2,2_2_2,3,2_2_2_3,1,3,
2,2,2_2,2,2_2_2,4,2_2_2_4,4,0,
2,2,2_2,2,2_2_2,5,2_2_2_5,1,3,
2,2,2_2,2,2_2_2,6,2_2_2_6,1,3,
2,2,2_2,2,2_2_2,7,2_2_2_7,2,2,
2,2,2_2,2,2_2_2,8,2_2_2_8,4,0,
2,2,2_2,2,2_2_2,9,2_2_2_9,1,3,
2,2,2_2,2,2_2_2,10,2_2_2_10,4,0,
2,2,2_2,2,2_2_2,11,2_2_2_11,1,3,
2,2,2_2,2,2_2_2,12,2_2_2_12,1,3,
2,2,2_2,2,2_2_2,13,2_2_2_13,1,3,
2,2,2_2,2,2_2_2,14,2_2_2_14,1,3,
2,2,2_2,2,2_2_2,15,2_2_2_15,2,2,
2,2,2_2,2,2_2_2,16,2_2_2_16,2,2,
2,2,2_2,2,2_2_2,17,2_2_2_17,1,3,
2,2,2_2,2,2_2_2,18,2_2_2_18,2,2,
2,2,2_2,2,2_2_2,19,2_2_2_19,1,3,
2,2,2_2,2,2_2_2,20,2_2_2_20,2,2,
2,2,2_2,2,2_2_2,21,2_2_2_21,1,3,
2,2,2_2,2,2_2_2,22,2_2_2_22,1,3,
2,2,2_2,2,2_2_2,23,2_2_2_23,1,3,
2,2,2_2,2,2_2_2,24,2_2_2_24,2,2,
2,2,2_2,2,2_2_2,25,2_2_2_25,1,3,
2,2,2_2,2,2_2_2,26,2_2_2_26,1,3,
2,2,2_2,2,2_2_2,27,2_2_2_27,2,2,
2,2,2_2,2,2_2_2,28,2_2_2_28,1,3,
2,2,2_2,2,2_2_2,29,2_2_2_29,2,2,
2,2,2_2,2,2_2_2,30,2_2_2_30,1,3,
2,2,2_2,2,2_2_2,31,2_2_2_31,1,3,
2,2,2_2,2,2_2_2,32,2_2_2_32,1,3,
2,2,2_2,2,2_2_2,33,2_2_2_33,1,3,
2,2,2_2,2,2_2_2,34,2_2_2_34,1,3,
2,2,2_2,2,2_2_2,35,2_2_2_35,1,3,
2,2,2_2,2,2_2_2,36,2_2_2_36,1,3,
2,2,2_2,2,2_2_2,37,2_2_2_37,3,1,
2,2,2_2,2,2_2_2,38,2_2_2_38,1,3,
2,2,2_2,2,2_2_2,39,2_2_2_39,2,2,
2,2,2_2,2,2_2_2,40,2_2_2_40,1,3,
2,3,2_3,1,2_3_1,1,2_3_1_1,2,2,
2,3,2_3,1,2_3_1,2,2_3_1_2,1,3,
2,3,2_3,1,2_3_1,3,2_3_1_3,1,3,
2,3,2_3,1,2_3_1,4,2_3_1_4,3,1,
2,3,2_3,1,2_3_1,5,2_3_1_5,1,3,
2,3,2_3,1,2_3_1,6,2_3_1_6,3,1,
2,3,2_3,1,2_3_1,7,2_3_1_7,1,3,
2,3,2_3,1,2_3_1,8,2_3_1_8,1,3,
2,3,2_3,1,2_3_1,9,2_3_1_9,4,0,
2,3,2_3,1,2_3_1,10,2_3_1_10,1,3,
2,3,2_3,1,2_3_1,11,2_3_1_11,1,3,
2,3,2_3,1,2_3_1,12,2_3_1_12,1,3,
2,3,2_3,1,2_3_1,13,2_3_1_13,1,3,
2,3,2_3,1,2_3_1,14,2_3_1_14,1,3,
2,3,2_3,1,2_3_1,15,2_3_1_15,2,2,
2,3,2_3,1,2_3_1,16,2_3_1_16,1,3,
2,3,2_3,1,2_3_1,17,2_3_1_17,2,2,
2,3,2_3,1,2_3_1,18,2_3_1_18,1,3,
2,3,2_3,1,2_3_1,19,2_3_1_19,1,3,
2,3,2_3,1,2_3_1,20,2_3_1_20,1,3,
2,3,2_3,1,2_3_1,21,2_3_1_21,1,3,
2,3,2_3,1,2_3_1,22,2_3_1_22,1,3,
2,3,2_3,1,2_3_1,23,2_3_1_23,2,2,
2,3,2_3,1,2_3_1,24,2_3_1_24,1,3,
2,3,2_3,1,2_3_1,25,2_3_1_25,1,3,
2,3,2_3,1,2_3_1,26,2_3_1_26,1,3,
2,3,2_3,1,2_3_1,27,2_3_1_27,2,2,
2,3,2_3,1,2_3_1,28,2_3_1_28,2,2,
2,3,2_3,1,2_3_1,29,2_3_1_29,1,3,
2,3,2_3,1,2_3_1,30,2_3_1_30,3,1,
2,3,2_3,1,2_3_1,31,2_3_1_31,1,3,
2,3,2_3,1,2_3_1,32,2_3_1_32,3,1,
2,3,2_3,1,2_3_1,33,2_3_1_33,1,3,
2,3,2_3,1,2_3_1,34,2_3_1_34,2,2,
2,3,2_3,1,2_3_1,35,2_3_1_35,1,3,
2,3,2_3,1,2_3_1,36,2_3_1_36,4,0,
2,3,2_3,1,2_3_1,37,2_3_1_37,1,3,
2,3,2_3,1,2_3_1,38,2_3_1_38,3,1,
2,3,2_3,1,2_3_1,39,2_3_1_39,1,3,
2,3,2_3,1,2_3_1,40,2_3_1_40,1,3,
2,3,2_3,1,2_3_1,41,2_3_1_41,1,3,
2,3,2_3,1,2_3_1,42,2_3_1_42,1,3,
2,3,2_3,1,2_3_1,43,2_3_1_43,2,2,
2,3,2_3,1,2_3_1,44,2_3_1_44,1,3,
2,3,2_3,1,2_3_1,45,2_3_1_45,1,3,
2,3,2_3,1,2_3_1,46,2_3_1_46,1,3,
2,3,2_3,1,2_3_1,47,2_3_1_47,1,3,
2,3,2_3,1,2_3_1,48,2_3_1_48,1,3,
2,3,2_3,1,2_3_1,49,2_3_1_49,1,3,
2,3,2_3,2,2_3_2,1,2_3_2_1,2,2,
2,3,2_3,2,2_3_2,2,2_3_2_2,2,2,
2,3,2_3,2,2_3_2,3,2_3_2_3,2,2,
2,3,2_3,2,2_3_2,4,2_3_2_4,2,2,
2,3,2_3,2,2_3_2,5,2_3_2_5,3,1,
2,3,2_3,2,2_3_2,6,2_3_2_6,1,3,
2,3,2_3,2,2_3_2,7,2_3_2_7,1,3,
2,3,2_3,2,2_3_2,8,2_3_2_8,1,3,
2,3,2_3,2,2_3_2,9,2_3_2_9,1,3,
2,3,2_3,2,2_3_2,10,2_3_2_10,3,1,
2,3,2_3,2,2_3_2,11,2_3_2_11,3,1,
2,3,2_3,2,2_3_2,12,2_3_2_12,1,3,
2,3,2_3,2,2_3_2,13,2_3_2_13,3,1,
2,3,2_3,2,2_3_2,14,2_3_2_14,4,0,
2,3,2_3,2,2_3_2,15,2_3_2_15,1,3,
2,3,2_3,2,2_3_2,16,2_3_2_16,3,1,
2,3,2_3,2,2_3_2,17,2_3_2_17,3,1,
2,3,2_3,2,2_3_2,18,2_3_2_18,4,0,
2,3,2_3,2,2_3_2,19,2_3_2_19,4,0,
2,3,2_3,2,2_3_2,20,2_3_2_20,3,1,
2,3,2_3,2,2_3_2,21,2_3_2_21,1,3,
2,3,2_3,2,2_3_2,22,2_3_2_22,1,3,
2,3,2_3,2,2_3_2,23,2_3_2_23,3,1,
2,3,2_3,2,2_3_2,24,2_3_2_24,4,0,
2,3,2_3,2,2_3_2,25,2_3_2_25,1,3,
2,3,2_3,2,2_3_2,26,2_3_2_26,2,2,
2,3,2_3,2,2_3_2,27,2_3_2_27,4,0,
2,3,2_3,2,2_3_2,28,2_3_2_28,3,1,
2,3,2_3,2,2_3_2,29,2_3_2_29,1,3,
2,3,2_3,2,2_3_2,30,2_3_2_30,1,3,
2,3,2_3,2,2_3_2,31,2_3_2_31,2,2,
2,3,2_3,3,2_3_3,1,2_3_3_1,2,2,
2,3,2_3,3,2_3_3,2,2_3_3_2,2,2,
2,3,2_3,3,2_3_3,3,2_3_3_3,1,3,
2,3,2_3,3,2_3_3,4,2_3_3_4,3,1,
2,3,2_3,3,2_3_3,5,2_3_3_5,1,3,
2,3,2_3,3,2_3_3,6,2_3_3_6,4,0,
2,3,2_3,3,2_3_3,7,2_3_3_7,1,3,
2,3,2_3,3,2_3_3,8,2_3_3_8,1,3,
2,3,2_3,3,2_3_3,9,2_3_3_9,3,1,
2,3,2_3,3,2_3_3,10,2_3_3_10,1,3,
2,3,2_3,3,2_3_3,11,2_3_3_11,2,2,
2,3,2_3,3,2_3_3,12,2_3_3_12,1,3,
2,3,2_3,3,2_3_3,13,2_3_3_13,1,3,
2,3,2_3,3,2_3_3,14,2_3_3_14,1,3,
2,3,2_3,3,2_3_3,15,2_3_3_15,1,3,
2,3,2_3,3,2_3_3,16,2_3_3_16,3,1,
7,1,7_1,1,7_1_1,1,7_1_1_1,1,3,
7,1,7_1,1,7_1_1,2,7_1_1_2,4,0,
7,1,7_1,1,7_1_1,3,7_1_1_3,1,3,
7,1,7_1,1,7_1_1,4,7_1_1_4,2,2,
7,1,7_1,1,7_1_1,5,7_1_1_5,2,2,
7,1,7_1,1,7_1_1,6,7_1_1_6,4,0,
7,1,7_1,1,7_1_1,7,7_1_1_7,3,1,
7,1,7_1,1,7_1_1,8,7_1_1_8,1,3,
7,1,7_1,1,7_1_1,9,7_1_1_9,2,2,
7,1,7_1,1,7_1_1,10,7_1_1_10,2,2,
7,1,7_1,1,7_1_1,11,7_1_1_11,3,1,
7,1,7_1,1,7_1_1,12,7_1_1_12,1,3,
7,1,7_1,1,7_1_1,13,7_1_1_13,1,3,
7,1,7_1,1,7_1_1,14,7_1_1_14,1,3,
7,1,7_1,1,7_1_1,15,7_1_1_15,2,2,
7,1,7_1,1,7_1_1,16,7_1_1_16,1,3,
7,1,7_1,1,7_1_1,17,7_1_1_17,2,2,
7,1,7_1,1,7_1_1,18,7_1_1_18,1,3,
7,1,7_1,1,7_1_1,19,7_1_1_19,1,3,
7,1,7_1,1,7_1_1,20,7_1_1_20,2,2,
7,1,7_1,1,7_1_1,21,7_1_1_21,1,3,
7,1,7_1,1,7_1_1,22,7_1_1_22,1,3,
7,1,7_1,1,7_1_1,23,7_1_1_23,1,3,
7,1,7_1,1,7_1_1,24,7_1_1_24,1,3,
7,1,7_1,1,7_1_1,25,7_1_1_25,1,3,
7,1,7_1,1,7_1_1,26,7_1_1_26,4,0,
7,1,7_1,1,7_1_1,27,7_1_1_27,1,3,
7,1,7_1,1,7_1_1,28,7_1_1_28,1,3,
7,1,7_1,1,7_1_1,29,7_1_1_29,1,3,
7,1,7_1,1,7_1_1,30,7_1_1_30,2,2,
7,1,7_1,1,7_1_1,31,7_1_1_31,2,2,
7,1,7_1,1,7_1_1,32,7_1_1_32,1,3,
7,1,7_1,1,7_1_1,33,7_1_1_33,3,1,
7,1,7_1,1,7_1_1,34,7_1_1_34,1,3,
7,1,7_1,1,7_1_1,35,7_1_1_35,3,1,
7,1,7_1,1,7_1_1,36,7_1_1_36,4,0,
7,1,7_1,1,7_1_1,37,7_1_1_37,1,3,
7,1,7_1,1,7_1_1,38,7_1_1_38,1,3,
7,1,7_1,1,7_1_1,39,7_1_1_39,1,3,
7,1,7_1,1,7_1_1,40,7_1_1_40,2,2,
7,1,7_1,1,7_1_1,41,7_1_1_41,2,2,
7,1,7_1,1,7_1_1,42,7_1_1_42,1,3,
7,1,7_1,1,7_1_1,43,7_1_1_43,1,3,
7,1,7_1,1,7_1_1,44,7_1_1_44,3,1,
7,1,7_1,1,7_1_1,45,7_1_1_45,1,3,
7,1,7_1,1,7_1_1,46,7_1_1_46,1,3,
7,1,7_1,1,7_1_1,47,7_1_1_47,3,1,
7,1,7_1,1,7_1_1,48,7_1_1_48,1,3,
7,1,7_1,1,7_1_1,49,7_1_1_49,1,3,
7,1,7_1,1,7_1_1,50,7_1_1_50,1,3,
7,2,7_2,1,7_2_1,1,7_2_1_1,2,2,
7,2,7_2,1,7_2_1,2,7_2_1_2,2,2,
7,2,7_2,1,7_2_1,3,7_2_1_3,1,3,
7,2,7_2,1,7_2_1,4,7_2_1_4,1,3,
7,2,7_2,1,7_2_1,5,7_2_1_5,3,1,
7,2,7_2,1,7_2_1,6,7_2_1_6,1,3,
7,2,7_2,1,7_2_1,7,7_2_1_7,2,2,
7,2,7_2,1,7_2_1,8,7_2_1_8,2,2,
7,2,7_2,1,7_2_1,9,7_2_1_9,2,2,
7,2,7_2,1,7_2_1,10,7_2_1_10,3,1,
7,2,7_2,1,7_2_1,11,7_2_1_11,1,3,
7,2,7_2,1,7_2_1,12,7_2_1_12,1,3,
7,2,7_2,1,7_2_1,13,7_2_1_13,1,3,
7,2,7_2,1,7_2_1,14,7_2_1_14,1,3,
7,2,7_2,1,7_2_1,15,7_2_1_15,1,3,
7,2,7_2,1,7_2_1,16,7_2_1_16,1,3,
7,2,7_2,1,7_2_1,17,7_2_1_17,1,3,
7,2,7_2,1,7_2_1,18,7_2_1_18,1,3,
7,2,7_2,1,7_2_1,19,7_2_1_19,1,3,
7,2,7_2,1,7_2_1,20,7_2_1_20,1,3,
7,2,7_2,1,7_2_1,21,7_2_1_21,2,2,
7,2,7_2,1,7_2_1,22,7_2_1_22,1,3,
7,2,7_2,1,7_2_1,23,7_2_1_23,1,3,
7,2,7_2,1,7_2_1,24,7_2_1_24,2,2,
7,2,7_2,1,7_2_1,25,7_2_1_25,1,3,
7,2,7_2,1,7_2_1,26,7_2_1_26,3,1,
7,2,7_2,1,7_2_1,27,7_2_1_27,2,2,
7,2,7_2,1,7_2_1,28,7_2_1_28,2,2,
7,2,7_2,1,7_2_1,29,7_2_1_29,2,2,
7,2,7_2,1,7_2_1,30,7_2_1_30,2,2,
7,2,7_2,1,7_2_1,31,7_2_1_31,2,2,
7,2,7_2,1,7_2_1,32,7_2_1_32,3,1,
7,2,7_2,1,7_2_1,33,7_2_1_33,1,3,
7,2,7_2,1,7_2_1,34,7_2_1_34,1,3,
7,2,7_2,1,7_2_1,35,7_2_1_35,1,3,
7,2,7_2,1,7_2_1,36,7_2_1_36,4,0,
7,2,7_2,1,7_2_1,37,7_2_1_37,2,2,
7,2,7_2,1,7_2_1,38,7_2_1_38,1,3,
7,2,7_2,1,7_2_1,39,7_2_1_39,1,3,
7,2,7_2,1,7_2_1,40,7_2_1_40,2,2,
7,2,7_2,1,7_2_1,41,7_2_1_41,2,2,
7,2,7_2,1,7_2_1,42,7_2_1_42,1,3,
7,2,7_2,1,7_2_1,43,7_2_1_43,1,3,
7,2,7_2,1,7_2_1,44,7_2_1_44,1,3,
7,2,7_2,1,7_2_1,45,7_2_1_45,1,3,
7,2,7_2,1,7_2_1,46,7_2_1_46,1,3,
7,2,7_2,1,7_2_1,47,7_2_1_47,1,3,
7,2,7_2,1,7_2_1,48,7_2_1_48,3,1,
7,2,7_2,1,7_2_1,49,7_2_1_49,2,2,
7,2,7_2,1,7_2_1,50,7_2_1_50,2,2,
7,2,7_2,1,7_2_1,51,7_2_1_51,2,2,
7,2,7_2,1,7_2_1,52,7_2_1_52,3,1,
7,2,7_2,1,7_2_1,53,7_2_1_53,1,3,
7,2,7_2,1,7_2_1,54,7_2_1_54,2,2,
7,2,7_2,1,7_2_1,55,7_2_1_55,1,3,
7,2,7_2,1,7_2_1,56,7_2_1_56,1,3,
7,2,7_2,1,7_2_1,57,7_2_1_57,2,2,
7,2,7_2,1,7_2_1,58,7_2_1_58,2,2,
7,2,7_2,1,7_2_1,59,7_2_1_59,2,2,
7,2,7_2,1,7_2_1,60,7_2_1_60,1,3,
7,2,7_2,1,7_2_1,61,7_2_1_61,2,2,
7,2,7_2,1,7_2_1,62,7_2_1_62,1,3,
7,2,7_2,1,7_2_1,63,7_2_1_63,2,2,
7,2,7_2,1,7_2_1,64,7_2_1_64,1,3,
7,2,7_2,1,7_2_1,65,7_2_1_65,2,2,
7,2,7_2,1,7_2_1,66,7_2_1_66,2,2,
7,2,7_2,1,7_2_1,67,7_2_1_67,2,2,
7,2,7_2,1,7_2_1,68,7_2_1_68,2,2,
7,2,7_2,1,7_2_1,69,7_2_1_69,1,3,
7,2,7_2,1,7_2_1,70,7_2_1_70,1,3,
7,2,7_2,1,7_2_1,71,7_2_1_71,1,3,
7,2,7_2,1,7_2_1,72,7_2_1_72,3,1,
7,2,7_2,1,7_2_1,73,7_2_1_73,1,3,
7,2,7_2,1,7_2_1,74,7_2_1_74,1,3,
7,2,7_2,1,7_2_1,75,7_2_1_75,1,3,
7,2,7_2,1,7_2_1,76,7_2_1_76,2,2,
7,2,7_2,1,7_2_1,77,7_2_1_77,1,3,
7,2,7_2,1,7_2_1,78,7_2_1_78,3,1,
7,2,7_2,1,7_2_1,79,7_2_1_79,1,3,
7,2,7_2,1,7_2_1,80,7_2_1_80,1,3,
7,2,7_2,2,7_2_2,1,7_2_2_1,2,2,
7,2,7_2,2,7_2_2,2,7_2_2_2,2,2,
7,2,7_2,2,7_2_2,3,7_2_2_3,3,1,
7,2,7_2,2,7_2_2,4,7_2_2_4,1,3,
7,2,7_2,2,7_2_2,5,7_2_2_5,2,2,
7,2,7_2,2,7_2_2,6,7_2_2_6,2,2,
7,2,7_2,2,7_2_2,7,7_2_2_7,3,1,
7,2,7_2,2,7_2_2,8,7_2_2_8,1,3,
7,2,7_2,2,7_2_2,9,7_2_2_9,1,3,
7,2,7_2,2,7_2_2,10,7_2_2_10,1,3,
7,2,7_2,2,7_2_2,11,7_2_2_11,1,3,
7,2,7_2,2,7_2_2,12,7_2_2_12,2,2,
7,2,7_2,2,7_2_2,13,7_2_2_13,3,1,
7,2,7_2,2,7_2_2,14,7_2_2_14,1,3,
7,2,7_2,2,7_2_2,15,7_2_2_15,1,3,
7,2,7_2,2,7_2_2,16,7_2_2_16,2,2,
7,2,7_2,2,7_2_2,17,7_2_2_17,2,2,
7,2,7_2,2,7_2_2,18,7_2_2_18,2,2,
7,2,7_2,2,7_2_2,19,7_2_2_19,2,2,
7,2,7_2,2,7_2_2,20,7_2_2_20,1,3,
7,2,7_2,2,7_2_2,21,7_2_2_21,1,3,
7,2,7_2,2,7_2_2,22,7_2_2_22,1,3,
7,2,7_2,2,7_2_2,23,7_2_2_23,1,3,
7,2,7_2,2,7_2_2,24,7_2_2_24,1,3,
7,2,7_2,2,7_2_2,25,7_2_2_25,1,3,
7,2,7_2,2,7_2_2,26,7_2_2_26,2,2,
7,2,7_2,2,7_2_2,27,7_2_2_27,1,3,
7,2,7_2,2,7_2_2,28,7_2_2_28,4,0,
7,2,7_2,2,7_2_2,29,7_2_2_29,1,3,
7,2,7_2,2,7_2_2,30,7_2_2_30,1,3,
7,2,7_2,2,7_2_2,31,7_2_2_31,1,3,
7,2,7_2,2,7_2_2,32,7_2_2_32,1,3,
7,2,7_2,2,7_2_2,33,7_2_2_33,2,2,
7,2,7_2,2,7_2_2,34,7_2_2_34,4,0,
7,2,7_2,2,7_2_2,35,7_2_2_35,2,2,
7,2,7_2,2,7_2_2,36,7_2_2_36,1,3,
7,2,7_2,2,7_2_2,37,7_2_2_37,2,2,
7,2,7_2,2,7_2_2,38,7_2_2_38,1,3,
7,2,7_2,2,7_2_2,39,7_2_2_39,2,2,
7,2,7_2,2,7_2_2,40,7_2_2_40,2,2,
7,2,7_2,2,7_2_2,41,7_2_2_41,1,3,
7,2,7_2,2,7_2_2,42,7_2_2_42,1,3,
7,2,7_2,2,7_2_2,43,7_2_2_43,1,3,
7,2,7_2,2,7_2_2,44,7_2_2_44,2,2,
7,2,7_2,2,7_2_2,45,7_2_2_45,2,2,
7,2,7_2,2,7_2_2,46,7_2_2_46,1,3,
7,2,7_2,2,7_2_2,47,7_2_2_47,1,3,
7,2,7_2,2,7_2_2,48,7_2_2_48,1,3,
7,2,7_2,2,7_2_2,49,7_2_2_49,1,3,
7,2,7_2,2,7_2_2,50,7_2_2_50,2,2,
7,2,7_2,2,7_2_2,51,7_2_2_51,1,3,
7,2,7_2,2,7_2_2,52,7_2_2_52,2,2,
7,2,7_2,2,7_2_2,53,7_2_2_53,1,3,
7,2,7_2,2,7_2_2,54,7_2_2_54,2,2,
7,2,7_2,2,7_2_2,55,7_2_2_55,1,3,
7,2,7_2,2,7_2_2,56,7_2_2_56,2,2,
7,2,7_2,2,7_2_2,57,7_2_2_57,1,3,
7,2,7_2,2,7_2_2,58,7_2_2_58,1,3,
7,2,7_2,2,7_2_2,59,7_2_2_59,1,3,
7,2,7_2,2,7_2_2,60,7_2_2_60,1,3,
7,2,7_2,2,7_2_2,61,7_2_2_61,1,3,
7,2,7_2,2,7_2_2,62,7_2_2_62,1,3,
7,2,7_2,2,7_2_2,63,7_2_2_63,1,3,
7,2,7_2,2,7_2_2,64,7_2_2_64,2,2,
7,2,7_2,2,7_2_2,65,7_2_2_65,1,3,
7,2,7_2,2,7_2_2,66,7_2_2_66,1,3,
7,2,7_2,2,7_2_2,67,7_2_2_67,1,3,
7,2,7_2,2,7_2_2,68,7_2_2_68,1,3,
7,2,7_2,2,7_2_2,69,7_2_2_69,1,3,
7,3,7_3,1,7_3_1,1,7_3_1_1,1,3,
7,3,7_3,1,7_3_1,2,7_3_1_2,1,3,
7,3,7_3,1,7_3_1,3,7_3_1_3,1,3,
7,3,7_3,1,7_3_1,4,7_3_1_4,1,3,
7,3,7_3,1,7_3_1,5,7_3_1_5,1,3,
7,3,7_3,1,7_3_1,6,7_3_1_6,1,3,
7,3,7_3,1,7_3_1,7,7_3_1_7,2,2,
7,3,7_3,1,7_3_1,8,7_3_1_8,1,3,
7,3,7_3,1,7_3_1,9,7_3_1_9,1,3,
7,3,7_3,1,7_3_1,10,7_3_1_10,1,3,
7,3,7_3,1,7_3_1,11,7_3_1_11,1,3,
7,3,7_3,1,7_3_1,12,7_3_1_12,2,2,
7,3,7_3,1,7_3_1,13,7_3_1_13,1,3,
7,3,7_3,1,7_3_1,14,7_3_1_14,3,1,
7,3,7_3,1,7_3_1,15,7_3_1_15,1,3,
7,3,7_3,1,7_3_1,16,7_3_1_16,2,2,
7,3,7_3,1,7_3_1,17,7_3_1_17,2,2,
7,3,7_3,1,7_3_1,18,7_3_1_18,1,3,
7,3,7_3,1,7_3_1,19,7_3_1_19,2,2,
7,3,7_3,1,7_3_1,20,7_3_1_20,1,3,
7,3,7_3,1,7_3_1,21,7_3_1_21,1,3,
7,3,7_3,1,7_3_1,22,7_3_1_22,2,2,
7,3,7_3,1,7_3_1,23,7_3_1_23,3,1,
7,3,7_3,1,7_3_1,24,7_3_1_24,2,2,
7,3,7_3,1,7_3_1,25,7_3_1_25,2,2,
7,3,7_3,1,7_3_1,26,7_3_1_26,2,2,
7,3,7_3,1,7_3_1,27,7_3_1_27,1,3,
7,3,7_3,1,7_3_1,28,7_3_1_28,2,2,
7,3,7_3,1,7_3_1,29,7_3_1_29,2,2,
7,3,7_3,1,7_3_1,30,7_3_1_30,1,3,
7,3,7_3,1,7_3_1,31,7_3_1_31,3,1,
7,3,7_3,1,7_3_1,32,7_3_1_32,2,2,
7,3,7_3,1,7_3_1,33,7_3_1_33,1,3,
7,3,7_3,1,7_3_1,34,7_3_1_34,2,2,
7,3,7_3,1,7_3_1,35,7_3_1_35,1,3,
7,3,7_3,2,7_3_2,1,7_3_2_1,3,1,
7,3,7_3,2,7_3_2,2,7_3_2_2,2,2,
7,3,7_3,2,7_3_2,3,7_3_2_3,1,3,
7,3,7_3,2,7_3_2,4,7_3_2_4,1,3,
7,3,7_3,2,7_3_2,5,7_3_2_5,1,3,
7,3,7_3,2,7_3_2,6,7_3_2_6,1,3,
7,3,7_3,2,7_3_2,7,7_3_2_7,1,3,
7,3,7_3,2,7_3_2,8,7_3_2_8,1,3,
7,3,7_3,2,7_3_2,9,7_3_2_9,1,3,
7,3,7_3,2,7_3_2,10,7_3_2_10,1,3,
7,3,7_3,2,7_3_2,11,7_3_2_11,1,3,
7,3,7_3,2,7_3_2,12,7_3_2_12,1,3,
8,1,8_1,1,8_1_1,1,8_1_1_1,2,2,
8,1,8_1,1,8_1_1,2,8_1_1_2,1,3,
8,1,8_1,1,8_1_1,3,8_1_1_3,1,3,
8,1,8_1,1,8_1_1,4,8_1_1_4,2,2,
8,1,8_1,1,8_1_1,5,8_1_1_5,1,3,
8,1,8_1,1,8_1_1,6,8_1_1_6,1,3,
8,1,8_1,1,8_1_1,7,8_1_1_7,2,2,
8,1,8_1,1,8_1_1,8,8_1_1_8,2,2,
8,1,8_1,1,8_1_1,9,8_1_1_9,1,3,
8,1,8_1,1,8_1_1,10,8_1_1_10,3,1,
8,1,8_1,1,8_1_1,11,8_1_1_11,2,2,
8,1,8_1,1,8_1_1,12,8_1_1_12,3,1,
8,1,8_1,1,8_1_1,13,8_1_1_13,2,2,
8,1,8_1,1,8_1_1,14,8_1_1_14,1,3,
8,1,8_1,1,8_1_1,15,8_1_1_15,1,3,
8,1,8_1,1,8_1_1,16,8_1_1_16,1,3,
8,1,8_1,1,8_1_1,17,8_1_1_17,1,3,
8,1,8_1,1,8_1_1,18,8_1_1_18,1,3,
8,1,8_1,1,8_1_1,19,8_1_1_19,1,3,
8,1,8_1,1,8_1_1,20,8_1_1_20,3,1,
8,1,8_1,1,8_1_1,21,8_1_1_21,2,2,
8,1,8_1,1,8_1_1,22,8_1_1_22,1,3,
8,1,8_1,1,8_1_1,23,8_1_1_23,2,2,
8,1,8_1,1,8_1_1,24,8_1_1_24,2,2,
8,1,8_1,1,8_1_1,25,8_1_1_25,3,1,
8,1,8_1,1,8_1_1,26,8_1_1_26,1,3,
8,1,8_1,1,8_1_1,27,8_1_1_27,1,3,
8,1,8_1,1,8_1_1,28,8_1_1_28,2,2,
8,1,8_1,1,8_1_1,29,8_1_1_29,2,2,
8,1,8_1,1,8_1_1,30,8_1_1_30,1,3,
8,1,8_1,1,8_1_1,31,8_1_1_31,1,3,
8,1,8_1,1,8_1_1,32,8_1_1_32,2,2,
8,1,8_1,1,8_1_1,33,8_1_1_33,1,3,
8,1,8_1,1,8_1_1,34,8_1_1_34,2,2,
8,1,8_1,1,8_1_1,35,8_1_1_35,1,3,
8,1,8_1,1,8_1_1,36,8_1_1_36,1,3,
8,1,8_1,1,8_1_1,37,8_1_1_37,1,3,
8,1,8_1,1,8_1_1,38,8_1_1_38,3,1,
8,1,8_1,1,8_1_1,39,8_1_1_39,1,3,
8,1,8_1,1,8_1_1,40,8_1_1_40,1,3,
8,1,8_1,1,8_1_1,41,8_1_1_41,2,2,
8,1,8_1,1,8_1_1,42,8_1_1_42,2,2,
8,1,8_1,1,8_1_1,43,8_1_1_43,3,1,
8,1,8_1,1,8_1_1,44,8_1_1_44,1,3,
8,1,8_1,1,8_1_1,45,8_1_1_45,1,3,
8,1,8_1,1,8_1_1,46,8_1_1_46,4,0,
8,1,8_1,1,8_1_1,47,8_1_1_47,1,3,
8,1,8_1,1,8_1_1,48,8_1_1_48,1,3,
8,1,8_1,1,8_1_1,49,8_1_1_49,1,3,
8,1,8_1,1,8_1_1,50,8_1_1_50,1,3,
8,1,8_1,1,8_1_1,51,8_1_1_51,2,2,
8,1,8_1,1,8_1_1,52,8_1_1_52,1,3,
8,1,8_1,1,8_1_1,53,8_1_1_53,1,3,
8,1,8_1,1,8_1_1,54,8_1_1_54,1,3,
8,1,8_1,1,8_1_1,55,8_1_1_55,1,3,
8,1,8_1,1,8_1_1,56,8_1_1_56,1,3,
8,1,8_1,1,8_1_1,57,8_1_1_57,1,3,
8,1,8_1,1,8_1_1,58,8_1_1_58,1,3,
8,1,8_1,1,8_1_1,59,8_1_1_59,1,3,
8,1,8_1,1,8_1_1,60,8_1_1_60,2,2,
8,1,8_1,1,8_1_1,61,8_1_1_61,1,3,
8,1,8_1,2,8_1_2,1,8_1_2_1,1,3,
8,1,8_1,2,8_1_2,2,8_1_2_2,2,2,
8,1,8_1,2,8_1_2,3,8_1_2_3,1,3,
8,1,8_1,2,8_1_2,4,8_1_2_4,1,3,
8,1,8_1,2,8_1_2,5,8_1_2_5,1,3,
8,1,8_1,2,8_1_2,6,8_1_2_6,2,2,
8,1,8_1,2,8_1_2,7,8_1_2_7,1,3,
8,1,8_1,2,8_1_2,8,8_1_2_8,1,3,
8,1,8_1,2,8_1_2,9,8_1_2_9,1,3,
8,1,8_1,2,8_1_2,10,8_1_2_10,1,3,
8,1,8_1,2,8_1_2,11,8_1_2_11,1,3,
8,1,8_1,2,8_1_2,12,8_1_2_12,1,3,
8,1,8_1,2,8_1_2,13,8_1_2_13,1,3,
8,1,8_1,2,8_1_2,14,8_1_2_14,1,3,
8,1,8_1,2,8_1_2,15,8_1_2_15,1,3,
8,1,8_1,2,8_1_2,16,8_1_2_16,1,3,
8,1,8_1,2,8_1_2,17,8_1_2_17,1,3,
8,1,8_1,3,8_1_3,1,8_1_3_1,1,3,
8,1,8_1,3,8_1_3,2,8_1_3_2,1,3,
8,1,8_1,3,8_1_3,3,8_1_3_3,1,3,
8,1,8_1,3,8_1_3,4,8_1_3_4,1,3,
8,1,8_1,3,8_1_3,5,8_1_3_5,2,2,
8,1,8_1,3,8_1_3,6,8_1_3_6,1,3,
8,1,8_1,3,8_1_3,7,8_1_3_7,1,3,
8,1,8_1,3,8_1_3,8,8_1_3_8,1,3,
8,1,8_1,3,8_1_3,9,8_1_3_9,1,3,
8,1,8_1,3,8_1_3,10,8_1_3_10,1,3,
8,1,8_1,3,8_1_3,11,8_1_3_11,1,3,
8,1,8_1,3,8_1_3,12,8_1_3_12,1,3,
8,1,8_1,3,8_1_3,13,8_1_3_13,1,3,
8,1,8_1,3,8_1_3,14,8_1_3_14,1,3,
8,1,8_1,4,8_1_4,1,8_1_4_1,1,3,
8,1,8_1,4,8_1_4,2,8_1_4_2,1,3,
8,1,8_1,4,8_1_4,3,8_1_4_3,2,2,
8,1,8_1,4,8_1_4,4,8_1_4_4,1,3,
8,1,8_1,4,8_1_4,5,8_1_4_5,1,3,
8,1,8_1,4,8_1_4,6,8_1_4_6,1,3,
8,1,8_1,4,8_1_4,7,8_1_4_7,1,3,
8,1,8_1,4,8_1_4,8,8_1_4_8,1,3,
8,1,8_1,4,8_1_4,9,8_1_4_9,1,3,
8,1,8_1,4,8_1_4,10,8_1_4_10,1,3,
8,1,8_1,4,8_1_4,11,8_1_4_11,1,3,
8,1,8_1,4,8_1_4,12,8_1_4_12,1,3,
8,1,8_1,4,8_1_4,13,8_1_4_13,1,3,
8,1,8_1,4,8_1_4,14,8_1_4_14,1,3,
8,2,8_2,1,8_2_1,1,8_2_1_1,2,2,
8,2,8_2,1,8_2_1,2,8_2_1_2,1,3,
8,2,8_2,1,8_2_1,3,8_2_1_3,2,2,
8,2,8_2,1,8_2_1,4,8_2_1_4,1,3,
8,2,8_2,1,8_2_1,5,8_2_1_5,1,3,
8,2,8_2,1,8_2_1,6,8_2_1_6,3,1,
8,2,8_2,1,8_2_1,7,8_2_1_7,1,3,
8,2,8_2,1,8_2_1,8,8_2_1_8,2,2,
8,2,8_2,1,8_2_1,9,8_2_1_9,1,3,
8,2,8_2,1,8_2_1,10,8_2_1_10,1,3,
8,2,8_2,1,8_2_1,11,8_2_1_11,2,2,
8,2,8_2,1,8_2_1,12,8_2_1_12,2,2,
8,2,8_2,1,8_2_1,13,8_2_1_13,1,3,
8,2,8_2,1,8_2_1,14,8_2_1_14,2,2,
8,2,8_2,1,8_2_1,15,8_2_1_15,3,1,
8,2,8_2,1,8_2_1,16,8_2_1_16,1,3,
8,2,8_2,1,8_2_1,17,8_2_1_17,3,1,
8,2,8_2,1,8_2_1,18,8_2_1_18,1,3,
8,2,8_2,1,8_2_1,19,8_2_1_19,2,2,
8,2,8_2,1,8_2_1,20,8_2_1_20,4,0,
8,2,8_2,1,8_2_1,21,8_2_1_21,3,1,
8,2,8_2,1,8_2_1,22,8_2_1_22,2,2,
8,2,8_2,1,8_2_1,23,8_2_1_23,2,2,
8,2,8_2,1,8_2_1,24,8_2_1_24,1,3,
8,2,8_2,1,8_2_1,25,8_2_1_25,4,0,
8,2,8_2,1,8_2_1,26,8_2_1_26,2,2,
8,2,8_2,1,8_2_1,27,8_2_1_27,3,1,
8,2,8_2,1,8_2_1,28,8_2_1_28,2,2,
8,2,8_2,1,8_2_1,29,8_2_1_29,1,3,
8,2,8_2,1,8_2_1,30,8_2_1_30,2,2,
8,2,8_2,1,8_2_1,31,8_2_1_31,1,3,
8,2,8_2,1,8_2_1,32,8_2_1_32,1,3,
8,2,8_2,1,8_2_1,33,8_2_1_33,3,1,
8,2,8_2,1,8_2_1,34,8_2_1_34,1,3,
8,2,8_2,1,8_2_1,35,8_2_1_35,1,3,
8,2,8_2,1,8_2_1,36,8_2_1_36,1,3,
8,2,8_2,1,8_2_1,37,8_2_1_37,2,2,
8,2,8_2,1,8_2_1,38,8_2_1_38,1,3,
8,2,8_2,1,8_2_1,39,8_2_1_39,2,2,
8,2,8_2,1,8_2_1,40,8_2_1_40,3,1,
8,2,8_2,1,8_2_1,41,8_2_1_41,4,0,
8,2,8_2,1,8_2_1,42,8_2_1_42,4,0,
8,2,8_2,1,8_2_1,43,8_2_1_43,3,1,
8,2,8_2,1,8_2_1,44,8_2_1_44,1,3,
8,2,8_2,1,8_2_1,45,8_2_1_45,3,1,
8,2,8_2,1,8_2_1,46,8_2_1_46,1,3,
8,2,8_2,1,8_2_1,47,8_2_1_47,2,2,
8,2,8_2,1,8_2_1,48,8_2_1_48,1,3,
8,2,8_2,1,8_2_1,49,8_2_1_49,4,0,
8,2,8_2,1,8_2_1,50,8_2_1_50,1,3,
8,2,8_2,1,8_2_1,51,8_2_1_51,1,3,
8,2,8_2,1,8_2_1,52,8_2_1_52,1,3,
8,2,8_2,1,8_2_1,53,8_2_1_53,1,3,
8,2,8_2,1,8_2_1,54,8_2_1_54,3,1,
8,2,8_2,1,8_2_1,55,8_2_1_55,1,3,
8,2,8_2,1,8_2_1,56,8_2_1_56,3,1,
8,2,8_2,1,8_2_1,57,8_2_1_57,3,1,
8,2,8_2,1,8_2_1,58,8_2_1_58,1,3,
8,2,8_2,1,8_2_1,59,8_2_1_59,1,3,
8,2,8_2,1,8_2_1,60,8_2_1_60,1,3,
8,2,8_2,1,8_2_1,61,8_2_1_61,1,3,
8,2,8_2,2,8_2_2,1,8_2_2_1,2,2,
8,2,8_2,2,8_2_2,2,8_2_2_2,4,0,
8,2,8_2,2,8_2_2,3,8_2_2_3,1,3,
8,2,8_2,2,8_2_2,4,8_2_2_4,1,3,
8,2,8_2,2,8_2_2,5,8_2_2_5,1,3,
8,2,8_2,2,8_2_2,6,8_2_2_6,1,3,
8,2,8_2,2,8_2_2,7,8_2_2_7,4,0,
8,2,8_2,2,8_2_2,8,8_2_2_8,1,3,
8,2,8_2,2,8_2_2,9,8_2_2_9,4,0,
8,2,8_2,2,8_2_2,10,8_2_2_10,3,1,
8,2,8_2,2,8_2_2,11,8_2_2_11,4,0,
8,2,8_2,2,8_2_2,12,8_2_2_12,3,1,
8,2,8_2,2,8_2_2,13,8_2_2_13,1,3,
8,2,8_2,2,8_2_2,14,8_2_2_14,1,3,
8,2,8_2,2,8_2_2,15,8_2_2_15,1,3,
8,2,8_2,2,8_2_2,16,8_2_2_16,1,3,
8,2,8_2,2,8_2_2,17,8_2_2_17,1,3,
8,2,8_2,2,8_2_2,18,8_2_2_18,1,3,
8,2,8_2,2,8_2_2,19,8_2_2_19,2,2,
8,2,8_2,2,8_2_2,20,8_2_2_20,4,0,
8,2,8_2,2,8_2_2,21,8_2_2_21,2,2,
8,2,8_2,2,8_2_2,22,8_2_2_22,1,3,
8,2,8_2,2,8_2_2,23,8_2_2_23,1,3,
8,2,8_2,2,8_2_2,24,8_2_2_24,3,1,
8,2,8_2,2,8_2_2,25,8_2_2_25,1,3,
8,2,8_2,2,8_2_2,26,8_2_2_26,1,3,
8,2,8_2,2,8_2_2,27,8_2_2_27,3,1,
8,2,8_2,2,8_2_2,28,8_2_2_28,1,3,
8,2,8_2,2,8_2_2,29,8_2_2_29,3,1,
8,2,8_2,2,8_2_2,30,8_2_2_30,4,0,
8,2,8_2,2,8_2_2,31,8_2_2_31,2,2,
8,2,8_2,2,8_2_2,32,8_2_2_32,2,2,
8,2,8_2,2,8_2_2,33,8_2_2_33,1,3,
8,2,8_2,2,8_2_2,34,8_2_2_34,1,3,
8,3,8_3,1,8_3_1,1,8_3_1_1,1,3,
8,3,8_3,1,8_3_1,2,8_3_1_2,1,3,
8,3,8_3,1,8_3_1,3,8_3_1_3,1,3,
8,3,8_3,1,8_3_1,4,8_3_1_4,1,3,
8,3,8_3,1,8_3_1,5,8_3_1_5,1,3,
8,3,8_3,1,8_3_1,6,8_3_1_6,1,3,
8,3,8_3,1,8_3_1,7,8_3_1_7,1,3,
11,1,11_1,1,11_1_1,1,11_1_1_1,3,1,
11,1,11_1,1,11_1_1,2,11_1_1_2,4,0,Mutant! (6 seeds)
11,1,11_1,1,11_1_1,3,11_1_1_3,1,3,
11,1,11_1,1,11_1_1,4,11_1_1_4,1,3,
11,1,11_1,1,11_1_1,5,11_1_1_5,1,3,
11,1,11_1,1,11_1_1,6,11_1_1_6,1,3,
11,1,11_1,1,11_1_1,7,11_1_1_7,2,2,
11,1,11_1,1,11_1_1,8,11_1_1_8,1,3,
11,1,11_1,1,11_1_1,9,11_1_1_9,1,3,
11,1,11_1,1,11_1_1,10,11_1_1_10,3,1,
11,1,11_1,1,11_1_1,11,11_1_1_11,3,1,
11,1,11_1,1,11_1_1,12,11_1_1_12,1,3,
11,1,11_1,1,11_1_1,13,11_1_1_13,1,3,
11,1,11_1,1,11_1_1,14,11_1_1_14,1,3,
11,1,11_1,1,11_1_1,15,11_1_1_15,1,3,
11,1,11_1,1,11_1_1,16,11_1_1_16,1,3,
11,1,11_1,1,11_1_1,17,11_1_1_17,3,1,
11,1,11_1,1,11_1_1,18,11_1_1_18,2,2,
11,1,11_1,1,11_1_1,19,11_1_1_19,1,3,
11,1,11_1,1,11_1_1,20,11_1_1_20,1,3,
11,1,11_1,1,11_1_1,21,11_1_1_21,1,3,
11,1,11_1,1,11_1_1,22,11_1_1_22,3,1,
11,1,11_1,1,11_1_1,23,11_1_1_23,2,2,
11,1,11_1,1,11_1_1,24,11_1_1_24,4,0,
11,1,11_1,1,11_1_1,25,11_1_1_25,3,1,
11,1,11_1,1,11_1_1,26,11_1_1_26,3,1,
11,1,11_1,1,11_1_1,27,11_1_1_27,4,0,
11,1,11_1,1,11_1_1,28,11_1_1_28,2,2,
11,1,11_1,1,11_1_1,29,11_1_1_29,2,2,
11,1,11_1,1,11_1_1,30,11_1_1_30,4,0,Mutant! (5 seeds)
11,1,11_1,1,11_1_1,31,11_1_1_31,1,3,
11,1,11_1,1,11_1_1,32,11_1_1_32,4,0,
11,1,11_1,1,11_1_1,33,11_1_1_33,2,2,
11,1,11_1,1,11_1_1,34,11_1_1_34,3,1,
11,1,11_1,1,11_1_1,35,11_1_1_35,2,2,
11,1,11_1,1,11_1_1,36,11_1_1_36,2,2,
11,1,11_1,1,11_1_1,37,11_1_1_37,2,2,
11,1,11_1,1,11_1_1,38,11_1_1_38,4,0,
11,1,11_1,1,11_1_1,39,11_1_1_39,2,2,
11,1,11_1,1,11_1_1,40,11_1_1_40,2,2,
11,1,11_1,1,11_1_1,41,11_1_1_41,4,0,
11,1,11_1,1,11_1_1,42,11_1_1_42,1,3,
11,1,11_1,1,11_1_1,43,11_1_1_43,2,2,
11,1,11_1,1,11_1_1,44,11_1_1_44,2,2,
11,1,11_1,1,11_1_1,45,11_1_1_45,1,3,
11,1,11_1,1,11_1_1,46,11_1_1_46,1,3,
11,1,11_1,1,11_1_1,47,11_1_1_47,2,2,
11,1,11_1,1,11_1_1,48,11_1_1_48,1,3,
11,1,11_1,1,11_1_1,49,11_1_1_49,1,3,
11,1,11_1,1,11_1_1,50,11_1_1_50,1,3,
11,1,11_1,1,11_1_1,51,11_1_1_51,1,3,
11,1,11_1,1,11_1_1,52,11_1_1_52,1,3,
11,1,11_1,1,11_1_1,53,11_1_1_53,2,2,
11,1,11_1,1,11_1_1,54,11_1_1_54,1,3,
11,1,11_1,1,11_1_1,55,11_1_1_55,1,3,
11,1,11_1,1,11_1_1,56,11_1_1_56,1,3,
11,1,11_1,1,11_1_1,57,11_1_1_57,1,3,
11,1,11_1,1,11_1_1,58,11_1_1_58,1,3,
11,1,11_1,1,11_1_1,59,11_1_1_59,1,3,
11,1,11_1,1,11_1_1,60,11_1_1_60,1,3,
11,1,11_1,1,11_1_1,61,11_1_1_61,1,3,
11,1,11_1,1,11_1_1,62,11_1_1_62,1,3,
11,1,11_1,1,11_1_1,63,11_1_1_63,1,3,
11,1,11_1,1,11_1_1,64,11_1_1_64,1,3,
11,1,11_1,1,11_1_1,65,11_1_1_65,1,3,
11,1,11_1,1,11_1_1,66,11_1_1_66,1,3,
11,1,11_1,1,11_1_1,67,11_1_1_67,1,3,
11,1,11_1,1,11_1_1,68,11_1_1_68,1,3,
11,1,11_1,1,11_1_1,69,11_1_1_69,1,3,
11,1,11_1,1,11_1_1,70,11_1_1_70,1,3,
11,1,11_1,1,11_1_1,71,11_1_1_71,1,3,
11,1,11_1,1,11_1_1,72,11_1_1_72,1,3,
11,1,11_1,1,11_1_1,73,11_1_1_73,1,3,
11,1,11_1,1,11_1_1,74,11_1_1_74,1,3,
11,1,11_1,1,11_1_1,75,11_1_1_75,1,3,
11,1,11_1,2,11_1_2,1,11_1_2_1,1,3,
11,1,11_1,2,11_1_2,2,11_1_2_2,1,3,
11,1,11_1,2,11_1_2,3,11_1_2_3,2,2,
11,1,11_1,2,11_1_2,4,11_1_2_4,1,3,
11,1,11_1,2,11_1_2,5,11_1_2_5,2,2,
11,1,11_1,2,11_1_2,6,11_1_2_6,2,2,
11,1,11_1,2,11_1_2,7,11_1_2_7,2,2,
11,1,11_1,2,11_1_2,8,11_1_2_8,3,1,
11,1,11_1,2,11_1_2,9,11_1_2_9,2,2,
11,1,11_1,2,11_1_2,10,11_1_2_10,3,1,
11,1,11_1,2,11_1_2,11,11_1_2_11,4,0,
11,1,11_1,2,11_1_2,12,11_1_2_12,4,0,
11,1,11_1,2,11_1_2,13,11_1_2_13,4,0,
11,1,11_1,2,11_1_2,14,11_1_2_14,4,0,
11,1,11_1,2,11_1_2,15,11_1_2_15,2,2,
11,1,11_1,2,11_1_2,16,11_1_2_16,1,3,
11,1,11_1,2,11_1_2,17,11_1_2_17,1,3,
11,1,11_1,2,11_1_2,18,11_1_2_18,2,2,
11,1,11_1,2,11_1_2,19,11_1_2_19,3,1,
11,1,11_1,2,11_1_2,20,11_1_2_20,2,2,
11,1,11_1,2,11_1_2,21,11_1_2_21,2,2,
11,1,11_1,2,11_1_2,22,11_1_2_22,2,2,
11,1,11_1,2,11_1_2,23,11_1_2_23,1,3,
11,1,11_1,2,11_1_2,24,11_1_2_24,1,3,
11,1,11_1,2,11_1_2,25,11_1_2_25,1,3,
11,1,11_1,2,11_1_2,26,11_1_2_26,2,2,
11,1,11_1,2,11_1_2,27,11_1_2_27,1,3,
11,1,11_1,2,11_1_2,28,11_1_2_28,1,3,
11,1,11_1,2,11_1_2,29,11_1_2_29,3,1,
11,1,11_1,2,11_1_2,30,11_1_2_30,3,1,
11,1,11_1,2,11_1_2,31,11_1_2_31,2,2,
11,1,11_1,2,11_1_2,32,11_1_2_32,1,3,
11,1,11_1,2,11_1_2,33,11_1_2_33,2,2,
11,1,11_1,2,11_1_2,34,11_1_2_34,1,3,
11,1,11_1,2,11_1_2,35,11_1_2_35,1,3,
11,1,11_1,2,11_1_2,36,11_1_2_36,1,3,
11,1,11_1,2,11_1_2,37,11_1_2_37,1,3,
11,1,11_1,2,11_1_2,38,11_1_2_38,2,2,
11,1,11_1,2,11_1_2,39,11_1_2_39,2,2,
11,1,11_1,2,11_1_2,40,11_1_2_40,3,1,
11,1,11_1,2,11_1_2,41,11_1_2_41,1,3,
11,1,11_1,2,11_1_2,42,11_1_2_42,1,3,
11,1,11_1,2,11_1_2,43,11_1_2_43,2,2,
11,1,11_1,2,11_1_2,44,11_1_2_44,1,3,
11,1,11_1,2,11_1_2,45,11_1_2_45,2,2,
11,1,11_1,2,11_1_2,46,11_1_2_46,1,3,
11,1,11_1,2,11_1_2,47,11_1_2_47,1,3,
11,1,11_1,2,11_1_2,48,11_1_2_48,1,3,
11,1,11_1,2,11_1_2,49,11_1_2_49,1,3,
11,1,11_1,2,11_1_2,50,11_1_2_50,2,2,
11,1,11_1,2,11_1_2,51,11_1_2_51,3,1,
11,1,11_1,2,11_1_2,52,11_1_2_52,2,2,
11,1,11_1,2,11_1_2,53,11_1_2_53,2,2,
11,1,11_1,2,11_1_2,54,11_1_2_54,1,3,
11,1,11_1,2,11_1_2,55,11_1_2_55,2,2,
11,1,11_1,2,11_1_2,56,11_1_2_56,1,3,
11,1,11_1,2,11_1_2,57,11_1_2_57,1,3,
11,1,11_1,2,11_1_2,58,11_1_2_58,1,3,
11,1,11_1,2,11_1_2,59,11_1_2_59,1,3,
11,1,11_1,2,11_1_2,60,11_1_2_60,1,3,
11,1,11_1,2,11_1_2,61,11_1_2_61,1,3,
11,1,11_1,2,11_1_2,62,11_1_2_62,1,3,
11,1,11_1,2,11_1_2,63,11_1_2_63,2,2,
11,1,11_1,2,11_1_2,64,11_1_2_64,2,2,
11,1,11_1,2,11_1_2,65,11_1_2_65,2,2,
11,1,11_1,2,11_1_2,66,11_1_2_66,1,3,
11,1,11_1,2,11_1_2,67,11_1_2_67,1,3,
11,2,11_2,1,11_2_1,1,11_2_1_1,2,2,
11,2,11_2,1,11_2_1,2,11_2_1_2,1,3,
11,2,11_2,1,11_2_1,3,11_2_1_3,2,2,
11,2,11_2,1,11_2_1,4,11_2_1_4,2,2,
11,2,11_2,1,11_2_1,5,11_2_1_5,1,3,
11,2,11_2,1,11_2_1,6,11_2_1_6,1,3,
11,2,11_2,1,11_2_1,7,11_2_1_7,1,3,
11,2,11_2,1,11_2_1,8,11_2_1_8,1,3,
11,2,11_2,1,11_2_1,9,11_2_1_9,1,3,
11,2,11_2,1,11_2_1,10,11_2_1_10,2,2,
11,2,11_2,1,11_2_1,11,11_2_1_11,1,3,
11,2,11_2,1,11_2_1,12,11_2_1_12,4,0,
11,2,11_2,1,11_2_1,13,11_2_1_13,2,2,
11,2,11_2,1,11_2_1,14,11_2_1_14,2,2,
11,2,11_2,1,11_2_1,15,11_2_1_15,2,2,
11,2,11_2,1,11_2_1,16,11_2_1_16,1,3,
11,2,11_2,1,11_2_1,17,11_2_1_17,1,3,
11,2,11_2,1,11_2_1,18,11_2_1_18,2,2,
11,2,11_2,1,11_2_1,19,11_2_1_19,1,3,
11,2,11_2,1,11_2_1,20,11_2_1_20,1,3,
11,2,11_2,1,11_2_1,21,11_2_1_21,1,3,
11,2,11_2,1,11_2_1,22,11_2_1_22,3,1,
11,2,11_2,1,11_2_1,23,11_2_1_23,1,3,
11,2,11_2,1,11_2_1,24,11_2_1_24,1,3,
11,2,11_2,1,11_2_1,25,11_2_1_25,2,2,
11,2,11_2,1,11_2_1,26,11_2_1_26,1,3,
11,2,11_2,1,11_2_1,27,11_2_1_27,1,3,
11,2,11_2,1,11_2_1,28,11_2_1_28,1,3,
11,2,11_2,1,11_2_1,29,11_2_1_29,2,2,
11,2,11_2,1,11_2_1,30,11_2_1_30,1,3,
11,2,11_2,1,11_2_1,31,11_2_1_31,2,2,
11,2,11_2,1,11_2_1,32,11_2_1_32,1,3,
11,2,11_2,1,11_2_1,33,11_2_1_33,2,2,
11,2,11_2,1,11_2_1,34,11_2_1_34,1,3,
11,2,11_2,1,11_2_1,35,11_2_1_35,2,2,
11,2,11_2,2,11_2_2,1,11_2_2_1,2,2,
11,2,11_2,2,11_2_2,2,11_2_2_2,2,2,
11,2,11_2,2,11_2_2,3,11_2_2_3,2,2,
11,2,11_2,2,11_2_2,4,11_2_2_4,3,1,
11,2,11_2,2,11_2_2,5,11_2_2_5,1,3,
11,2,11_2,2,11_2_2,6,11_2_2_6,2,2,
11,2,11_2,2,11_2_2,7,11_2_2_7,1,3,
11,2,11_2,2,11_2_2,8,11_2_2_8,1,3,
11,2,11_2,2,11_2_2,9,11_2_2_9,1,3,
11,2,11_2,2,11_2_2,10,11_2_2_10,1,3,
11,2,11_2,2,11_2_2,11,11_2_2_11,2,2,
11,2,11_2,2,11_2_2,12,11_2_2_12,1,3,
11,2,11_2,2,11_2_2,13,11_2_2_13,1,3,
11,2,11_2,2,11_2_2,14,11_2_2_14,2,2,
11,2,11_2,2,11_2_2,15,11_2_2_15,1,3,
11,2,11_2,2,11_2_2,16,11_2_2_16,2,2,
11,2,11_2,2,11_2_2,17,11_2_2_17,1,3,
11,2,11_2,2,11_2_2,18,11_2_2_18,1,3,
11,2,11_2,2,11_2_2,19,11_2_2_19,1,3,
11,2,11_2,2,11_2_2,20,11_2_2_20,1,3,
11,2,11_2,2,11_2_2,21,11_2_2_21,1,3,
11,2,11_2,2,11_2_2,22,11_2_2_22,1,3,
11,2,11_2,2,11_2_2,23,11_2_2_23,1,3,
11,2,11_2,2,11_2_2,24,11_2_2_24,3,1,
11,2,11_2,2,11_2_2,25,11_2_2_25,3,1,
11,2,11_2,2,11_2_2,26,11_2_2_26,1,3,
11,2,11_2,2,11_2_2,27,11_2_2_27,3,1,
11,2,11_2,3,11_2_3,1,11_2_3_1,1,3,
11,2,11_2,3,11_2_3,2,11_2_3_2,1,3,
11,2,11_2,3,11_2_3,3,11_2_3_3,1,3,
11,2,11_2,3,11_2_3,4,11_2_3_4,1,3,
11,2,11_2,3,11_2_3,5,11_2_3_5,1,3,
11,2,11_2,3,11_2_3,6,11_2_3_6,1,3,
11,2,11_2,3,11_2_3,7,11_2_3_7,1,3,
11,2,11_2,3,11_2_3,8,11_2_3_8,1,3,
11,2,11_2,3,11_2_3,9,11_2_3_9,1,3,
11,2,11_2,3,11_2_3,10,11_2_3_10,1,3,
11,2,11_2,3,11_2_3,11,11_2_3_11,2,2,
11,2,11_2,3,11_2_3,12,11_2_3_12,3,1,
11,2,11_2,3,11_2_3,13,11_2_3_13,3,1,
11,2,11_2,3,11_2_3,14,11_2_3_14,1,3,
11,2,11_2,3,11_2_3,15,11_2_3_15,2,2,
11,2,11_2,3,11_2_3,16,11_2_3_16,1,3,
11,2,11_2,3,11_2_3,17,11_2_3_17,1,3,
11,2,11_2,3,11_2_3,18,11_2_3_18,1,3,
11,2,11_2,3,11_2_3,19,11_2_3_19,1,3,
11,2,11_2,3,11_2_3,20,11_2_3_20,1,3,
11,2,11_2,3,11_2_3,21,11_2_3_21,2,2,
11,2,11_2,3,11_2_3,22,11_2_3_22,2,2,
11,2,11_2,3,11_2_3,23,11_2_3_23,2,2,
11,2,11_2,3,11_2_3,24,11_2_3_24,3,1,
11,2,11_2,3,11_2_3,25,11_2_3_25,1,3,
11,2,11_2,3,11_2_3,26,11_2_3_26,1,3,
11,2,11_2,3,11_2_3,27,11_2_3_27,1,3,
11,2,11_2,4,11_2_4,1,11_2_4_1,3,1,
11,2,11_2,4,11_2_4,2,11_2_4_2,1,3,
11,2,11_2,4,11_2_4,3,11_2_4_3,1,3,
11,2,11_2,4,11_2_4,4,11_2_4_4,1,3,
11,2,11_2,4,11_2_4,5,11_2_4_5,1,3,
11,2,11_2,4,11_2_4,6,11_2_4_6,1,3,
11,2,11_2,4,11_2_4,7,11_2_4_7,2,2,
11,2,11_2,4,11_2_4,8,11_2_4_8,2,2,
11,2,11_2,4,11_2_4,9,11_2_4_9,2,2,
11,2,11_2,4,11_2_4,10,11_2_4_10,1,3,
11,2,11_2,4,11_2_4,11,11_2_4_11,4,0,
11,2,11_2,4,11_2_4,12,11_2_4_12,1,3,
11,2,11_2,4,11_2_4,13,11_2_4_13,2,2,
11,2,11_2,4,11_2_4,14,11_2_4_14,1,3,
11,2,11_2,4,11_2_4,15,11_2_4_15,2,2,
11,2,11_2,4,11_2_4,16,11_2_4_16,1,3,
11,2,11_2,4,11_2_4,17,11_2_4_17,1,3,
11,2,11_2,4,11_2_4,18,11_2_4_18,2,2,
11,2,11_2,4,11_2_4,19,11_2_4_19,1,3,
11,2,11_2,4,11_2_4,20,11_2_4_20,1,3,
11,2,11_2,4,11_2_4,21,11_2_4_21,2,2,
11,2,11_2,4,11_2_4,22,11_2_4_22,1,3,
11,2,11_2,4,11_2_4,23,11_2_4_23,1,3,
11,2,11_2,4,11_2_4,24,11_2_4_24,1,3,
11,2,11_2,4,11_2_4,25,11_2_4_25,3,1,
11,2,11_2,4,11_2_4,26,11_2_4_26,1,3,
11,3,11_3,1,11_3_1,1,11_3_1_1,1,3,
11,3,11_3,1,11_3_1,2,11_3_1_2,1,3,
11,3,11_3,3,11_3_3,1,11_3_3_1,1,3,
11,3,11_3,4,11_3_4,1,11_3_4_1,1,3,
17,1,17_1,1,17_1_1,1,17_1_1_1,1,3,
17,1,17_1,1,17_1_1,2,17_1_1_2,3,1,
17,1,17_1,1,17_1_1,3,17_1_1_3,1,3,
17,1,17_1,1,17_1_1,4,17_1_1_4,2,2,
17,1,17_1,1,17_1_1,5,17_1_1_5,4,0,
17,1,17_1,1,17_1_1,6,17_1_1_6,2,2,
17,1,17_1,1,17_1_1,7,17_1_1_7,2,2,
17,1,17_1,1,17_1_1,8,17_1_1_8,3,1,
17,1,17_1,1,17_1_1,9,17_1_1_9,1,3,
17,1,17_1,1,17_1_1,10,17_1_1_10,2,2,
17,1,17_1,1,17_1_1,11,17_1_1_11,1,3,
17,1,17_1,1,17_1_1,12,17_1_1_12,3,1,
17,1,17_1,1,17_1_1,13,17_1_1_13,3,1,
17,1,17_1,1,17_1_1,14,17_1_1_14,1,3,
17,1,17_1,1,17_1_1,15,17_1_1_15,1,3,
17,1,17_1,1,17_1_1,16,17_1_1_16,1,3,
17,1,17_1,1,17_1_1,17,17_1_1_17,2,2,
17,1,17_1,1,17_1_1,18,17_1_1_18,2,2,
17,1,17_1,1,17_1_1,19,17_1_1_19,2,2,
17,1,17_1,1,17_1_1,20,17_1_1_20,1,3,
17,1,17_1,1,17_1_1,21,17_1_1_21,2,2,
17,1,17_1,1,17_1_1,22,17_1_1_22,1,3,
17,1,17_1,1,17_1_1,23,17_1_1_23,1,3,
17,1,17_1,1,17_1_1,24,17_1_1_24,1,3,
17,1,17_1,1,17_1_1,25,17_1_1_25,1,3,
17,1,17_1,1,17_1_1,26,17_1_1_26,3,1,
17,1,17_1,1,17_1_1,27,17_1_1_27,2,2,
17,1,17_1,1,17_1_1,28,17_1_1_28,1,3,
17,1,17_1,1,17_1_1,29,17_1_1_29,1,3,
17,1,17_1,1,17_1_1,30,17_1_1_30,2,2,
17,1,17_1,1,17_1_1,31,17_1_1_31,2,2,
17,1,17_1,1,17_1_1,32,17_1_1_32,1,3,
17,1,17_1,1,17_1_1,33,17_1_1_33,2,2,
17,1,17_1,1,17_1_1,34,17_1_1_34,2,2,
17,1,17_1,1,17_1_1,35,17_1_1_35,3,1,
17,1,17_1,1,17_1_1,36,17_1_1_36,2,2,
17,1,17_1,1,17_1_1,37,17_1_1_37,1,3,
17,1,17_1,1,17_1_1,38,17_1_1_38,2,2,
17,1,17_1,1,17_1_1,39,17_1_1_39,1,3,
17,1,17_1,1,17_1_1,40,17_1_1_40,3,1,
17,1,17_1,1,17_1_1,41,17_1_1_41,2,2,
17,1,17_1,1,17_1_1,42,17_1_1_42,2,2,
17,1,17_1,1,17_1_1,43,17_1_1_43,1,3,
17,1,17_1,1,17_1_1,44,17_1_1_44,2,2,
17,1,17_1,1,17_1_1,45,17_1_1_45,1,3,
17,1,17_1,1,17_1_1,46,17_1_1_46,2,2,
17,1,17_1,1,17_1_1,47,17_1_1_47,2,2,
17,1,17_1,1,17_1_1,48,17_1_1_48,2,2,
17,1,17_1,1,17_1_1,49,17_1_1_49,2,2,
17,1,17_1,1,17_1_1,50,17_1_1_50,2,2,
17,1,17_1,1,17_1_1,51,17_1_1_51,4,0,
17,1,17_1,1,17_1_1,52,17_1_1_52,1,3,
17,1,17_1,1,17_1_1,53,17_1_1_53,3,1,
17,1,17_1,1,17_1_1,54,17_1_1_54,2,2,
17,1,17_1,1,17_1_1,55,17_1_1_55,1,3,
17,1,17_1,1,17_1_1,56,17_1_1_56,2,2,
17,1,17_1,1,17_1_1,57,17_1_1_57,2,2,
17,1,17_1,1,17_1_1,58,17_1_1_58,2,2,
17,1,17_1,2,17_1_2,1,17_1_2_1,1,3,
17,1,17_1,2,17_1_2,2,17_1_2_2,3,1,
17,1,17_1,2,17_1_2,3,17_1_2_3,2,2,
17,1,17_1,2,17_1_2,4,17_1_2_4,2,2,
17,1,17_1,2,17_1_2,5,17_1_2_5,2,2,
17,1,17_1,2,17_1_2,6,17_1_2_6,1,3,
17,1,17_1,2,17_1_2,7,17_1_2_7,1,3,
17,1,17_1,2,17_1_2,8,17_1_2_8,1,3,
17,1,17_1,2,17_1_2,9,17_1_2_9,2,2,
17,1,17_1,2,17_1_2,10,17_1_2_10,2,2,
17,1,17_1,2,17_1_2,11,17_1_2_11,1,3,
17,1,17_1,2,17_1_2,12,17_1_2_12,4,0,
17,1,17_1,2,17_1_2,13,17_1_2_13,1,3,
17,1,17_1,2,17_1_2,14,17_1_2_14,1,3,
17,1,17_1,2,17_1_2,15,17_1_2_15,3,1,
17,1,17_1,2,17_1_2,16,17_1_2_16,1,3,
17,1,17_1,2,17_1_2,17,17_1_2_17,4,0,
17,1,17_1,2,17_1_2,18,17_1_2_18,1,3,
17,1,17_1,2,17_1_2,19,17_1_2_19,1,3,
17,1,17_1,2,17_1_2,20,17_1_2_20,2,2,
17,1,17_1,2,17_1_2,21,17_1_2_21,1,3,
17,1,17_1,2,17_1_2,22,17_1_2_22,1,3,
17,1,17_1,2,17_1_2,23,17_1_2_23,2,2,
17,1,17_1,2,17_1_2,24,17_1_2_24,1,3,
17,1,17_1,2,17_1_2,25,17_1_2_25,1,3,
17,1,17_1,2,17_1_2,26,17_1_2_26,2,2,
17,1,17_1,2,17_1_2,27,17_1_2_27,1,3,
17,1,17_1,2,17_1_2,28,17_1_2_28,2,2,
17,1,17_1,2,17_1_2,29,17_1_2_29,1,3,
17,1,17_1,2,17_1_2,30,17_1_2_30,1,3,
17,1,17_1,2,17_1_2,31,17_1_2_31,2,2,
17,1,17_1,2,17_1_2,32,17_1_2_32,1,3,
17,1,17_1,2,17_1_2,33,17_1_2_33,2,2,
17,1,17_1,2,17_1_2,34,17_1_2_34,2,2,
17,1,17_1,2,17_1_2,35,17_1_2_35,2,2,
17,1,17_1,2,17_1_2,36,17_1_2_36,1,3,
17,1,17_1,2,17_1_2,37,17_1_2_37,1,3,
17,1,17_1,2,17_1_2,38,17_1_2_38,1,3,
17,1,17_1,2,17_1_2,39,17_1_2_39,2,2,
17,1,17_1,2,17_1_2,40,17_1_2_40,4,0,
17,1,17_1,2,17_1_2,41,17_1_2_41,1,3,
17,1,17_1,2,17_1_2,42,17_1_2_42,3,1,
17,1,17_1,2,17_1_2,43,17_1_2_43,1,3,
17,1,17_1,2,17_1_2,44,17_1_2_44,2,2,
17,1,17_1,2,17_1_2,45,17_1_2_45,2,2,
17,1,17_1,2,17_1_2,46,17_1_2_46,1,3,
17,1,17_1,2,17_1_2,47,17_1_2_47,2,2,
17,1,17_1,2,17_1_2,48,17_1_2_48,1,3,
17,1,17_1,2,17_1_2,49,17_1_2_49,1,3,
17,1,17_1,2,17_1_2,50,17_1_2_50,3,1,
17,1,17_1,2,17_1_2,51,17_1_2_51,2,2,
17,1,17_1,2,17_1_2,52,17_1_2_52,2,2,
17,1,17_1,2,17_1_2,53,17_1_2_53,2,2,
17,1,17_1,2,17_1_2,54,17_1_2_54,1,3,
17,2,17_2,1,17_2_1,1,17_2_1_1,1,3,
17,2,17_2,1,17_2_1,2,17_2_1_2,1,3,
17,2,17_2,1,17_2_1,3,17_2_1_3,2,2,
17,2,17_2,1,17_2_1,4,17_2_1_4,2,2,
17,2,17_2,1,17_2_1,5,17_2_1_5,1,3,
17,2,17_2,1,17_2_1,6,17_2_1_6,3,1,
17,2,17_2,1,17_2_1,7,17_2_1_7,1,3,
17,2,17_2,1,17_2_1,8,17_2_1_8,1,3,
17,2,17_2,1,17_2_1,9,17_2_1_9,2,2,
17,2,17_2,1,17_2_1,10,17_2_1_10,2,2,
17,2,17_2,1,17_2_1,11,17_2_1_11,2,2,
17,2,17_2,1,17_2_1,12,17_2_1_12,1,3,
17,2,17_2,1,17_2_1,13,17_2_1_13,1,3,
17,2,17_2,1,17_2_1,14,17_2_1_14,1,3,
17,2,17_2,1,17_2_1,15,17_2_1_15,1,3,
17,2,17_2,1,17_2_1,16,17_2_1_16,1,3,
17,2,17_2,1,17_2_1,17,17_2_1_17,1,3,
17,2,17_2,1,17_2_1,18,17_2_1_18,2,2,
17,2,17_2,1,17_2_1,19,17_2_1_19,2,2,
17,2,17_2,1,17_2_1,20,17_2_1_20,1,3,
17,2,17_2,1,17_2_1,21,17_2_1_21,1,3,
17,2,17_2,1,17_2_1,22,17_2_1_22,1,3,
17,2,17_2,1,17_2_1,23,17_2_1_23,2,2,
17,2,17_2,1,17_2_1,24,17_2_1_24,1,3,
17,2,17_2,1,17_2_1,25,17_2_1_25,2,2,
17,2,17_2,1,17_2_1,26,17_2_1_26,1,3,
17,2,17_2,1,17_2_1,27,17_2_1_27,1,3,
17,2,17_2,1,17_2_1,28,17_2_1_28,1,3,
17,2,17_2,1,17_2_1,29,17_2_1_29,2,2,
17,2,17_2,1,17_2_1,30,17_2_1_30,3,1,
17,2,17_2,1,17_2_1,31,17_2_1_31,1,3,
17,2,17_2,1,17_2_1,32,17_2_1_32,1,3,
17,2,17_2,1,17_2_1,33,17_2_1_33,1,3,
17,2,17_2,1,17_2_1,34,17_2_1_34,3,1,
17,2,17_2,1,17_2_1,35,17_2_1_35,1,3,
17,2,17_2,1,17_2_1,36,17_2_1_36,2,2,
17,2,17_2,2,17_2_2,1,17_2_2_1,1,3,
17,2,17_2,2,17_2_2,2,17_2_2_2,2,2,
17,2,17_2,2,17_2_2,3,17_2_2_3,1,3,
17,2,17_2,2,17_2_2,4,17_2_2_4,2,2,
17,2,17_2,2,17_2_2,5,17_2_2_5,2,2,
17,2,17_2,2,17_2_2,6,17_2_2_6,2,2,
17,2,17_2,2,17_2_2,7,17_2_2_7,2,2,
17,2,17_2,2,17_2_2,8,17_2_2_8,1,3,
17,2,17_2,2,17_2_2,9,17_2_2_9,1,3,
17,2,17_2,2,17_2_2,10,17_2_2_10,1,3,
17,2,17_2,2,17_2_2,11,17_2_2_11,2,2,
17,2,17_2,2,17_2_2,12,17_2_2_12,1,3,
17,2,17_2,2,17_2_2,13,17_2_2_13,2,2,
17,2,17_2,2,17_2_2,14,17_2_2_14,2,2,
17,2,17_2,2,17_2_2,15,17_2_2_15,1,3,
17,2,17_2,2,17_2_2,16,17_2_2_16,2,2,
17,2,17_2,2,17_2_2,17,17_2_2_17,1,3,
17,2,17_2,2,17_2_2,18,17_2_2_18,1,3,
17,2,17_2,2,17_2_2,19,17_2_2_19,1,3,
17,2,17_2,2,17_2_2,20,17_2_2_20,1,3,
17,2,17_2,2,17_2_2,21,17_2_2_21,1,3,
17,2,17_2,2,17_2_2,22,17_2_2_22,2,2,
17,2,17_2,2,17_2_2,23,17_2_2_23,1,3,
17,2,17_2,2,17_2_2,24,17_2_2_24,2,2,
17,2,17_2,2,17_2_2,25,17_2_2_25,1,3,
17,2,17_2,2,17_2_2,26,17_2_2_26,2,2,
17,2,17_2,2,17_2_2,27,17_2_2_27,2,2,
17,2,17_2,2,17_2_2,28,17_2_2_28,1,3,
17,2,17_2,2,17_2_2,29,17_2_2_29,3,1,
17,2,17_2,2,17_2_2,30,17_2_2_30,2,2,
17,2,17_2,2,17_2_2,31,17_2_2_31,2,2,
17,2,17_2,2,17_2_2,32,17_2_2_32,2,2,
17,2,17_2,2,17_2_2,33,17_2_2_33,1,3,
17,2,17_2,2,17_2_2,34,17_2_2_34,1,3,
17,2,17_2,2,17_2_2,35,17_2_2_35,1,3,
17,2,17_2,2,17_2_2,36,17_2_2_36,3,1,
17,2,17_2,2,17_2_2,37,17_2_2_37,2,2,
17,2,17_2,2,17_2_2,38,17_2_2_38,1,3,
17,2,17_2,2,17_2_2,39,17_2_2_39,2,2,
17,2,17_2,2,17_2_2,40,17_2_2_40,2,2,
17,3,17_3,1,17_3_1,1,17_3_1_1,3,1,
17,3,17_3,1,17_3_1,2,17_3_1_2,4,0,
17,3,17_3,1,17_3_1,3,17_3_1_3,2,2,
17,3,17_3,1,17_3_1,4,17_3_1_4,3,1,
17,3,17_3,1,17_3_1,5,17_3_1_5,1,3,
17,3,17_3,1,17_3_1,6,17_3_1_6,2,2,
17,3,17_3,1,17_3_1,7,17_3_1_7,1,3,
17,3,17_3,1,17_3_1,8,17_3_1_8,2,2,
17,3,17_3,1,17_3_1,9,17_3_1_9,4,0,
17,3,17_3,1,17_3_1,10,17_3_1_10,3,1,
17,3,17_3,1,17_3_1,11,17_3_1_11,3,1,
17,3,17_3,1,17_3_1,12,17_3_1_12,1,3,
17,3,17_3,1,17_3_1,13,17_3_1_13,2,2,
17,3,17_3,1,17_3_1,14,17_3_1_14,1,3,
17,3,17_3,1,17_3_1,15,17_3_1_15,1,3,
17,3,17_3,1,17_3_1,16,17_3_1_16,1,3,
17,3,17_3,1,17_3_1,17,17_3_1_17,4,0,
17,3,17_3,1,17_3_1,18,17_3_1_18,3,1,
17,3,17_3,1,17_3_1,19,17_3_1_19,3,1,
17,3,17_3,1,17_3_1,20,17_3_1_20,1,3,
17,3,17_3,1,17_3_1,21,17_3_1_21,2,2,
17,3,17_3,1,17_3_1,22,17_3_1_22,2,2,
17,3,17_3,1,17_3_1,23,17_3_1_23,2,2,
17,3,17_3,1,17_3_1,24,17_3_1_24,3,1,
17,3,17_3,1,17_3_1,25,17_3_1_25,3,1,
17,3,17_3,1,17_3_1,26,17_3_1_26,2,2,
17,3,17_3,1,17_3_1,27,17_3_1_27,2,2,
17,3,17_3,1,17_3_1,28,17_3_1_28,2,2,
17,3,17_3,1,17_3_1,29,17_3_1_29,2,2,
17,3,17_3,1,17_3_1,30,17_3_1_30,1,3,
17,3,17_3,1,17_3_1,31,17_3_1_31,1,3,
17,3,17_3,1,17_3_1,32,17_3_1_32,3,1,
17,3,17_3,1,17_3_1,33,17_3_1_33,1,3,
17,3,17_3,1,17_3_1,34,17_3_1_34,2,2,
17,3,17_3,1,17_3_1,35,17_3_1_35,3,1,
17,3,17_3,1,17_3_1,36,17_3_1_36,2,2,
17,3,17_3,1,17_3_1,37,17_3_1_37,2,2,
17,3,17_3,1,17_3_1,38,17_3_1_38,1,3,
17,3,17_3,1,17_3_1,39,17_3_1_39,1,3,
17,3,17_3,1,17_3_1,40,17_3_1_40,2,2,
17,3,17_3,1,17_3_1,41,17_3_1_41,1,3,
17,3,17_3,1,17_3_1,42,17_3_1_42,1,3,
17,3,17_3,1,17_3_1,43,17_3_1_43,1,3,
17,3,17_3,1,17_3_1,44,17_3_1_44,2,2,
17,3,17_3,1,17_3_1,45,17_3_1_45,2,2,
17,3,17_3,1,17_3_1,46,17_3_1_46,1,3,
17,3,17_3,1,17_3_1,47,17_3_1_47,1,3,
17,3,17_3,1,17_3_1,48,17_3_1_48,1,3,
17,3,17_3,1,17_3_1,49,17_3_1_49,2,2,
17,3,17_3,1,17_3_1,50,17_3_1_50,3,1,
17,3,17_3,1,17_3_1,51,17_3_1_51,1,3,
17,3,17_3,1,17_3_1,52,17_3_1_52,1,3,
17,3,17_3,1,17_3_1,53,17_3_1_53,3,1,
17,3,17_3,1,17_3_1,54,17_3_1_54,3,1,
17,3,17_3,2,17_3_2,1,17_3_2_1,1,3,
17,3,17_3,2,17_3_2,2,17_3_2_2,4,0,
17,3,17_3,2,17_3_2,3,17_3_2_3,1,3,
17,3,17_3,2,17_3_2,4,17_3_2_4,3,1,
17,3,17_3,2,17_3_2,5,17_3_2_5,3,1,
17,3,17_3,2,17_3_2,6,17_3_2_6,1,3,
17,3,17_3,2,17_3_2,7,17_3_2_7,1,3,
17,3,17_3,2,17_3_2,8,17_3_2_8,2,2,
17,3,17_3,2,17_3_2,9,17_3_2_9,2,2,
17,3,17_3,2,17_3_2,10,17_3_2_10,2,2,
17,3,17_3,2,17_3_2,11,17_3_2_11,3,1,
17,3,17_3,2,17_3_2,12,17_3_2_12,1,3,
17,3,17_3,2,17_3_2,13,17_3_2_13,2,2,
17,3,17_3,2,17_3_2,14,17_3_2_14,1,3,
17,3,17_3,2,17_3_2,15,17_3_2_15,1,3,
17,3,17_3,2,17_3_2,16,17_3_2_16,2,2,
17,3,17_3,2,17_3_2,17,17_3_2_17,2,2,
17,3,17_3,2,17_3_2,18,17_3_2_18,1,3,
17,3,17_3,2,17_3_2,19,17_3_2_19,1,3,
17,3,17_3,2,17_3_2,20,17_3_2_20,1,3,
17,3,17_3,2,17_3_2,21,17_3_2_21,3,1,
17,3,17_3,2,17_3_2,22,17_3_2_22,1,3,
17,3,17_3,2,17_3_2,23,17_3_2_23,2,2,
17,3,17_3,2,17_3_2,24,17_3_2_24,1,3,
17,3,17_3,2,17_3_2,25,17_3_2_25,2,2,
17,3,17_3,2,17_3_2,26,17_3_2_26,3,1,
17,3,17_3,2,17_3_2,27,17_3_2_27,1,3,
17,3,17_3,2,17_3_2,28,17_3_2_28,1,3,
19,1,19_1,1,19_1_1,1,19_1_1_1,1,3,
19,1,19_1,1,19_1_1,2,19_1_1_2,1,3,
19,1,19_1,1,19_1_1,3,19_1_1_3,3,1,
19,1,19_1,1,19_1_1,4,19_1_1_4,2,2,
19,1,19_1,1,19_1_1,5,19_1_1_5,2,2,
19,1,19_1,1,19_1_1,6,19_1_1_6,2,2,
19,1,19_1,1,19_1_1,7,19_1_1_7,1,3,
19,1,19_1,1,19_1_1,8,19_1_1_8,1,3,
19,1,19_1,1,19_1_1,9,19_1_1_9,1,3,
19,1,19_1,1,19_1_1,10,19_1_1_10,2,2,
19,1,19_1,1,19_1_1,11,19_1_1_11,2,2,
19,1,19_1,1,19_1_1,12,19_1_1_12,1,3,
19,1,19_1,1,19_1_1,13,19_1_1_13,1,3,
19,1,19_1,1,19_1_1,14,19_1_1_14,1,3,
19,1,19_1,1,19_1_1,15,19_1_1_15,1,3,
19,1,19_1,1,19_1_1,16,19_1_1_16,1,3,
19,1,19_1,1,19_1_1,17,19_1_1_17,1,3,
19,1,19_1,1,19_1_1,18,19_1_1_18,1,3,
19,1,19_1,1,19_1_1,19,19_1_1_19,1,3,
19,1,19_1,1,19_1_1,20,19_1_1_20,3,1,
19,1,19_1,1,19_1_1,21,19_1_1_21,1,3,
19,1,19_1,1,19_1_1,22,19_1_1_22,1,3,
19,1,19_1,1,19_1_1,23,19_1_1_23,1,3,
19,1,19_1,1,19_1_1,24,19_1_1_24,1,3,
19,1,19_1,1,19_1_1,25,19_1_1_25,1,3,
19,1,19_1,1,19_1_1,26,19_1_1_26,1,3,
19,1,19_1,2,19_1_2,1,19_1_2_1,4,0,
19,1,19_1,2,19_1_2,2,19_1_2_2,4,0,
19,1,19_1,2,19_1_2,3,19_1_2_3,4,0,
19,1,19_1,2,19_1_2,4,19_1_2_4,4,0,Mutant! (5 seeds)
19,1,19_1,2,19_1_2,5,19_1_2_5,3,1,
19,1,19_1,2,19_1_2,6,19_1_2_6,3,1,
19,1,19_1,2,19_1_2,7,19_1_2_7,3,1,
19,1,19_1,2,19_1_2,8,19_1_2_8,1,3,
19,1,19_1,2,19_1_2,9,19_1_2_9,1,3,
19,1,19_1,2,19_1_2,10,19_1_2_10,2,2,
19,1,19_1,2,19_1_2,11,19_1_2_11,1,3,
19,1,19_1,2,19_1_2,12,19_1_2_12,1,3,
19,1,19_1,2,19_1_2,13,19_1_2_13,2,2,
19,1,19_1,2,19_1_2,14,19_1_2_14,3,1,
19,1,19_1,2,19_1_2,15,19_1_2_15,1,3,
19,1,19_1,2,19_1_2,16,19_1_2_16,2,2,
19,1,19_1,2,19_1_2,17,19_1_2_17,1,3,
19,1,19_1,2,19_1_2,18,19_1_2_18,1,3,
19,1,19_1,2,19_1_2,19,19_1_2_19,1,3,
19,1,19_1,2,19_1_2,20,19_1_2_20,2,2,
19,1,19_1,2,19_1_2,21,19_1_2_21,1,3,
19,1,19_1,2,19_1_2,22,19_1_2_22,1,3,
19,1,19_1,3,19_1_3,1,19_1_3_1,2,2,
19,1,19_1,3,19_1_3,2,19_1_3_2,1,3,
19,1,19_1,3,19_1_3,3,19_1_3_3,1,3,
19,1,19_1,3,19_1_3,4,19_1_3_4,2,2,
19,1,19_1,3,19_1_3,5,19_1_3_5,4,0,
19,1,19_1,3,19_1_3,6,19_1_3_6,4,0,
19,1,19_1,3,19_1_3,7,19_1_3_7,4,0,
19,1,19_1,3,19_1_3,8,19_1_3_8,1,3,
19,1,19_1,3,19_1_3,9,19_1_3_9,2,2,
19,1,19_1,3,19_1_3,10,19_1_3_10,2,2,
19,1,19_1,3,19_1_3,11,19_1_3_11,4,0,
19,1,19_1,3,19_1_3,12,19_1_3_12,2,2,
19,1,19_1,3,19_1_3,13,19_1_3_13,2,2,
19,1,19_1,3,19_1_3,14,19_1_3_14,1,3,
19,1,19_1,3,19_1_3,15,19_1_3_15,3,1,
19,1,19_1,3,19_1_3,16,19_1_3_16,2,2,
19,1,19_1,3,19_1_3,17,19_1_3_17,1,3,
19,1,19_1,3,19_1_3,18,19_1_3_18,2,2,
19,1,19_1,3,19_1_3,19,19_1_3_19,2,2,
19,1,19_1,3,19_1_3,20,19_1_3_20,1,3,
19,1,19_1,3,19_1_3,21,19_1_3_21,4,0,
19,1,19_1,3,19_1_3,22,19_1_3_22,2,2,
19,1,19_1,3,19_1_3,23,19_1_3_23,1,3,
19,1,19_1,3,19_1_3,24,19_1_3_24,1,3,
19,1,19_1,3,19_1_3,25,19_1_3_25,1,3,
19,1,19_1,3,19_1_3,26,19_1_3_26,1,3,
19,1,19_1,3,19_1_3,27,19_1_3_27,1,3,
19,1,19_1,3,19_1_3,28,19_1_3_28,1,3,
19,1,19_1,3,19_1_3,29,19_1_3_29,4,0,
19,1,19_1,3,19_1_3,30,19_1_3_30,4,0,
19,1,19_1,3,19_1_3,31,19_1_3_31,1,3,
19,1,19_1,3,19_1_3,32,19_1_3_32,1,3,
19,1,19_1,3,19_1_3,33,19_1_3_33,1,3,
19,1,19_1,3,19_1_3,34,19_1_3_34,1,3,
19,1,19_1,3,19_1_3,35,19_1_3_35,1,3,
19,1,19_1,3,19_1_3,36,19_1_3_36,2,2,
19,1,19_1,3,19_1_3,37,19_1_3_37,4,0,
19,1,19_1,3,19_1_3,38,19_1_3_38,2,2,
19,1,19_1,3,19_1_3,39,19_1_3_39,3,1,
19,1,19_1,3,19_1_3,40,19_1_3_40,1,3,
19,1,19_1,3,19_1_3,41,19_1_3_41,2,2,
19,1,19_1,3,19_1_3,42,19_1_3_42,4,0,
19,1,19_1,3,19_1_3,43,19_1_3_43,2,2,
19,1,19_1,3,19_1_3,44,19_1_3_44,1,3,
19,1,19_1,3,19_1_3,45,19_1_3_45,3,1,
19,1,19_1,3,19_1_3,46,19_1_3_46,3,1,
19,1,19_1,3,19_1_3,47,19_1_3_47,2,2,
19,1,19_1,3,19_1_3,48,19_1_3_48,4,0,
19,1,19_1,3,19_1_3,49,19_1_3_49,2,2,
19,1,19_1,3,19_1_3,50,19_1_3_50,3,1,
19,1,19_1,3,19_1_3,51,19_1_3_51,1,3,
19,1,19_1,3,19_1_3,52,19_1_3_52,4,0,
19,1,19_1,3,19_1_3,53,19_1_3_53,2,2,
19,1,19_1,3,19_1_3,54,19_1_3_54,2,2,
19,1,19_1,3,19_1_3,55,19_1_3_55,1,3,
19,1,19_1,3,19_1_3,56,19_1_3_56,2,2,
19,1,19_1,3,19_1_3,57,19_1_3_57,3,1,
19,1,19_1,3,19_1_3,58,19_1_3_58,2,2,
19,1,19_1,3,19_1_3,59,19_1_3_59,1,3,
19,1,19_1,3,19_1_3,60,19_1_3_60,3,1,
19,1,19_1,3,19_1_3,61,19_1_3_61,4,0,
19,1,19_1,3,19_1_3,62,19_1_3_62,1,3,
19,1,19_1,3,19_1_3,63,19_1_3_63,1,3,
19,1,19_1,3,19_1_3,64,19_1_3_64,1,3,
19,1,19_1,3,19_1_3,65,19_1_3_65,1,3,
19,1,19_1,3,19_1_3,66,19_1_3_66,1,3,
19,1,19_1,3,19_1_3,67,19_1_3_67,1,3,
19,1,19_1,3,19_1_3,68,19_1_3_68,1,3,
19,1,19_1,3,19_1_3,69,19_1_3_69,1,3,
19,1,19_1,3,19_1_3,70,19_1_3_70,1,3,
19,1,19_1,3,19_1_3,71,19_1_3_71,1,3,
19,1,19_1,3,19_1_3,72,19_1_3_72,1,3,
19,1,19_1,3,19_1_3,73,19_1_3_73,1,3,
19,1,19_1,3,19_1_3,74,19_1_3_74,1,3,
19,1,19_1,3,19_1_3,75,19_1_3_75,2,2,
19,1,19_1,3,19_1_3,76,19_1_3_76,2,2,
19,1,19_1,3,19_1_3,77,19_1_3_77,2,2,
19,1,19_1,3,19_1_3,78,19_1_3_78,2,2,
19,1,19_1,3,19_1_3,79,19_1_3_79,2,2,
19,1,19_1,3,19_1_3,80,19_1_3_80,2,2,
19,1,19_1,3,19_1_3,81,19_1_3_81,1,3,
19,1,19_1,3,19_1_3,82,19_1_3_82,4,0,
19,1,19_1,3,19_1_3,83,19_1_3_83,3,1,
19,1,19_1,3,19_1_3,84,19_1_3_84,3,1,
19,1,19_1,3,19_1_3,85,19_1_3_85,2,2,
19,1,19_1,3,19_1_3,86,19_1_3_86,1,3,
19,1,19_1,3,19_1_3,87,19_1_3_87,1,3,
19,1,19_1,3,19_1_3,88,19_1_3_88,1,3,
19,1,19_1,3,19_1_3,89,19_1_3_89,1,3,
19,1,19_1,3,19_1_3,90,19_1_3_90,2,2,
19,1,19_1,3,19_1_3,91,19_1_3_91,1,3,
19,1,19_1,3,19_1_3,92,19_1_3_92,1,3,
19,1,19_1,3,19_1_3,93,19_1_3_93,1,3,
19,1,19_1,3,19_1_3,94,19_1_3_94,1,3,
19,1,19_1,3,19_1_3,95,19_1_3_95,1,3,
19,1,19_1,3,19_1_3,96,19_1_3_96,1,3,
19,1,19_1,3,19_1_3,97,19_1_3_97,1,3,
19,1,19_1,3,19_1_3,98,19_1_3_98,2,2,
19,1,19_1,3,19_1_3,99,19_1_3_99,1,3,
19,1,19_1,3,19_1_3,100,19_1_3_100,1,3,
19,1,19_1,3,19_1_3,101,19_1_3_101,1,3,
19,1,19_1,3,19_1_3,102,19_1_3_102,2,2,
19,1,19_1,3,19_1_3,103,19_1_3_103,1,3,
19,1,19_1,3,19_1_3,104,19_1_3_104,2,2,
19,2,19_2,1,19_2_1,1,19_2_1_1,1,3,
19,2,19_2,1,19_2_1,2,19_2_1_2,2,2,
19,2,19_2,1,19_2_1,3,19_2_1_3,1,3,
19,2,19_2,2,19_2_2,1,19_2_2_1,4,0,
19,2,19_2,2,19_2_2,2,19_2_2_2,4,0,
19,2,19_2,2,19_2_2,3,19_2_2_3,1,3,
19,2,19_2,2,19_2_2,4,19_2_2_4,2,2,
19,2,19_2,2,19_2_2,5,19_2_2_5,2,2,
19,2,19_2,2,19_2_2,6,19_2_2_6,1,3,
19,2,19_2,2,19_2_2,7,19_2_2_7,1,3,
19,2,19_2,2,19_2_2,8,19_2_2_8,1,3,
19,2,19_2,2,19_2_2,9,19_2_2_9,1,3,
19,2,19_2,2,19_2_2,10,19_2_2_10,2,2,
19,2,19_2,2,19_2_2,11,19_2_2_11,2,2,
19,2,19_2,2,19_2_2,12,19_2_2_12,1,3,
19,2,19_2,2,19_2_2,13,19_2_2_13,3,1,
19,2,19_2,2,19_2_2,14,19_2_2_14,1,3,
19,2,19_2,2,19_2_2,15,19_2_2_15,2,2,
19,2,19_2,2,19_2_2,16,19_2_2_16,2,2,
19,2,19_2,2,19_2_2,17,19_2_2_17,1,3,
19,2,19_2,2,19_2_2,18,19_2_2_18,2,2,
19,2,19_2,2,19_2_2,19,19_2_2_19,1,3,
19,2,19_2,2,19_2_2,20,19_2_2_20,1,3,
19,2,19_2,2,19_2_2,21,19_2_2_21,1,3,
19,2,19_2,2,19_2_2,22,19_2_2_22,2,2,
19,2,19_2,2,19_2_2,23,19_2_2_23,1,3,
19,2,19_2,2,19_2_2,24,19_2_2_24,2,2,
19,2,19_2,2,19_2_2,25,19_2_2_25,1,3,
19,2,19_2,2,19_2_2,26,19_2_2_26,2,2,
19,2,19_2,2,19_2_2,27,19_2_2_27,1,3,
19,2,19_2,2,19_2_2,28,19_2_2_28,1,3,
19,2,19_2,2,19_2_2,29,19_2_2_29,1,3,
19,2,19_2,2,19_2_2,30,19_2_2_30,3,1,
19,2,19_2,2,19_2_2,31,19_2_2_31,2,2,
19,2,19_2,2,19_2_2,32,19_2_2_32,3,1,
19,2,19_2,2,19_2_2,33,19_2_2_33,1,3,
19,2,19_2,2,19_2_2,34,19_2_2_34,1,3,
19,2,19_2,2,19_2_2,35,19_2_2_35,2,2,
19,2,19_2,2,19_2_2,36,19_2_2_36,2,2,
19,2,19_2,2,19_2_2,37,19_2_2_37,1,3,
19,2,19_2,3,19_2_3,1,19_2_3_1,1,3,
19,2,19_2,3,19_2_3,2,19_2_3_2,1,3,
19,2,19_2,3,19_2_3,3,19_2_3_3,1,3,
19,2,19_2,3,19_2_3,4,19_2_3_4,3,1,
19,2,19_2,3,19_2_3,5,19_2_3_5,1,3,
19,2,19_2,3,19_2_3,6,19_2_3_6,2,2,
19,2,19_2,3,19_2_3,7,19_2_3_7,2,2,
19,2,19_2,3,19_2_3,8,19_2_3_8,3,1,
19,2,19_2,3,19_2_3,9,19_2_3_9,2,2,
19,2,19_2,3,19_2_3,10,19_2_3_10,1,3,
19,2,19_2,3,19_2_3,11,19_2_3_11,2,2,
19,2,19_2,3,19_2_3,12,19_2_3_12,2,2,
19,2,19_2,3,19_2_3,13,19_2_3_13,1,3,
19,2,19_2,3,19_2_3,14,19_2_3_14,1,3,
19,2,19_2,3,19_2_3,15,19_2_3_15,1,3,
19,2,19_2,3,19_2_3,16,19_2_3_16,1,3,
19,2,19_2,3,19_2_3,17,19_2_3_17,1,3,
19,2,19_2,3,19_2_3,18,19_2_3_18,2,2,
19,2,19_2,3,19_2_3,19,19_2_3_19,1,3,
19,2,19_2,3,19_2_3,20,19_2_3_20,1,3,
19,2,19_2,3,19_2_3,21,19_2_3_21,2,2,
19,2,19_2,3,19_2_3,22,19_2_3_22,2,2,
19,2,19_2,3,19_2_3,23,19_2_3_23,1,3,
19,2,19_2,3,19_2_3,24,19_2_3_24,1,3,
19,2,19_2,3,19_2_3,25,19_2_3_25,1,3,
19,2,19_2,3,19_2_3,26,19_2_3_26,1,3,
19,2,19_2,3,19_2_3,27,19_2_3_27,1,3,
19,2,19_2,3,19_2_3,28,19_2_3_28,3,1,
19,2,19_2,3,19_2_3,29,19_2_3_29,2,2,
19,2,19_2,3,19_2_3,30,19_2_3_30,1,3,
19,2,19_2,3,19_2_3,31,19_2_3_31,1,3,
19,3,19_3,1,19_3_1,1,19_3_1_1,2,2,
19,3,19_3,1,19_3_1,2,19_3_1_2,1,3,
19,3,19_3,1,19_3_1,3,19_3_1_3,2,2,
19,3,19_3,1,19_3_1,4,19_3_1_4,2,2,
19,3,19_3,1,19_3_1,5,19_3_1_5,1,3,
19,3,19_3,1,19_3_1,6,19_3_1_6,3,1,
19,3,19_3,1,19_3_1,7,19_3_1_7,2,2,
19,3,19_3,1,19_3_1,8,19_3_1_8,4,0,
19,3,19_3,1,19_3_1,9,19_3_1_9,1,3,
19,3,19_3,1,19_3_1,10,19_3_1_10,1,3,
19,3,19_3,1,19_3_1,11,19_3_1_11,1,3,
19,3,19_3,1,19_3_1,12,19_3_1_12,1,3,
19,3,19_3,1,19_3_1,13,19_3_1_13,1,3,
19,3,19_3,1,19_3_1,14,19_3_1_14,2,2,
19,3,19_3,1,19_3_1,15,19_3_1_15,1,3,
19,3,19_3,1,19_3_1,16,19_3_1_16,3,1,
19,3,19_3,1,19_3_1,17,19_3_1_17,1,3,
19,3,19_3,1,19_3_1,18,19_3_1_18,1,3,
19,3,19_3,1,19_3_1,19,19_3_1_19,1,3,
19,3,19_3,1,19_3_1,20,19_3_1_20,4,0,
19,3,19_3,1,19_3_1,21,19_3_1_21,2,2,
19,3,19_3,1,19_3_1,22,19_3_1_22,1,3,
19,3,19_3,1,19_3_1,23,19_3_1_23,1,3,
19,3,19_3,1,19_3_1,24,19_3_1_24,1,3,
19,3,19_3,1,19_3_1,25,19_3_1_25,2,2,
19,3,19_3,1,19_3_1,26,19_3_1_26,2,2,
19,3,19_3,1,19_3_1,27,19_3_1_27,1,3,
19,3,19_3,1,19_3_1,28,19_3_1_28,1,3,
19,3,19_3,1,19_3_1,29,19_3_1_29,1,3,
19,3,19_3,2,19_3_2,1,19_3_2_1,1,3,
19,3,19_3,2,19_3_2,2,19_3_2_2,2,2,
19,3,19_3,2,19_3_2,3,19_3_2_3,3,1,
19,3,19_3,2,19_3_2,4,19_3_2_4,3,1,
19,3,19_3,2,19_3_2,5,19_3_2_5,2,2,
19,3,19_3,2,19_3_2,6,19_3_2_6,2,2,
19,3,19_3,2,19_3_2,7,19_3_2_7,2,2,
19,3,19_3,2,19_3_2,8,19_3_2_8,1,3,
19,3,19_3,2,19_3_2,9,19_3_2_9,2,2,
19,3,19_3,2,19_3_2,10,19_3_2_10,1,3,
19,3,19_3,2,19_3_2,11,19_3_2_11,3,1,
19,3,19_3,2,19_3_2,12,19_3_2_12,2,2,
19,3,19_3,2,19_3_2,13,19_3_2_13,1,3,
19,3,19_3,2,19_3_2,14,19_3_2_14,2,2,
19,3,19_3,2,19_3_2,15,19_3_2_15,1,3,
19,3,19_3,2,19_3_2,16,19_3_2_16,1,3,
19,3,19_3,2,19_3_2,17,19_3_2_17,2,2,
19,3,19_3,2,19_3_2,18,19_3_2_18,3,1,
19,3,19_3,2,19_3_2,19,19_3_2_19,1,3,
19,3,19_3,2,19_3_2,20,19_3_2_20,2,2,
19,3,19_3,2,19_3_2,21,19_3_2_21,2,2,
19,3,19_3,2,19_3_2,22,19_3_2_22,2,2,
19,3,19_3,2,19_3_2,23,19_3_2_23,3,1,
19,3,19_3,2,19_3_2,24,19_3_2_24,2,2,
19,3,19_3,2,19_3_2,25,19_3_2_25,1,3,
19,3,19_3,2,19_3_2,26,19_3_2_26,1,3,
19,3,19_3,2,19_3_2,27,19_3_2_27,1,3,
19,3,19_3,2,19_3_2,28,19_3_2_28,1,3,
19,3,19_3,2,19_3_2,29,19_3_2_29,1,3,
19,3,19_3,2,19_3_2,30,19_3_2_30,2,2,
19,3,19_3,2,19_3_2,31,19_3_2_31,1,3,
19,3,19_3,2,19_3_2,32,19_3_2_32,2,2,
19,3,19_3,2,19_3_2,33,19_3_2_33,2,2,
19,3,19_3,2,19_3_2,34,19_3_2_34,3,1,
19,3,19_3,2,19_3_2,35,19_3_2_35,2,2,
19,3,19_3,2,19_3_2,36,19_3_2_36,1,3,
19,3,19_3,2,19_3_2,37,19_3_2_37,2,2,
19,3,19_3,2,19_3_2,38,19_3_2_38,2,2,
19,3,19_3,2,19_3_2,39,19_3_2_39,2,2,
19,3,19_3,2,19_3_2,40,19_3_2_40,1,3,
19,3,19_3,2,19_3_2,41,19_3_2_41,1,3,
19,3,19_3,2,19_3_2,42,19_3_2_42,1,3,
19,3,19_3,2,19_3_2,43,19_3_2_43,3,1,
19,3,19_3,2,19_3_2,44,19_3_2_44,1,3,
19,3,19_3,2,19_3_2,45,19_3_2_45,1,3,
19,3,19_3,3,19_3_3,1,19_3_3_1,3,1,
19,3,19_3,3,19_3_3,2,19_3_3_2,1,3,
19,3,19_3,3,19_3_3,3,19_3_3_3,1,3,
19,3,19_3,3,19_3_3,4,19_3_3_4,2,2,
19,3,19_3,3,19_3_3,5,19_3_3_5,1,3,
19,3,19_3,3,19_3_3,6,19_3_3_6,3,1,
19,3,19_3,3,19_3_3,7,19_3_3_7,2,2,
19,3,19_3,3,19_3_3,8,19_3_3_8,1,3,
19,3,19_3,3,19_3_3,9,19_3_3_9,1,3,
19,3,19_3,3,19_3_3,10,19_3_3_10,1,3,
19,3,19_3,3,19_3_3,11,19_3_3_11,2,2,
19,3,19_3,3,19_3_3,12,19_3_3_12,2,2,
19,3,19_3,3,19_3_3,13,19_3_3_13,1,3,
19,3,19_3,3,19_3_3,14,19_3_3_14,2,2,
19,3,19_3,3,19_3_3,15,19_3_3_15,1,3,
19,3,19_3,3,19_3_3,16,19_3_3_16,1,3,
19,3,19_3,3,19_3_3,17,19_3_3_17,1,3,
19,3,19_3,3,19_3_3,18,19_3_3_18,1,3,
19,3,19_3,3,19_3_3,19,19_3_3_19,3,1,
19,3,19_3,3,19_3_3,20,19_3_3_20,2,2,
19,3,19_3,3,19_3_3,21,19_3_3_21,1,3,
19,3,19_3,3,19_3_3,22,19_3_3_22,3,1,
19,3,19_3,3,19_3_3,23,19_3_3_23,1,3,
19,3,19_3,3,19_3_3,24,19_3_3_24,1,3,
19,3,19_3,3,19_3_3,25,19_3_3_25,1,3,
19,3,19_3,3,19_3_3,26,19_3_3_26,2,2,
19,3,19_3,3,19_3_3,27,19_3_3_27,1,3,
19,3,19_3,3,19_3_3,28,19_3_3_28,1,3,
19,3,19_3,3,19_3_3,29,19_3_3_29,3,1,
19,3,19_3,3,19_3_3,30,19_3_3_30,2,2,
19,3,19_3,3,19_3_3,31,19_3_3_31,1,3,
19,3,19_3,3,19_3_3,32,19_3_3_32,3,1,
19,3,19_3,3,19_3_3,33,19_3_3_33,1,3,
19,3,19_3,3,19_3_3,34,19_3_3_34,1,3,
19,3,19_3,3,19_3_3,35,19_3_3_35,2,2,
19,3,19_3,3,19_3_3,36,19_3_3_36,1,3,
19,3,19_3,3,19_3_3,37,19_3_3_37,1,3,
19,3,19_3,3,19_3_3,38,19_3_3_38,1,3,
19,3,19_3,3,19_3_3,39,19_3_3_39,1,3,
19,3,19_3,3,19_3_3,40,19_3_3_40,2,2,
19,3,19_3,3,19_3_3,41,19_3_3_41,2,2,
19,3,19_3,3,19_3_3,42,19_3_3_42,1,3,
19,3,19_3,3,19_3_3,43,19_3_3_43,1,3,
19,3,19_3,3,19_3_3,44,19_3_3_44,1,3,
19,3,19_3,3,19_3_3,45,19_3_3_45,1,3,
19,3,19_3,3,19_3_3,46,19_3_3_46,1,3,
19,3,19_3,3,19_3_3,47,19_3_3_47,1,3,
19,3,19_3,3,19_3_3,48,19_3_3_48,2,2,
19,3,19_3,3,19_3_3,49,19_3_3_49,1,3,
19,3,19_3,3,19_3_3,50,19_3_3_50,1,3,
19,3,19_3,3,19_3_3,51,19_3_3_51,1,3,
19,3,19_3,3,19_3_3,52,19_3_3_52,1,3,
19,3,19_3,3,19_3_3,53,19_3_3_53,2,2,
19,3,19_3,3,19_3_3,54,19_3_3_54,1,3,
19,3,19_3,3,19_3_3,55,19_3_3_55,1,3,
19,3,19_3,3,19_3_3,56,19_3_3_56,1,3,
19,3,19_3,3,19_3_3,57,19_3_3_57,1,3,
25,1,25_1,1,25_1_1,1,25_1_1_1,4,0,
25,1,25_1,1,25_1_1,2,25_1_1_2,3,1,
25,1,25_1,1,25_1_1,3,25_1_1_3,2,2,
25,1,25_1,1,25_1_1,4,25_1_1_4,2,2,
25,1,25_1,1,25_1_1,5,25_1_1_5,3,1,
25,1,25_1,1,25_1_1,6,25_1_1_6,2,2,
25,1,25_1,1,25_1_1,7,25_1_1_7,3,1,
25,1,25_1,1,25_1_1,8,25_1_1_8,3,1,
25,1,25_1,1,25_1_1,9,25_1_1_9,2,2,
25,1,25_1,1,25_1_1,10,25_1_1_10,2,2,
25,1,25_1,1,25_1_1,11,25_1_1_11,2,2,
25,1,25_1,1,25_1_1,12,25_1_1_12,2,2,
25,1,25_1,1,25_1_1,13,25_1_1_13,1,3,
25,1,25_1,1,25_1_1,14,25_1_1_14,1,3,
25,1,25_1,1,25_1_1,15,25_1_1_15,1,3,
25,1,25_1,1,25_1_1,16,25_1_1_16,1,3,
25,1,25_1,1,25_1_1,17,25_1_1_17,1,3,
25,1,25_1,1,25_1_1,18,25_1_1_18,1,3,
25,1,25_1,1,25_1_1,19,25_1_1_19,2,2,
25,1,25_1,1,25_1_1,20,25_1_1_20,1,3,
25,1,25_1,1,25_1_1,21,25_1_1_21,1,3,
25,1,25_1,1,25_1_1,22,25_1_1_22,1,3,
25,1,25_1,1,25_1_1,23,25_1_1_23,1,3,
25,1,25_1,1,25_1_1,24,25_1_1_24,1,3,
25,1,25_1,2,25_1_2,1,25_1_2_1,2,2,
25,1,25_1,2,25_1_2,2,25_1_2_2,2,2,
25,1,25_1,2,25_1_2,3,25_1_2_3,3,1,
25,1,25_1,2,25_1_2,4,25_1_2_4,1,3,
25,1,25_1,2,25_1_2,5,25_1_2_5,1,3,
25,1,25_1,2,25_1_2,6,25_1_2_6,1,3,
25,1,25_1,2,25_1_2,7,25_1_2_7,1,3,
25,1,25_1,2,25_1_2,8,25_1_2_8,1,3,
25,1,25_1,2,25_1_2,9,25_1_2_9,3,1,
25,1,25_1,2,25_1_2,10,25_1_2_10,2,2,
25,1,25_1,2,25_1_2,11,25_1_2_11,3,1,
25,1,25_1,2,25_1_2,12,25_1_2_12,1,3,
25,1,25_1,2,25_1_2,13,25_1_2_13,2,2,
25,1,25_1,2,25_1_2,14,25_1_2_14,2,2,
25,1,25_1,2,25_1_2,15,25_1_2_15,2,2,
25,1,25_1,2,25_1_2,16,25_1_2_16,1,3,
25,1,25_1,2,25_1_2,17,25_1_2_17,1,3,
25,1,25_1,2,25_1_2,18,25_1_2_18,2,2,
25,1,25_1,2,25_1_2,19,25_1_2_19,1,3,
25,1,25_1,2,25_1_2,20,25_1_2_20,1,3,
25,1,25_1,2,25_1_2,21,25_1_2_21,3,1,
25,1,25_1,2,25_1_2,22,25_1_2_22,3,1,
25,1,25_1,2,25_1_2,23,25_1_2_23,3,1,
25,1,25_1,2,25_1_2,24,25_1_2_24,3,1,
25,1,25_1,2,25_1_2,25,25_1_2_25,2,2,
25,1,25_1,2,25_1_2,26,25_1_2_26,1,3,
25,1,25_1,2,25_1_2,27,25_1_2_27,1,3,
25,1,25_1,2,25_1_2,28,25_1_2_28,2,2,
25,1,25_1,2,25_1_2,29,25_1_2_29,1,3,
25,1,25_1,2,25_1_2,30,25_1_2_30,2,2,
25,1,25_1,2,25_1_2,31,25_1_2_31,2,2,
25,1,25_1,2,25_1_2,32,25_1_2_32,1,3,
25,1,25_1,2,25_1_2,33,25_1_2_33,1,3,
25,1,25_1,2,25_1_2,34,25_1_2_34,1,3,
25,1,25_1,2,25_1_2,35,25_1_2_35,1,3,
25,1,25_1,2,25_1_2,36,25_1_2_36,1,3,
25,1,25_1,2,25_1_2,37,25_1_2_37,3,1,
25,1,25_1,2,25_1_2,38,25_1_2_38,2,2,
25,1,25_1,2,25_1_2,39,25_1_2_39,1,3,
25,1,25_1,2,25_1_2,40,25_1_2_40,2,2,
25,1,25_1,2,25_1_2,41,25_1_2_41,2,2,
25,1,25_1,2,25_1_2,42,25_1_2_42,1,3,
25,1,25_1,2,25_1_2,43,25_1_2_43,3,1,
25,1,25_1,2,25_1_2,44,25_1_2_44,2,2,
25,1,25_1,2,25_1_2,45,25_1_2_45,1,3,
25,1,25_1,2,25_1_2,46,25_1_2_46,3,1,
25,1,25_1,2,25_1_2,47,25_1_2_47,2,2,
25,1,25_1,2,25_1_2,48,25_1_2_48,2,2,
25,1,25_1,2,25_1_2,49,25_1_2_49,2,2,
25,1,25_1,2,25_1_2,50,25_1_2_50,1,3,
25,1,25_1,2,25_1_2,51,25_1_2_51,1,3,
25,1,25_1,2,25_1_2,52,25_1_2_52,3,1,
25,1,25_1,2,25_1_2,53,25_1_2_53,1,3,
25,1,25_1,2,25_1_2,54,25_1_2_54,3,1,
25,1,25_1,2,25_1_2,55,25_1_2_55,2,2,
25,1,25_1,2,25_1_2,56,25_1_2_56,2,2,
25,1,25_1,2,25_1_2,57,25_1_2_57,3,1,
25,1,25_1,2,25_1_2,58,25_1_2_58,1,3,
25,1,25_1,2,25_1_2,59,25_1_2_59,2,2,
25,1,25_1,2,25_1_2,60,25_1_2_60,1,3,
25,1,25_1,2,25_1_2,61,25_1_2_61,1,3,
25,1,25_1,2,25_1_2,62,25_1_2_62,1,3,
25,1,25_1,2,25_1_2,63,25_1_2_63,1,3,
25,1,25_1,2,25_1_2,64,25_1_2_64,2,2,
25,1,25_1,2,25_1_2,65,25_1_2_65,1,3,
25,1,25_1,2,25_1_2,66,25_1_2_66,1,3,
25,1,25_1,2,25_1_2,67,25_1_2_67,2,2,
25,1,25_1,2,25_1_2,68,25_1_2_68,1,3,
25,1,25_1,2,25_1_2,69,25_1_2_69,1,3,
25,1,25_1,2,25_1_2,70,25_1_2_70,1,3,
25,1,25_1,2,25_1_2,71,25_1_2_71,1,3,
25,1,25_1,2,25_1_2,72,25_1_2_72,1,3,
25,1,25_1,2,25_1_2,73,25_1_2_73,1,3,
25,1,25_1,2,25_1_2,74,25_1_2_74,1,3,
25,1,25_1,2,25_1_2,75,25_1_2_75,1,3,
25,1,25_1,2,25_1_2,76,25_1_2_76,2,2,
25,1,25_1,2,25_1_2,77,25_1_2_77,1,3,
25,1,25_1,2,25_1_2,78,25_1_2_78,1,3,
25,2,25_2,1,25_2_1,1,25_2_1_1,1,3,
25,2,25_2,1,25_2_1,2,25_2_1_2,2,2,
25,2,25_2,1,25_2_1,3,25_2_1_3,1,3,
25,2,25_2,1,25_2_1,4,25_2_1_4,1,3,
25,2,25_2,1,25_2_1,5,25_2_1_5,2,2,
25,2,25_2,2,25_2_2,1,25_2_2_1,1,3,
25,2,25_2,2,25_2_2,2,25_2_2_2,3,1,
25,2,25_2,2,25_2_2,3,25_2_2_3,2,2,
25,2,25_2,2,25_2_2,4,25_2_2_4,1,3,
25,2,25_2,2,25_2_2,5,25_2_2_5,1,3,
25,2,25_2,2,25_2_2,6,25_2_2_6,1,3,
25,2,25_2,2,25_2_2,7,25_2_2_7,1,3,
25,2,25_2,2,25_2_2,8,25_2_2_8,1,3,
25,2,25_2,2,25_2_2,9,25_2_2_9,1,3,
25,2,25_2,2,25_2_2,10,25_2_2_10,1,3,
25,2,25_2,2,25_2_2,11,25_2_2_11,2,2,
25,2,25_2,2,25_2_2,12,25_2_2_12,1,3,
25,2,25_2,2,25_2_2,13,25_2_2_13,3,1,
25,2,25_2,2,25_2_2,14,25_2_2_14,1,3,
25,2,25_2,2,25_2_2,15,25_2_2_15,2,2,
25,2,25_2,2,25_2_2,16,25_2_2_16,1,3,
25,2,25_2,2,25_2_2,17,25_2_2_17,3,1,
25,2,25_2,2,25_2_2,18,25_2_2_18,2,2,
25,2,25_2,2,25_2_2,19,25_2_2_19,3,1,
25,2,25_2,2,25_2_2,20,25_2_2_20,1,3,
25,2,25_2,2,25_2_2,21,25_2_2_21,1,3,
25,2,25_2,2,25_2_2,22,25_2_2_22,2,2,
25,2,25_2,2,25_2_2,23,25_2_2_23,1,3,
25,2,25_2,2,25_2_2,24,25_2_2_24,3,1,
25,2,25_2,2,25_2_2,25,25_2_2_25,1,3,
25,2,25_2,2,25_2_2,26,25_2_2_26,1,3,
25,2,25_2,2,25_2_2,27,25_2_2_27,1,3,
25,2,25_2,2,25_2_2,28,25_2_2_28,1,3,
25,2,25_2,2,25_2_2,29,25_2_2_29,1,3,
25,2,25_2,2,25_2_2,30,25_2_2_30,1,3,
25,2,25_2,2,25_2_2,31,25_2_2_31,3,1,
25,2,25_2,2,25_2_2,32,25_2_2_32,1,3,
25,2,25_2,2,25_2_2,33,25_2_2_33,3,1,
25,2,25_2,2,25_2_2,34,25_2_2_34,3,1,
25,2,25_2,2,25_2_2,35,25_2_2_35,3,1,
25,2,25_2,2,25_2_2,36,25_2_2_36,3,1,
25,2,25_2,2,25_2_2,37,25_2_2_37,4,0,
25,2,25_2,2,25_2_2,38,25_2_2_38,1,3,
25,2,25_2,2,25_2_2,39,25_2_2_39,1,3,
25,2,25_2,2,25_2_2,40,25_2_2_40,2,2,
25,2,25_2,2,25_2_2,41,25_2_2_41,2,2,
25,2,25_2,2,25_2_2,42,25_2_2_42,1,3,
25,2,25_2,2,25_2_2,43,25_2_2_43,1,3,
25,2,25_2,2,25_2_2,44,25_2_2_44,2,2,
25,2,25_2,2,25_2_2,45,25_2_2_45,1,3,
25,2,25_2,2,25_2_2,46,25_2_2_46,4,0,
25,2,25_2,2,25_2_2,47,25_2_2_47,1,3,
25,2,25_2,2,25_2_2,48,25_2_2_48,4,0,
25,2,25_2,2,25_2_2,49,25_2_2_49,1,3,
25,2,25_2,2,25_2_2,50,25_2_2_50,4,0,
25,2,25_2,2,25_2_2,51,25_2_2_51,4,0,
25,2,25_2,2,25_2_2,52,25_2_2_52,1,3,
25,2,25_2,2,25_2_2,53,25_2_2_53,1,3,
25,2,25_2,2,25_2_2,54,25_2_2_54,2,2,
25,2,25_2,2,25_2_2,55,25_2_2_55,1,3,
25,2,25_2,2,25_2_2,56,25_2_2_56,1,3,
25,2,25_2,2,25_2_2,57,25_2_2_57,2,2,
25,2,25_2,2,25_2_2,58,25_2_2_58,1,3,
25,2,25_2,2,25_2_2,59,25_2_2_59,1,3,
25,2,25_2,2,25_2_2,60,25_2_2_60,2,2,
25,2,25_2,2,25_2_2,61,25_2_2_61,1,3,
25,2,25_2,2,25_2_2,62,25_2_2_62,3,1,
25,2,25_2,2,25_2_2,63,25_2_2_63,2,2,
25,2,25_2,2,25_2_2,64,25_2_2_64,2,2,
25,2,25_2,2,25_2_2,65,25_2_2_65,3,1,
25,2,25_2,2,25_2_2,66,25_2_2_66,1,3,
25,2,25_2,2,25_2_2,67,25_2_2_67,3,1,
25,2,25_2,2,25_2_2,68,25_2_2_68,2,2,
25,2,25_2,2,25_2_2,69,25_2_2_69,4,0,
25,2,25_2,2,25_2_2,70,25_2_2_70,2,2,
25,2,25_2,2,25_2_2,71,25_2_2_71,1,3,
25,2,25_2,2,25_2_2,72,25_2_2_72,1,3,
25,2,25_2,2,25_2_2,73,25_2_2_73,3,1,
25,2,25_2,2,25_2_2,74,25_2_2_74,1,3,
25,2,25_2,2,25_2_2,75,25_2_2_75,4,0,
25,2,25_2,2,25_2_2,76,25_2_2_76,2,2,
25,2,25_2,2,25_2_2,77,25_2_2_77,1,3,
25,2,25_2,2,25_2_2,78,25_2_2_78,1,3,
25,2,25_2,2,25_2_2,79,25_2_2_79,2,2,
25,2,25_2,2,25_2_2,80,25_2_2_80,1,3,
25,2,25_2,2,25_2_2,81,25_2_2_81,2,2,
25,2,25_2,2,25_2_2,82,25_2_2_82,1,3,
25,2,25_2,2,25_2_2,83,25_2_2_83,1,3,
25,2,25_2,2,25_2_2,84,25_2_2_84,2,2,
25,2,25_2,2,25_2_2,85,25_2_2_85,3,1,
25,2,25_2,2,25_2_2,86,25_2_2_86,3,1,
25,2,25_2,2,25_2_2,87,25_2_2_87,1,3,
25,2,25_2,2,25_2_2,88,25_2_2_88,1,3,
25,2,25_2,2,25_2_2,89,25_2_2_89,2,2,
25,2,25_2,2,25_2_2,90,25_2_2_90,2,2,
25,2,25_2,2,25_2_2,91,25_2_2_91,3,1,
25,2,25_2,2,25_2_2,92,25_2_2_92,2,2,
25,2,25_2,2,25_2_2,93,25_2_2_93,1,3,
25,2,25_2,2,25_2_2,94,25_2_2_94,1,3,
25,2,25_2,2,25_2_2,95,25_2_2_95,2,2,
25,2,25_2,2,25_2_2,96,25_2_2_96,3,1,
25,2,25_2,2,25_2_2,97,25_2_2_97,3,1,
25,2,25_2,2,25_2_2,98,25_2_2_98,1,3,
25,2,25_2,2,25_2_2,99,25_2_2_99,1,3,
25,2,25_2,2,25_2_2,100,25_2_2_100,2,2,
25,3,25_3,1,25_3_1,1,25_3_1_1,1,3,
25,3,25_3,1,25_3_1,2,25_3_1_2,2,2,
25,3,25_3,1,25_3_1,3,25_3_1_3,2,2,
25,3,25_3,1,25_3_1,4,25_3_1_4,1,3,
25,3,25_3,1,25_3_1,5,25_3_1_5,1,3,
25,3,25_3,1,25_3_1,6,25_3_1_6,1,3,
25,3,25_3,1,25_3_1,7,25_3_1_7,1,3,
25,3,25_3,1,25_3_1,8,25_3_1_8,2,2,
25,3,25_3,1,25_3_1,9,25_3_1_9,2,2,
25,3,25_3,1,25_3_1,10,25_3_1_10,3,1,
25,3,25_3,1,25_3_1,11,25_3_1_11,2,2,
25,3,25_3,1,25_3_1,12,25_3_1_12,1,3,
25,3,25_3,1,25_3_1,13,25_3_1_13,1,3,
25,3,25_3,1,25_3_1,14,25_3_1_14,1,3,
25,3,25_3,1,25_3_1,15,25_3_1_15,1,3,
25,3,25_3,1,25_3_1,16,25_3_1_16,1,3,
25,3,25_3,1,25_3_1,17,25_3_1_17,1,3,
25,3,25_3,1,25_3_1,18,25_3_1_18,2,2,
25,3,25_3,2,25_3_2,1,25_3_2_1,3,1,
25,3,25_3,2,25_3_2,2,25_3_2_2,3,1,
25,3,25_3,2,25_3_2,3,25_3_2_3,2,2,
25,3,25_3,2,25_3_2,4,25_3_2_4,1,3,
25,3,25_3,2,25_3_2,5,25_3_2_5,1,3,
25,3,25_3,2,25_3_2,6,25_3_2_6,3,1,
25,3,25_3,2,25_3_2,7,25_3_2_7,1,3,
25,3,25_3,2,25_3_2,8,25_3_2_8,2,2,
25,3,25_3,2,25_3_2,9,25_3_2_9,2,2,
25,3,25_3,2,25_3_2,10,25_3_2_10,1,3,
25,3,25_3,2,25_3_2,11,25_3_2_11,1,3,
25,3,25_3,2,25_3_2,12,25_3_2_12,1,3,
25,3,25_3,2,25_3_2,13,25_3_2_13,2,2,
25,3,25_3,2,25_3_2,14,25_3_2_14,1,3,
25,3,25_3,3,25_3_3,1,25_3_3_1,3,1,
25,3,25_3,3,25_3_3,2,25_3_3_2,1,3,
25,3,25_3,3,25_3_3,3,25_3_3_3,2,2,
25,3,25_3,3,25_3_3,4,25_3_3_4,1,3,
25,3,25_3,3,25_3_3,5,25_3_3_5,1,3,
25,3,25_3,3,25_3_3,6,25_3_3_6,2,2,
25,3,25_3,3,25_3_3,7,25_3_3_7,2,2,
25,3,25_3,3,25_3_3,8,25_3_3_8,2,2,
25,3,25_3,4,25_3_4,1,25_3_4_1,1,3,
25,3,25_3,4,25_3_4,2,25_3_4_2,2,2,
25,3,25_3,4,25_3_4,3,25_3_4_3,1,3,
25,3,25_3,4,25_3_4,4,25_3_4_4,1,3,
25,3,25_3,4,25_3_4,5,25_3_4_5,1,3,
25,3,25_3,4,25_3_4,6,25_3_4_6,1,3,
25,3,25_3,4,25_3_4,7,25_3_4_7,1,3,
25,3,25_3,4,25_3_4,8,25_3_4_8,1,3,
25,3,25_3,4,25_3_4,9,25_3_4_9,1,3,
25,3,25_3,4,25_3_4,10,25_3_4_10,1,3,
25,3,25_3,4,25_3_4,11,25_3_4_11,2,2,
25,3,25_3,4,25_3_4,12,25_3_4_12,1,3,
25,3,25_3,4,25_3_4,13,25_3_4_13,1,3,
25,3,25_3,4,25_3_4,14,25_3_4_14,1,3,
25,3,25_3,4,25_3_4,15,25_3_4_15,1,3,
25,3,25_3,4,25_3_4,16,25_3_4_16,1,3,
25,3,25_3,4,25_3_4,17,25_3_4_17,3,1,
25,3,25_3,4,25_3_4,18,25_3_4_18,1,3,
25,3,25_3,4,25_3_4,19,25_3_4_19,1,3,
25,3,25_3,4,25_3_4,20,25_3_4_20,1,3,
25,3,25_3,4,25_3_4,21,25_3_4_21,2,2,
25,3,25_3,4,25_3_4,22,25_3_4_22,2,2,
25,3,25_3,4,25_3_4,23,25_3_4_23,2,2,
25,3,25_3,4,25_3_4,24,25_3_4_24,1,3,
25,3,25_3,4,25_3_4,25,25_3_4_25,1,3,
25,3,25_3,4,25_3_4,26,25_3_4_26,1,3,
25,3,25_3,4,25_3_4,27,25_3_4_27,1,3,
25,3,25_3,4,25_3_4,28,25_3_4_28,1,3,
25,3,25_3,4,25_3_4,29,25_3_4_29,1,3,
25,3,25_3,4,25_3_4,30,25_3_4_30,3,1,
25,3,25_3,4,25_3_4,31,25_3_4_31,1,3,
25,3,25_3,4,25_3_4,32,25_3_4_32,1,3,
25,3,25_3,4,25_3_4,33,25_3_4_33,1,3,
25,3,25_3,4,25_3_4,34,25_3_4_34,1,3,
25,3,25_3,4,25_3_4,35,25_3_4_35,1,3,
27,1,27_1,1,27_1_1,1,27_1_1_1,1,3,
27,1,27_1,1,27_1_1,2,27_1_1_2,1,3,
27,1,27_1,1,27_1_1,3,27_1_1_3,1,3,
27,1,27_1,1,27_1_1,4,27_1_1_4,2,2,
27,1,27_1,2,27_1_2,1,27_1_2_1,2,2,
27,2,27_2,1,27_2_1,1,27_2_1_1,1,3,
27,2,27_2,1,27_2_1,2,27_2_1_2,1,3,
27,2,27_2,1,27_2_1,3,27_2_1_3,1,3,
27,2,27_2,1,27_2_1,4,27_2_1_4,1,3,
27,3,27_3,1,27_3_1,1,27_3_1_1,2,2,
27,3,27_3,1,27_3_1,2,27_3_1_2,3,1,
27,3,27_3,1,27_3_1,3,27_3_1_3,2,2,
27,3,27_3,1,27_3_1,4,27_3_1_4,1,3,
27,3,27_3,1,27_3_1,5,27_3_1_5,2,2,
27,3,27_3,1,27_3_1,6,27_3_1_6,2,2,
27,3,27_3,1,27_3_1,7,27_3_1_7,3,1,
27,3,27_3,1,27_3_1,8,27_3_1_8,3,1,
27,3,27_3,1,27_3_1,9,27_3_1_9,2,2,
27,3,27_3,1,27_3_1,10,27_3_1_10,2,2,
27,3,27_3,1,27_3_1,11,27_3_1_11,1,3,
27,3,27_3,1,27_3_1,12,27_3_1_12,1,3,
27,3,27_3,1,27_3_1,13,27_3_1_13,3,1,
27,3,27_3,1,27_3_1,14,27_3_1_14,2,2,
27,3,27_3,1,27_3_1,15,27_3_1_15,1,3,
27,3,27_3,1,27_3_1,16,27_3_1_16,1,3,
27,3,27_3,1,27_3_1,17,27_3_1_17,2,2,
27,3,27_3,1,27_3_1,18,27_3_1_18,1,3,
27,3,27_3,1,27_3_1,19,27_3_1_19,1,3,
27,3,27_3,1,27_3_1,20,27_3_1_20,1,3,
27,3,27_3,1,27_3_1,21,27_3_1_21,1,3,
27,3,27_3,1,27_3_1,22,27_3_1_22,2,2,
27,3,27_3,1,27_3_1,23,27_3_1_23,2,2,
27,3,27_3,1,27_3_1,24,27_3_1_24,1,3,
27,3,27_3,1,27_3_1,25,27_3_1_25,3,1,
27,3,27_3,2,27_3_2,1,27_3_2_1,1,3,
27,3,27_3,2,27_3_2,2,27_3_2_2,1,3,
27,3,27_3,2,27_3_2,3,27_3_2_3,1,3,
27,3,27_3,2,27_3_2,4,27_3_2_4,1,3,
27,3,27_3,2,27_3_2,5,27_3_2_5,1,3,
27,3,27_3,2,27_3_2,6,27_3_2_6,1,3,
27,3,27_3,3,27_3_3,1,27_3_3_1,1,3,
27,3,27_3,3,27_3_3,2,27_3_3_2,1,3,
28,1,28_1,1,28_1_1,2,28_1_1_2,1,3,
28,1,28_1,1,28_1_1,3,28_1_1_3,1,3,
28,1,28_1,1,28_1_1,4,28_1_1_4,1,3,
28,1,28_1,1,28_1_1,5,28_1_1_5,2,2,
28,1,28_1,1,28_1_1,6,28_1_1_6,1,3,
28,1,28_1,1,28_1_1,7,28_1_1_7,1,3,
28,1,28_1,1,28_1_1,8,28_1_1_8,4,0,
28,1,28_1,1,28_1_1,9,28_1_1_9,1,3,
28,1,28_1,1,28_1_1,10,28_1_1_10,2,2,
28,1,28_1,1,28_1_1,11,28_1_1_11,1,3,
28,1,28_1,1,28_1_1,12,28_1_1_12,3,1,
28,1,28_1,1,28_1_1,13,28_1_1_13,1,3,
28,1,28_1,1,28_1_1,14,28_1_1_14,2,2,
28,1,28_1,1,28_1_1,15,28_1_1_15,2,2,
28,1,28_1,1,28_1_1,16,28_1_1_16,2,2,
28,1,28_1,1,28_1_1,17,28_1_1_17,1,3,
28,1,28_1,1,28_1_1,18,28_1_1_18,2,2,
28,1,28_1,1,28_1_1,19,28_1_1_19,2,2,
28,1,28_1,1,28_1_1,20,28_1_1_20,1,3,
28,1,28_1,1,28_1_1,21,28_1_1_21,1,3,
28,1,28_1,1,28_1_1,22,28_1_1_22,2,2,
28,1,28_1,1,28_1_1,23,28_1_1_23,2,2,
28,1,28_1,1,28_1_1,24,28_1_1_24,4,0,
28,1,28_1,1,28_1_1,25,28_1_1_25,2,2,
28,1,28_1,1,28_1_1,26,28_1_1_26,3,1,
28,1,28_1,1,28_1_1,27,28_1_1_27,3,1,
28,1,28_1,1,28_1_1,28,28_1_1_28,3,1,
28,1,28_1,1,28_1_1,29,28_1_1_29,2,2,
28,1,28_1,1,28_1_1,30,28_1_1_30,2,2,
28,1,28_1,1,28_1_1,31,28_1_1_31,1,3,
28,1,28_1,1,28_1_1,32,28_1_1_32,1,3,
28,1,28_1,1,28_1_1,33,28_1_1_33,2,2,
28,1,28_1,1,28_1_1,34,28_1_1_34,1,3,
28,1,28_1,1,28_1_1,35,28_1_1_35,2,2,
28,1,28_1,1,28_1_1,36,28_1_1_36,2,2,
28,1,28_1,1,28_1_1,37,28_1_1_37,4,0,
28,1,28_1,1,28_1_1,38,28_1_1_38,2,2,
28,1,28_1,1,28_1_1,39,28_1_1_39,3,1,
28,1,28_1,1,28_1_1,40,28_1_1_40,1,3,
28,1,28_1,1,28_1_1,41,28_1_1_41,2,2,
28,1,28_1,1,28_1_1,42,28_1_1_42,1,3,
28,1,28_1,1,28_1_1,43,28_1_1_43,2,2,
28,1,28_1,1,28_1_1,44,28_1_1_44,3,1,
28,1,28_1,1,28_1_1,45,28_1_1_45,3,1,
28,1,28_1,1,28_1_1,46,28_1_1_46,1,3,
28,1,28_1,1,28_1_1,47,28_1_1_47,2,2,
28,1,28_1,1,28_1_1,48,28_1_1_48,2,2,
28,1,28_1,1,28_1_1,49,28_1_1_49,3,1,
28,1,28_1,1,28_1_1,50,28_1_1_50,2,2,
28,1,28_1,1,28_1_1,51,28_1_1_51,2,2,
28,1,28_1,1,28_1_1,52,28_1_1_52,1,3,
28,1,28_1,1,28_1_1,53,28_1_1_53,4,0,
28,1,28_1,1,28_1_1,54,28_1_1_54,3,1,
28,1,28_1,1,28_1_1,55,28_1_1_55,1,3,
28,1,28_1,1,28_1_1,56,28_1_1_56,2,2,
28,1,28_1,1,28_1_1,57,28_1_1_57,2,2,
28,1,28_1,1,28_1_1,58,28_1_1_58,1,3,
28,1,28_1,1,28_1_1,59,28_1_1_59,2,2,
28,1,28_1,1,28_1_1,60,28_1_1_60,1,3,
28,1,28_1,1,28_1_1,61,28_1_1_61,2,2,
28,1,28_1,1,28_1_1,62,28_1_1_62,4,0,
28,1,28_1,1,28_1_1,63,28_1_1_63,1,3,
28,1,28_1,1,28_1_1,64,28_1_1_64,2,2,
28,1,28_1,1,28_1_1,65,28_1_1_65,2,2,
28,1,28_1,1,28_1_1,66,28_1_1_66,2,2,
28,1,28_1,1,28_1_1,67,28_1_1_67,4,0,
28,1,28_1,1,28_1_1,68,28_1_1_68,3,1,
28,1,28_1,1,28_1_1,69,28_1_1_69,2,2,
28,1,28_1,1,28_1_1,70,28_1_1_70,3,1,
28,1,28_1,1,28_1_1,71,28_1_1_71,1,3,
28,1,28_1,1,28_1_1,72,28_1_1_72,2,2,
28,1,28_1,1,28_1_1,73,28_1_1_73,4,0,
28,1,28_1,1,28_1_1,74,28_1_1_74,2,2,
28,1,28_1,1,28_1_1,75,28_1_1_75,2,2,
28,1,28_1,1,28_1_1,76,28_1_1_76,1,3,
28,1,28_1,1,28_1_1,77,28_1_1_77,1,3,
28,1,28_1,1,28_1_1,78,28_1_1_78,1,3,
28,1,28_1,1,28_1_1,79,28_1_1_79,4,0,
28,1,28_1,1,28_1_1,80,28_1_1_80,2,2,
28,1,28_1,1,28_1_1,81,28_1_1_81,2,2,
28,1,28_1,1,28_1_1,82,28_1_1_82,2,2,
28,1,28_1,1,28_1_1,83,28_1_1_83,2,2,
28,1,28_1,1,28_1_1,84,28_1_1_84,2,2,
28,1,28_1,1,28_1_1,85,28_1_1_85,2,2,
28,1,28_1,1,28_1_1,86,28_1_1_86,1,3,
28,1,28_1,1,28_1_1,87,28_1_1_87,4,0,
28,1,28_1,1,28_1_1,88,28_1_1_88,1,3,
28,1,28_1,1,28_1_1,89,28_1_1_89,1,3,
28,1,28_1,1,28_1_1,90,28_1_1_90,2,2,
28,1,28_1,1,28_1_1,91,28_1_1_91,1,3,
28,1,28_1,1,28_1_1,92,28_1_1_92,1,3,
28,1,28_1,1,28_1_1,93,28_1_1_93,1,3,
28,1,28_1,1,28_1_1,94,28_1_1_94,1,3,
28,1,28_1,1,28_1_1,95,28_1_1_95,1,3,
28,1,28_1,1,28_1_1,96,28_1_1_96,4,0,
28,1,28_1,1,28_1_1,97,28_1_1_97,3,1,
28,1,28_1,1,28_1_1,98,28_1_1_98,1,3,
28,2,28_2,1,28_2_1,1,28_2_1_1,1,3,
28,2,28_2,1,28_2_1,2,28_2_1_2,1,3,
28,2,28_2,1,28_2_1,3,28_2_1_3,1,3,
28,2,28_2,1,28_2_1,4,28_2_1_4,1,3,
28,2,28_2,1,28_2_1,5,28_2_1_5,1,3,
28,2,28_2,1,28_2_1,6,28_2_1_6,1,3,
28,2,28_2,1,28_2_1,7,28_2_1_7,3,1,
28,2,28_2,1,28_2_1,8,28_2_1_8,1,3,
28,2,28_2,1,28_2_1,9,28_2_1_9,2,2,
28,2,28_2,1,28_2_1,10,28_2_1_10,1,3,
28,2,28_2,1,28_2_1,11,28_2_1_11,2,2,
28,2,28_2,1,28_2_1,12,28_2_1_12,3,1,
28,2,28_2,1,28_2_1,13,28_2_1_13,3,1,
28,2,28_2,1,28_2_1,14,28_2_1_14,1,3,
28,2,28_2,1,28_2_1,15,28_2_1_15,2,2,
28,2,28_2,1,28_2_1,16,28_2_1_16,1,3,
28,2,28_2,1,28_2_1,17,28_2_1_17,1,3,
28,2,28_2,1,28_2_1,18,28_2_1_18,1,3,
28,2,28_2,1,28_2_1,19,28_2_1_19,3,1,
28,2,28_2,1,28_2_1,20,28_2_1_20,3,1,
28,2,28_2,1,28_2_1,21,28_2_1_21,4,0,
28,2,28_2,1,28_2_1,22,28_2_1_22,4,0,
28,2,28_2,1,28_2_1,23,28_2_1_23,3,1,
28,2,28_2,1,28_2_1,24,28_2_1_24,2,2,
28,2,28_2,1,28_2_1,25,28_2_1_25,4,0,
28,2,28_2,1,28_2_1,26,28_2_1_26,2,2,
28,2,28_2,1,28_2_1,27,28_2_1_27,1,3,
28,2,28_2,1,28_2_1,28,28_2_1_28,1,3,
28,2,28_2,1,28_2_1,29,28_2_1_29,2,2,
28,2,28_2,1,28_2_1,30,28_2_1_30,1,3,
28,2,28_2,1,28_2_1,31,28_2_1_31,2,2,
28,2,28_2,1,28_2_1,32,28_2_1_32,1,3,
28,2,28_2,1,28_2_1,33,28_2_1_33,1,3,
28,2,28_2,1,28_2_1,34,28_2_1_34,1,3,
28,2,28_2,1,28_2_1,35,28_2_1_35,3,1,
28,2,28_2,1,28_2_1,36,28_2_1_36,1,3,
28,2,28_2,1,28_2_1,37,28_2_1_37,3,1,
28,2,28_2,1,28_2_1,38,28_2_1_38,1,3,
28,2,28_2,1,28_2_1,39,28_2_1_39,2,2,
28,2,28_2,1,28_2_1,40,28_2_1_40,1,3,
28,2,28_2,1,28_2_1,41,28_2_1_41,2,2,
28,2,28_2,1,28_2_1,42,28_2_1_42,2,2,
28,2,28_2,1,28_2_1,43,28_2_1_43,1,3,
28,2,28_2,1,28_2_1,44,28_2_1_44,1,3,
28,2,28_2,1,28_2_1,45,28_2_1_45,1,3,
28,2,28_2,1,28_2_1,46,28_2_1_46,1,3,
28,2,28_2,2,28_2_2,1,28_2_2_1,2,2,
28,2,28_2,2,28_2_2,2,28_2_2_2,4,0,
28,2,28_2,2,28_2_2,3,28_2_2_3,1,3,
28,2,28_2,2,28_2_2,4,28_2_2_4,2,2,
28,2,28_2,2,28_2_2,5,28_2_2_5,2,2,
28,2,28_2,2,28_2_2,6,28_2_2_6,2,2,
28,2,28_2,2,28_2_2,7,28_2_2_7,2,2,
28,2,28_2,2,28_2_2,8,28_2_2_8,3,1,
28,2,28_2,2,28_2_2,9,28_2_2_9,2,2,
28,2,28_2,2,28_2_2,10,28_2_2_10,3,1,
28,2,28_2,2,28_2_2,11,28_2_2_11,1,3,
28,2,28_2,2,28_2_2,12,28_2_2_12,2,2,
28,2,28_2,2,28_2_2,13,28_2_2_13,1,3,
28,2,28_2,2,28_2_2,14,28_2_2_14,1,3,
28,2,28_2,2,28_2_2,15,28_2_2_15,1,3,
28,3,28_3,1,28_3_1,1,28_3_1_1,1,3,
28,3,28_3,1,28_3_1,2,28_3_1_2,3,1,
28,3,28_3,1,28_3_1,3,28_3_1_3,1,3,
28,3,28_3,1,28_3_1,4,28_3_1_4,1,3,
28,3,28_3,1,28_3_1,5,28_3_1_5,1,3,
28,3,28_3,1,28_3_1,6,28_3_1_6,2,2,
28,3,28_3,1,28_3_1,7,28_3_1_7,2,2,
28,3,28_3,1,28_3_1,8,28_3_1_8,4,0,
28,3,28_3,1,28_3_1,9,28_3_1_9,1,3,
28,3,28_3,1,28_3_1,10,28_3_1_10,1,3,
28,3,28_3,1,28_3_1,11,28_3_1_11,1,3,
28,3,28_3,1,28_3_1,12,28_3_1_12,4,0,
28,3,28_3,1,28_3_1,13,28_3_1_13,2,2,
28,3,28_3,1,28_3_1,14,28_3_1_14,2,2,
28,3,28_3,1,28_3_1,15,28_3_1_15,1,3,
28,3,28_3,1,28_3_1,16,28_3_1_16,2,2,
28,3,28_3,1,28_3_1,17,28_3_1_17,1,3,
28,3,28_3,1,28_3_1,18,28_3_1_18,2,2,
28,3,28_3,1,28_3_1,19,28_3_1_19,1,3,
28,3,28_3,1,28_3_1,20,28_3_1_20,4,0,
28,3,28_3,1,28_3_1,21,28_3_1_21,1,3,
28,3,28_3,1,28_3_1,22,28_3_1_22,1,3,
28,3,28_3,1,28_3_1,23,28_3_1_23,2,2,
28,3,28_3,1,28_3_1,24,28_3_1_24,1,3,
28,3,28_3,1,28_3_1,25,28_3_1_25,2,2,
28,3,28_3,1,28_3_1,26,28_3_1_26,1,3,
28,3,28_3,1,28_3_1,27,28_3_1_27,1,3,
28,3,28_3,1,28_3_1,28,28_3_1_28,1,3,
28,3,28_3,1,28_3_1,29,28_3_1_29,1,3,
28,3,28_3,1,28_3_1,30,28_3_1_30,2,2,
28,3,28_3,1,28_3_1,31,28_3_1_31,1,3,
28,3,28_3,1,28_3_1,32,28_3_1_32,1,3,
28,3,28_3,1,28_3_1,33,28_3_1_33,1,3,
28,3,28_3,1,28_3_1,34,28_3_1_34,1,3,
28,3,28_3,1,28_3_1,35,28_3_1_35,4,0,
28,3,28_3,1,28_3_1,36,28_3_1_36,1,3,
28,3,28_3,1,28_3_1,37,28_3_1_37,3,1,
28,3,28_3,1,28_3_1,38,28_3_1_38,2,2,
28,3,28_3,1,28_3_1,39,28_3_1_39,1,3,
28,3,28_3,1,28_3_1,40,28_3_1_40,3,1,
28,3,28_3,1,28_3_1,41,28_3_1_41,1,3,
28,3,28_3,1,28_3_1,42,28_3_1_42,2,2,
28,3,28_3,1,28_3_1,43,28_3_1_43,1,3,
28,3,28_3,1,28_3_1,44,28_3_1_44,1,3,
28,3,28_3,1,28_3_1,45,28_3_1_45,1,3,
28,3,28_3,1,28_3_1,46,28_3_1_46,1,3,
28,3,28_3,1,28_3_1,47,28_3_1_47,1,3,
28,3,28_3,1,28_3_1,48,28_3_1_48,1,3,
28,3,28_3,1,28_3_1,49,28_3_1_49,1,3,
28,3,28_3,1,28_3_1,50,28_3_1_50,1,3,
28,3,28_3,1,28_3_1,51,28_3_1_51,1,3,
28,3,28_3,1,28_3_1,52,28_3_1_52,1,3,
28,3,28_3,1,28_3_1,53,28_3_1_53,2,2,
28,3,28_3,1,28_3_1,54,28_3_1_54,1,3,
28,3,28_3,1,28_3_1,55,28_3_1_55,1,3,
28,3,28_3,1,28_3_1,56,28_3_1_56,3,1,
28,3,28_3,1,28_3_1,57,28_3_1_57,3,1,
28,3,28_3,1,28_3_1,58,28_3_1_58,2,2,
28,3,28_3,1,28_3_1,59,28_3_1_59,1,3,
28,3,28_3,1,28_3_1,60,28_3_1_60,2,2,
28,3,28_3,1,28_3_1,61,28_3_1_61,1,3,
28,3,28_3,1,28_3_1,62,28_3_1_62,4,0,
28,3,28_3,1,28_3_1,63,28_3_1_63,1,3,
28,3,28_3,1,28_3_1,64,28_3_1_64,1,3,
28,3,28_3,1,28_3_1,65,28_3_1_65,1,3,
28,3,28_3,1,28_3_1,66,28_3_1_66,1,3,
28,3,28_3,1,28_3_1,67,28_3_1_67,1,3,
28,3,28_3,1,28_3_1,68,28_3_1_68,2,2,
28,3,28_3,1,28_3_1,69,28_3_1_69,1,3,
28,3,28_3,1,28_3_1,70,28_3_1_70,2,2,
28,3,28_3,1,28_3_1,71,28_3_1_71,2,2,
28,3,28_3,1,28_3_1,72,28_3_1_72,1,3,
28,3,28_3,1,28_3_1,73,28_3_1_73,2,2,
28,3,28_3,1,28_3_1,74,28_3_1_74,1,3,
28,3,28_3,1,28_3_1,75,28_3_1_75,1,3,
28,3,28_3,1,28_3_1,76,28_3_1_76,1,3,
28,3,28_3,1,28_3_1,77,28_3_1_77,1,3,
28,3,28_3,1,28_3_1,78,28_3_1_78,2,2,
28,3,28_3,1,28_3_1,79,28_3_1_79,3,1,
28,3,28_3,1,28_3_1,80,28_3_1_80,2,2,
28,3,28_3,1,28_3_1,81,28_3_1_81,3,1,
28,3,28_3,1,28_3_1,82,28_3_1_82,2,2,
28,3,28_3,1,28_3_1,83,28_3_1_83,3,1,
28,3,28_3,1,28_3_1,84,28_3_1_84,1,3,
28,3,28_3,1,28_3_1,85,28_3_1_85,2,2,
28,3,28_3,1,28_3_1,86,28_3_1_86,3,1,
28,3,28_3,1,28_3_1,87,28_3_1_87,2,2,
28,3,28_3,1,28_3_1,88,28_3_1_88,1,3,
28,3,28_3,1,28_3_1,89,28_3_1_89,1,3,
28,3,28_3,1,28_3_1,90,28_3_1_90,2,2,
28,3,28_3,1,28_3_1,91,28_3_1_91,2,2,
28,3,28_3,1,28_3_1,92,28_3_1_92,1,3,
28,3,28_3,1,28_3_1,93,28_3_1_93,2,2,
28,3,28_3,1,28_3_1,94,28_3_1_94,3,1,
28,3,28_3,1,28_3_1,95,28_3_1_95,3,1,
28,3,28_3,1,28_3_1,96,28_3_1_96,3,1,
28,3,28_3,1,28_3_1,97,28_3_1_97,2,2,
28,3,28_3,1,28_3_1,98,28_3_1_98,2,2,
28,3,28_3,1,28_3_1,99,28_3_1_99,2,2,
28,3,28_3,1,28_3_1,100,28_3_1_100,2,2,
28,3,28_3,1,28_3_1,101,28_3_1_101,3,1,
28,3,28_3,1,28_3_1,102,28_3_1_102,1,3,
28,3,28_3,1,28_3_1,103,28_3_1_103,4,0,
28,3,28_3,1,28_3_1,104,28_3_1_104,1,3,
28,3,28_3,1,28_3_1,105,28_3_1_105,1,3,
28,3,28_3,1,28_3_1,106,28_3_1_106,1,3,
28,3,28_3,1,28_3_1,107,28_3_1_107,2,2,
28,3,28_3,1,28_3_1,108,28_3_1_108,1,3,
28,3,28_3,1,28_3_1,109,28_3_1_109,2,2,
28,3,28_3,1,28_3_1,110,28_3_1_110,2,2,
28,3,28_3,1,28_3_1,111,28_3_1_111,1,3,
28,3,28_3,1,28_3_1,112,28_3_1_112,2,2,
28,3,28_3,1,28_3_1,113,28_3_1_113,2,2,
28,3,28_3,1,28_3_1,114,28_3_1_114,2,2,
28,3,28_3,1,28_3_1,115,28_3_1_115,1,3,
28,3,28_3,1,28_3_1,116,28_3_1_116,1,3,
28,3,28_3,1,28_3_1,117,28_3_1_117,2,2,
28,3,28_3,1,28_3_1,118,28_3_1_118,2,2,
28,3,28_3,1,28_3_1,119,28_3_1_119,2,2,
28,3,28_3,1,28_3_1,120,28_3_1_120,1,3,
28,3,28_3,1,28_3_1,121,28_3_1_121,1,3,
28,3,28_3,1,28_3_1,122,28_3_1_122,4,0,
28,3,28_3,1,28_3_1,123,28_3_1_123,2,2,
28,3,28_3,1,28_3_1,124,28_3_1_124,3,1,
28,3,28_3,1,28_3_1,125,28_3_1_125,1,3,
28,3,28_3,1,28_3_1,126,28_3_1_126,2,2,
28,3,28_3,1,28_3_1,127,28_3_1_127,1,3,
28,3,28_3,1,28_3_1,128,28_3_1_128,1,3,
28,3,28_3,1,28_3_1,129,28_3_1_129,1,3,
28,3,28_3,1,28_3_1,130,28_3_1_130,1,3,
28,3,28_3,1,28_3_1,131,28_3_1_131,1,3,
28,3,28_3,1,28_3_1,132,28_3_1_132,1,3,
28,3,28_3,1,28_3_1,133,28_3_1_133,1,3,
28,3,28_3,1,28_3_1,134,28_3_1_134,2,2,
28,3,28_3,1,28_3_1,135,28_3_1_135,2,2,
28,3,28_3,1,28_3_1,136,28_3_1_136,1,3,
28,3,28_3,1,28_3_1,137,28_3_1_137,1,3,
28,3,28_3,1,28_3_1,138,28_3_1_138,2,2,
28,3,28_3,1,28_3_1,139,28_3_1_139,2,2,
28,3,28_3,1,28_3_1,140,28_3_1_140,1,3,
28,3,28_3,1,28_3_1,141,28_3_1_141,1,3,
28,3,28_3,2,28_3_2,1,28_3_2_1,1,3,
28,3,28_3,2,28_3_2,2,28_3_2_2,1,3,
28,3,28_3,2,28_3_2,3,28_3_2_3,2,2,
28,3,28_3,2,28_3_2,4,28_3_2_4,1,3,
28,3,28_3,2,28_3_2,5,28_3_2_5,3,1,
28,3,28_3,2,28_3_2,6,28_3_2_6,2,2,
28,3,28_3,2,28_3_2,7,28_3_2_7,3,1,
28,3,28_3,2,28_3_2,8,28_3_2_8,2,2,
28,3,28_3,2,28_3_2,9,28_3_2_9,3,1,
28,3,28_3,2,28_3_2,10,28_3_2_10,2,2,
28,3,28_3,2,28_3_2,11,28_3_2_11,1,3,
28,3,28_3,2,28_3_2,12,28_3_2_12,1,3,
28,3,28_3,2,28_3_2,13,28_3_2_13,1,3,
28,3,28_3,2,28_3_2,14,28_3_2_14,2,2,
28,3,28_3,2,28_3_2,15,28_3_2_15,1,3,
28,3,28_3,2,28_3_2,16,28_3_2_16,2,2,
28,3,28_3,2,28_3_2,17,28_3_2_17,2,2,
28,3,28_3,2,28_3_2,18,28_3_2_18,1,3,
28,3,28_3,2,28_3_2,19,28_3_2_19,2,2,
28,3,28_3,2,28_3_2,20,28_3_2_20,2,2,
28,3,28_3,2,28_3_2,21,28_3_2_21,1,3,
28,3,28_3,2,28_3_2,22,28_3_2_22,1,3,
28,3,28_3,2,28_3_2,23,28_3_2_23,1,3,
28,3,28_3,2,28_3_2,24,28_3_2_24,2,2,
28,3,28_3,2,28_3_2,25,28_3_2_25,3,1,
28,3,28_3,2,28_3_2,26,28_3_2_26,1,3,
28,3,28_3,2,28_3_2,27,28_3_2_27,1,3,
28,3,28_3,2,28_3_2,28,28_3_2_28,2,2,
28,3,28_3,2,28_3_2,29,28_3_2_29,1,3,
28,3,28_3,2,28_3_2,30,28_3_2_30,2,2,
28,3,28_3,2,28_3_2,31,28_3_2_31,2,2,
28,3,28_3,2,28_3_2,32,28_3_2_32,3,1,
28,3,28_3,2,28_3_2,33,28_3_2_33,1,3,
28,3,28_3,2,28_3_2,34,28_3_2_34,2,2,
28,3,28_3,2,28_3_2,35,28_3_2_35,1,3,
28,3,28_3,2,28_3_2,36,28_3_2_36,2,2,
28,3,28_3,2,28_3_2,37,28_3_2_37,1,3,
28,3,28_3,2,28_3_2,38,28_3_2_38,1,3,
28,3,28_3,2,28_3_2,39,28_3_2_39,1,3,
28,3,28_3,2,28_3_2,40,28_3_2_40,1,3,
28,3,28_3,2,28_3_2,41,28_3_2_41,1,3,
28,3,28_3,2,28_3_2,42,28_3_2_42,3,1,
28,3,28_3,2,28_3_2,43,28_3_2_43,1,3,
28,3,28_3,2,28_3_2,44,28_3_2_44,1,3,
28,3,28_3,2,28_3_2,45,28_3_2_45,1,3,
28,3,28_3,2,28_3_2,46,28_3_2_46,1,3,
28,3,28_3,2,28_3_2,47,28_3_2_47,2,2,
28,3,28_3,2,28_3_2,48,28_3_2_48,2,2,
28,3,28_3,2,28_3_2,49,28_3_2_49,2,2,
28,3,28_3,2,28_3_2,50,28_3_2_50,1,3,
28,3,28_3,2,28_3_2,51,28_3_2_51,1,3,
28,3,28_3,2,28_3_2,52,28_3_2_52,3,1,
28,3,28_3,2,28_3_2,53,28_3_2_53,1,3,
28,3,28_3,2,28_3_2,54,28_3_2_54,2,2,
28,3,28_3,2,28_3_2,55,28_3_2_55,4,0,
28,3,28_3,2,28_3_2,56,28_3_2_56,2,2,
28,3,28_3,2,28_3_2,57,28_3_2_57,3,1,
28,3,28_3,2,28_3_2,58,28_3_2_58,1,3,
28,3,28_3,2,28_3_2,59,28_3_2_59,2,2,
28,3,28_3,2,28_3_2,60,28_3_2_60,1,3,
28,3,28_3,2,28_3_2,61,28_3_2_61,2,2,
28,3,28_3,2,28_3_2,62,28_3_2_62,2,2,
28,3,28_3,2,28_3_2,63,28_3_2_63,4,0,
28,3,28_3,2,28_3_2,64,28_3_2_64,3,1,
28,3,28_3,2,28_3_2,65,28_3_2_65,1,3,
28,3,28_3,2,28_3_2,66,28_3_2_66,1,3,
28,3,28_3,2,28_3_2,67,28_3_2_67,1,3,
28,3,28_3,2,28_3_2,68,28_3_2_68,1,3,
28,3,28_3,2,28_3_2,69,28_3_2_69,3,1,
28,3,28_3,2,28_3_2,70,28_3_2_70,2,2,
28,3,28_3,2,28_3_2,71,28_3_2_71,1,3,
28,3,28_3,2,28_3_2,72,28_3_2_72,2,2,
28,3,28_3,2,28_3_2,73,28_3_2_73,1,3,
28,3,28_3,2,28_3_2,74,28_3_2_74,1,3,
28,3,28_3,2,28_3_2,75,28_3_2_75,1,3,
28,3,28_3,2,28_3_2,76,28_3_2_76,2,2,
28,3,28_3,2,28_3_2,77,28_3_2_77,1,3,
28,3,28_3,2,28_3_2,78,28_3_2_78,1,3,
28,3,28_3,2,28_3_2,79,28_3_2_79,2,2,
28,3,28_3,2,28_3_2,80,28_3_2_80,1,3,
28,3,28_3,2,28_3_2,81,28_3_2_81,1,3,
28,3,28_3,2,28_3_2,82,28_3_2_82,1,3,
28,3,28_3,2,28_3_2,83,28_3_2_83,2,2,
28,3,28_3,2,28_3_2,84,28_3_2_84,2,2,
28,3,28_3,2,28_3_2,85,28_3_2_85,1,3,
28,3,28_3,2,28_3_2,86,28_3_2_86,1,3,
28,3,28_3,2,28_3_2,87,28_3_2_87,1,3,
28,3,28_3,2,28_3_2,88,28_3_2_88,1,3,
28,3,28_3,2,28_3_2,89,28_3_2_89,1,3,
28,3,28_3,2,28_3_2,90,28_3_2_90,1,3,
28,3,28_3,2,28_3_2,91,28_3_2_91,2,2,
30,1,30_1,1,30_1_1,1,30_1_1_1,1,3,
30,1,30_1,1,30_1_1,2,30_1_1_2,1,3,
30,1,30_1,1,30_1_1,3,30_1_1_3,1,3,
30,1,30_1,1,30_1_1,4,30_1_1_4,1,3,
30,1,30_1,1,30_1_1,5,30_1_1_5,1,3,
30,1,30_1,1,30_1_1,6,30_1_1_6,1,3,
30,1,30_1,1,30_1_1,7,30_1_1_7,1,3,
30,1,30_1,1,30_1_1,8,30_1_1_8,1,3,
30,1,30_1,1,30_1_1,9,30_1_1_9,2,2,
30,1,30_1,1,30_1_1,10,30_1_1_10,1,3,
30,1,30_1,1,30_1_1,11,30_1_1_11,2,2,
30,1,30_1,1,30_1_1,12,30_1_1_12,2,2,
30,1,30_1,1,30_1_1,13,30_1_1_13,2,2,
30,1,30_1,1,30_1_1,14,30_1_1_14,2,2,
30,1,30_1,1,30_1_1,15,30_1_1_15,1,3,
30,1,30_1,1,30_1_1,16,30_1_1_16,2,2,
30,1,30_1,1,30_1_1,17,30_1_1_17,4,0,
30,1,30_1,1,30_1_1,18,30_1_1_18,2,2,
30,1,30_1,1,30_1_1,19,30_1_1_19,1,3,
30,1,30_1,1,30_1_1,20,30_1_1_20,2,2,
30,1,30_1,1,30_1_1,21,30_1_1_21,3,1,
30,1,30_1,1,30_1_1,22,30_1_1_22,2,2,
30,1,30_1,1,30_1_1,23,30_1_1_23,1,3,
30,1,30_1,1,30_1_1,24,30_1_1_24,1,3,
30,1,30_1,1,30_1_1,25,30_1_1_25,1,3,
30,1,30_1,1,30_1_1,26,30_1_1_26,3,1,
30,1,30_1,1,30_1_1,27,30_1_1_27,2,2,
30,1,30_1,1,30_1_1,28,30_1_1_28,2,2,
30,1,30_1,1,30_1_1,29,30_1_1_29,2,2,
30,1,30_1,1,30_1_1,30,30_1_1_30,2,2,
30,1,30_1,1,30_1_1,31,30_1_1_31,3,1,
30,1,30_1,1,30_1_1,32,30_1_1_32,1,3,
30,1,30_1,1,30_1_1,33,30_1_1_33,1,3,
30,1,30_1,1,30_1_1,34,30_1_1_34,1,3,
30,1,30_1,2,30_1_2,1,30_1_2_1,2,2,
30,1,30_1,2,30_1_2,2,30_1_2_2,1,3,
30,1,30_1,2,30_1_2,3,30_1_2_3,2,2,
30,1,30_1,2,30_1_2,4,30_1_2_4,3,1,
30,1,30_1,2,30_1_2,5,30_1_2_5,2,2,
30,1,30_1,2,30_1_2,6,30_1_2_6,2,2,
30,1,30_1,2,30_1_2,7,30_1_2_7,1,3,
30,1,30_1,2,30_1_2,8,30_1_2_8,3,1,
30,1,30_1,2,30_1_2,9,30_1_2_9,1,3,
30,1,30_1,2,30_1_2,10,30_1_2_10,2,2,
30,1,30_1,2,30_1_2,11,30_1_2_11,2,2,
30,1,30_1,2,30_1_2,12,30_1_2_12,2,2,
30,1,30_1,2,30_1_2,13,30_1_2_13,2,2,
30,1,30_1,3,30_1_3,1,30_1_3_1,1,3,
30,1,30_1,3,30_1_3,2,30_1_3_2,1,3,
30,1,30_1,3,30_1_3,3,30_1_3_3,1,3,
30,1,30_1,3,30_1_3,4,30_1_3_4,1,3,
30,1,30_1,3,30_1_3,5,30_1_3_5,2,2,
30,1,30_1,3,30_1_3,6,30_1_3_6,1,3,
30,1,30_1,3,30_1_3,7,30_1_3_7,3,1,
30,1,30_1,3,30_1_3,8,30_1_3_8,2,2,
30,1,30_1,3,30_1_3,9,30_1_3_9,1,3,
30,1,30_1,3,30_1_3,10,30_1_3_10,1,3,
30,1,30_1,3,30_1_3,11,30_1_3_11,2,2,
30,1,30_1,3,30_1_3,12,30_1_3_12,1,3,
30,1,30_1,3,30_1_3,13,30_1_3_13,1,3,
30,1,30_1,3,30_1_3,14,30_1_3_14,2,2,
30,1,30_1,3,30_1_3,15,30_1_3_15,1,3,
30,1,30_1,3,30_1_3,16,30_1_3_16,2,2,
30,1,30_1,3,30_1_3,17,30_1_3_17,1,3,
30,1,30_1,3,30_1_3,18,30_1_3_18,2,2,
30,1,30_1,3,30_1_3,19,30_1_3_19,2,2,
30,1,30_1,3,30_1_3,20,30_1_3_20,1,3,
30,1,30_1,3,30_1_3,21,30_1_3_21,1,3,
30,1,30_1,3,30_1_3,22,30_1_3_22,1,3,
30,1,30_1,3,30_1_3,23,30_1_3_23,1,3,
30,1,30_1,3,30_1_3,24,30_1_3_24,1,3,
30,1,30_1,3,30_1_3,25,30_1_3_25,1,3,
30,1,30_1,3,30_1_3,26,30_1_3_26,2,2,
30,1,30_1,3,30_1_3,27,30_1_3_27,2,2,
30,1,30_1,4,30_1_4,1,30_1_4_1,2,2,
30,1,30_1,4,30_1_4,2,30_1_4_2,1,3,
30,1,30_1,4,30_1_4,3,30_1_4_3,1,3,
30,1,30_1,4,30_1_4,4,30_1_4_4,1,3,
30,1,30_1,4,30_1_4,5,30_1_4_5,1,3,
30,1,30_1,4,30_1_4,6,30_1_4_6,4,0,
30,1,30_1,4,30_1_4,7,30_1_4_7,1,3,
30,1,30_1,4,30_1_4,8,30_1_4_8,1,3,
30,1,30_1,4,30_1_4,9,30_1_4_9,1,3,
30,1,30_1,4,30_1_4,10,30_1_4_10,2,2,
30,1,30_1,4,30_1_4,11,30_1_4_11,1,3,
30,1,30_1,4,30_1_4,12,30_1_4_12,1,3,
30,1,30_1,4,30_1_4,13,30_1_4_13,1,3,
30,1,30_1,4,30_1_4,14,30_1_4_14,2,2,
30,1,30_1,4,30_1_4,15,30_1_4_15,1,3,
30,1,30_1,4,30_1_4,16,30_1_4_16,1,3,
30,1,30_1,4,30_1_4,17,30_1_4_17,2,2,
30,1,30_1,4,30_1_4,18,30_1_4_18,1,3,
30,1,30_1,4,30_1_4,19,30_1_4_19,1,3,
30,1,30_1,4,30_1_4,20,30_1_4_20,1,3,
30,1,30_1,4,30_1_4,21,30_1_4_21,2,2,
30,1,30_1,4,30_1_4,22,30_1_4_22,1,3,
30,1,30_1,4,30_1_4,23,30_1_4_23,1,3,
30,1,30_1,4,30_1_4,24,30_1_4_24,2,2,
30,1,30_1,4,30_1_4,25,30_1_4_25,2,2,
30,1,30_1,4,30_1_4,26,30_1_4_26,1,3,
30,1,30_1,4,30_1_4,27,30_1_4_27,3,1,
30,1,30_1,4,30_1_4,28,30_1_4_28,2,2,
30,1,30_1,4,30_1_4,29,30_1_4_29,2,2,
30,2,30_2,1,30_2_1,1,30_2_1_1,3,1,
30,2,30_2,1,30_2_1,2,30_2_1_2,1,3,
30,2,30_2,1,30_2_1,3,30_2_1_3,2,2,
30,2,30_2,1,30_2_1,4,30_2_1_4,1,3,
30,2,30_2,1,30_2_1,5,30_2_1_5,1,3,
30,2,30_2,1,30_2_1,6,30_2_1_6,1,3,
30,2,30_2,1,30_2_1,7,30_2_1_7,3,1,
30,2,30_2,1,30_2_1,8,30_2_1_8,1,3,
30,2,30_2,1,30_2_1,9,30_2_1_9,2,2,
30,2,30_2,1,30_2_1,10,30_2_1_10,1,3,
30,2,30_2,1,30_2_1,11,30_2_1_11,1,3,
30,2,30_2,1,30_2_1,12,30_2_1_12,2,2,
30,2,30_2,1,30_2_1,13,30_2_1_13,1,3,
30,2,30_2,1,30_2_1,14,30_2_1_14,1,3,
30,2,30_2,1,30_2_1,15,30_2_1_15,3,1,
30,2,30_2,1,30_2_1,16,30_2_1_16,1,3,
30,2,30_2,1,30_2_1,17,30_2_1_17,1,3,
30,2,30_2,1,30_2_1,18,30_2_1_18,1,3,
30,2,30_2,2,30_2_2,1,30_2_2_1,1,3,
30,2,30_2,2,30_2_2,2,30_2_2_2,2,2,
30,2,30_2,2,30_2_2,3,30_2_2_3,1,3,
30,2,30_2,2,30_2_2,4,30_2_2_4,1,3,
30,2,30_2,2,30_2_2,5,30_2_2_5,1,3,
30,2,30_2,2,30_2_2,6,30_2_2_6,1,3,
30,2,30_2,2,30_2_2,7,30_2_2_7,1,3,
30,2,30_2,2,30_2_2,8,30_2_2_8,2,2,
30,2,30_2,2,30_2_2,9,30_2_2_9,1,3,
30,2,30_2,2,30_2_2,10,30_2_2_10,1,3,
30,2,30_2,2,30_2_2,11,30_2_2_11,2,2,
30,2,30_2,2,30_2_2,12,30_2_2_12,1,3,
30,2,30_2,2,30_2_2,13,30_2_2_13,2,2,
30,2,30_2,2,30_2_2,14,30_2_2_14,2,2,
30,2,30_2,2,30_2_2,15,30_2_2_15,1,3,
30,2,30_2,2,30_2_2,16,30_2_2_16,2,2,
30,2,30_2,2,30_2_2,17,30_2_2_17,1,3,
30,2,30_2,2,30_2_2,18,30_2_2_18,3,1,
30,2,30_2,2,30_2_2,19,30_2_2_19,2,2,
30,2,30_2,2,30_2_2,20,30_2_2_20,2,2,
30,2,30_2,2,30_2_2,21,30_2_2_21,1,3,
30,2,30_2,2,30_2_2,22,30_2_2_22,2,2,
30,2,30_2,2,30_2_2,23,30_2_2_23,3,1,
30,2,30_2,2,30_2_2,24,30_2_2_24,1,3,
30,2,30_2,2,30_2_2,25,30_2_2_25,1,3,
30,2,30_2,2,30_2_2,26,30_2_2_26,1,3,
30,2,30_2,2,30_2_2,27,30_2_2_27,4,0,
30,2,30_2,2,30_2_2,28,30_2_2_28,1,3,
30,2,30_2,2,30_2_2,29,30_2_2_29,2,2,
30,2,30_2,2,30_2_2,30,30_2_2_30,1,3,
30,2,30_2,2,30_2_2,31,30_2_2_31,1,3,
30,2,30_2,2,30_2_2,32,30_2_2_32,2,2,
30,2,30_2,2,30_2_2,33,30_2_2_33,2,2,
30,2,30_2,2,30_2_2,34,30_2_2_34,2,2,
30,2,30_2,2,30_2_2,35,30_2_2_35,2,2,
30,2,30_2,2,30_2_2,36,30_2_2_36,1,3,
30,2,30_2,2,30_2_2,37,30_2_2_37,2,2,
30,2,30_2,2,30_2_2,38,30_2_2_38,2,2,
30,2,30_2,2,30_2_2,39,30_2_2_39,2,2,
30,2,30_2,2,30_2_2,40,30_2_2_40,1,3,
30,2,30_2,2,30_2_2,41,30_2_2_41,2,2,
30,2,30_2,2,30_2_2,42,30_2_2_42,2,2,
30,2,30_2,2,30_2_2,43,30_2_2_43,2,2,
30,2,30_2,2,30_2_2,44,30_2_2_44,1,3,
30,2,30_2,2,30_2_2,45,30_2_2_45,1,3,
30,2,30_2,2,30_2_2,46,30_2_2_46,1,3,
30,2,30_2,2,30_2_2,47,30_2_2_47,2,2,
30,2,30_2,2,30_2_2,48,30_2_2_48,2,2,
30,2,30_2,2,30_2_2,49,30_2_2_49,2,2,
30,2,30_2,2,30_2_2,50,30_2_2_50,3,1,
30,2,30_2,2,30_2_2,51,30_2_2_51,1,3,
30,2,30_2,2,30_2_2,52,30_2_2_52,1,3,
30,2,30_2,2,30_2_2,53,30_2_2_53,3,1,
30,2,30_2,2,30_2_2,54,30_2_2_54,3,1,
30,2,30_2,2,30_2_2,55,30_2_2_55,3,1,
30,2,30_2,2,30_2_2,56,30_2_2_56,1,3,
30,2,30_2,2,30_2_2,57,30_2_2_57,2,2,
30,2,30_2,2,30_2_2,58,30_2_2_58,2,2,
30,2,30_2,2,30_2_2,59,30_2_2_59,1,3,
30,3,30_3,1,30_3_1,1,30_3_1_1,1,3,
30,3,30_3,1,30_3_1,2,30_3_1_2,3,1,
30,3,30_3,1,30_3_1,3,30_3_1_3,2,2,
30,3,30_3,1,30_3_1,4,30_3_1_4,1,3,
30,3,30_3,1,30_3_1,5,30_3_1_5,1,3,
30,3,30_3,1,30_3_1,6,30_3_1_6,1,3,
30,3,30_3,1,30_3_1,7,30_3_1_7,1,3,
30,3,30_3,1,30_3_1,8,30_3_1_8,2,2,
30,3,30_3,1,30_3_1,9,30_3_1_9,2,2,
30,3,30_3,1,30_3_1,10,30_3_1_10,1,3,
30,3,30_3,1,30_3_1,11,30_3_1_11,1,3,
30,3,30_3,1,30_3_1,12,30_3_1_12,1,3,
30,3,30_3,1,30_3_1,13,30_3_1_13,1,3,
30,3,30_3,1,30_3_1,14,30_3_1_14,1,3,
30,3,30_3,1,30_3_1,15,30_3_1_15,1,3,
30,3,30_3,1,30_3_1,16,30_3_1_16,1,3,
30,3,30_3,1,30_3_1,17,30_3_1_17,3,1,
30,3,30_3,1,30_3_1,18,30_3_1_18,1,3,
30,3,30_3,1,30_3_1,19,30_3_1_19,1,3,
30,3,30_3,1,30_3_1,20,30_3_1_20,1,3,
30,3,30_3,1,30_3_1,21,30_3_1_21,1,3,
30,3,30_3,1,30_3_1,22,30_3_1_22,3,1,
30,3,30_3,1,30_3_1,23,30_3_1_23,1,3,
30,3,30_3,1,30_3_1,24,30_3_1_24,1,3,
30,3,30_3,1,30_3_1,25,30_3_1_25,1,3,
30,3,30_3,1,30_3_1,26,30_3_1_26,1,3,
30,3,30_3,1,30_3_1,27,30_3_1_27,1,3,
30,3,30_3,1,30_3_1,28,30_3_1_28,1,3,
30,3,30_3,1,30_3_1,29,30_3_1_29,2,2,
30,3,30_3,1,30_3_1,30,30_3_1_30,1,3,
30,3,30_3,1,30_3_1,31,30_3_1_31,1,3,
30,3,30_3,1,30_3_1,32,30_3_1_32,3,1,
30,3,30_3,1,30_3_1,33,30_3_1_33,2,2,
30,3,30_3,1,30_3_1,34,30_3_1_34,1,3,
30,3,30_3,1,30_3_1,35,30_3_1_35,1,3,
30,3,30_3,1,30_3_1,36,30_3_1_36,2,2,
30,3,30_3,1,30_3_1,37,30_3_1_37,2,2,
30,3,30_3,1,30_3_1,38,30_3_1_38,1,3,
30,3,30_3,1,30_3_1,39,30_3_1_39,2,2,
30,3,30_3,1,30_3_1,40,30_3_1_40,1,3,
30,3,30_3,1,30_3_1,41,30_3_1_41,1,3,
30,3,30_3,1,30_3_1,42,30_3_1_42,1,3,
30,3,30_3,1,30_3_1,43,30_3_1_43,1,3,
30,3,30_3,1,30_3_1,44,30_3_1_44,1,3,
30,3,30_3,1,30_3_1,45,30_3_1_45,1,3,
30,3,30_3,1,30_3_1,46,30_3_1_46,2,2,
30,3,30_3,1,30_3_1,47,30_3_1_47,1,3,
30,3,30_3,1,30_3_1,48,30_3_1_48,2,2,
30,3,30_3,1,30_3_1,49,30_3_1_49,1,3,
30,3,30_3,1,30_3_1,50,30_3_1_50,1,3,
30,3,30_3,1,30_3_1,51,30_3_1_51,1,3,
30,3,30_3,2,30_3_2,1,30_3_2_1,1,3,
30,3,30_3,2,30_3_2,2,30_3_2_2,1,3,
30,3,30_3,2,30_3_2,3,30_3_2_3,1,3,
30,3,30_3,2,30_3_2,4,30_3_2_4,2,2,
30,3,30_3,2,30_3_2,5,30_3_2_5,1,3,
30,3,30_3,2,30_3_2,6,30_3_2_6,3,1,
30,3,30_3,2,30_3_2,7,30_3_2_7,4,0,
30,3,30_3,2,30_3_2,8,30_3_2_8,1,3,
30,3,30_3,2,30_3_2,9,30_3_2_9,1,3,
30,3,30_3,2,30_3_2,10,30_3_2_10,2,2,
30,3,30_3,2,30_3_2,11,30_3_2_11,2,2,
30,3,30_3,2,30_3_2,12,30_3_2_12,2,2,
30,3,30_3,2,30_3_2,13,30_3_2_13,2,2,
30,3,30_3,2,30_3_2,14,30_3_2_14,1,3,
30,3,30_3,2,30_3_2,15,30_3_2_15,2,2,
30,3,30_3,2,30_3_2,16,30_3_2_16,2,2,
30,3,30_3,2,30_3_2,17,30_3_2_17,1,3,
30,3,30_3,2,30_3_2,18,30_3_2_18,1,3,
30,3,30_3,2,30_3_2,19,30_3_2_19,1,3,
30,3,30_3,2,30_3_2,20,30_3_2_20,1,3,
30,3,30_3,2,30_3_2,21,30_3_2_21,1,3,
30,3,30_3,2,30_3_2,22,30_3_2_22,1,3,
30,3,30_3,2,30_3_2,23,30_3_2_23,1,3,
30,3,30_3,2,30_3_2,24,30_3_2_24,1,3,
30,3,30_3,2,30_3_2,25,30_3_2_25,3,1,
30,3,30_3,2,30_3_2,26,30_3_2_26,2,2,
30,3,30_3,2,30_3_2,27,30_3_2_27,3,1,
30,3,30_3,2,30_3_2,28,30_3_2_28,1,3,
30,3,30_3,2,30_3_2,29,30_3_2_29,1,3,
30,3,30_3,2,30_3_2,30,30_3_2_30,1,3,
30,3,30_3,2,30_3_2,31,30_3_2_31,1,3,
30,3,30_3,2,30_3_2,32,30_3_2_32,1,3,
30,3,30_3,2,30_3_2,33,30_3_2_33,1,3,
30,3,30_3,2,30_3_2,34,30_3_2_34,1,3,
30,3,30_3,2,30_3_2,35,30_3_2_35,1,3,
30,3,30_3,3,30_3_3,1,30_3_3_1,1,3,
30,3,30_3,3,30_3_3,2,30_3_3_2,1,3,
30,3,30_3,3,30_3_3,3,30_3_3_3,1,3,
30,3,30_3,3,30_3_3,4,30_3_3_4,1,3,
30,3,30_3,3,30_3_3,5,30_3_3_5,1,3,
30,3,30_3,3,30_3_3,6,30_3_3_6,1,3,
30,3,30_3,3,30_3_3,7,30_3_3_7,2,2,
30,3,30_3,3,30_3_3,8,30_3_3_8,1,3,
30,3,30_3,3,30_3_3,9,30_3_3_9,2,2,
30,3,30_3,3,30_3_3,10,30_3_3_10,2,2,
30,3,30_3,3,30_3_3,11,30_3_3_11,1,3,
30,3,30_3,3,30_3_3,12,30_3_3_12,1,3,
30,3,30_3,3,30_3_3,13,30_3_3_13,1,3,
30,3,30_3,3,30_3_3,14,30_3_3_14,1,3,
30,3,30_3,3,30_3_3,15,30_3_3_15,1,3,
30,3,30_3,3,30_3_3,16,30_3_3_16,1,3,
30,3,30_3,3,30_3_3,17,30_3_3_17,1,3,
30,3,30_3,3,30_3_3,18,30_3_3_18,1,3,
30,3,30_3,3,30_3_3,19,30_3_3_19,1,3,
30,3,30_3,3,30_3_3,20,30_3_3_20,2,2,
30,3,30_3,3,30_3_3,21,30_3_3_21,1,3,
30,3,30_3,3,30_3_3,22,30_3_3_22,1,3,
30,3,30_3,3,30_3_3,23,30_3_3_23,3,1,
30,3,30_3,3,30_3_3,24,30_3_3_24,1,3,
30,3,30_3,3,30_3_3,25,30_3_3_25,1,3,
30,3,30_3,3,30_3_3,26,30_3_3_26,1,3,
30,3,30_3,3,30_3_3,27,30_3_3_27,1,3,
30,3,30_3,3,30_3_3,28,30_3_3_28,2,2,
30,3,30_3,3,30_3_3,29,30_3_3_29,2,2,
30,3,30_3,3,30_3_3,30,30_3_3_30,1,3,
30,3,30_3,3,30_3_3,31,30_3_3_31,1,3,
30,3,30_3,3,30_3_3,32,30_3_3_32,2,2,
30,3,30_3,3,30_3_3,33,30_3_3_33,1,3,
30,3,30_3,3,30_3_3,34,30_3_3_34,1,3,
30,3,30_3,3,30_3_3,35,30_3_3_35,2,2,
30,3,30_3,3,30_3_3,36,30_3_3_36,1,3,
30,3,30_3,3,30_3_3,37,30_3_3_37,1,3,
30,3,30_3,3,30_3_3,38,30_3_3_38,1,3,
30,3,30_3,3,30_3_3,39,30_3_3_39,1,3,
30,3,30_3,3,30_3_3,40,30_3_3_40,2,2,
30,3,30_3,3,30_3_3,41,30_3_3_41,1,3,
30,3,30_3,3,30_3_3,42,30_3_3_42,2,2,
30,3,30_3,3,30_3_3,43,30_3_3_43,1,3,
30,3,30_3,3,30_3_3,44,30_3_3_44,1,3,
30,3,30_3,3,30_3_3,45,30_3_3_45,1,3,
30,3,30_3,3,30_3_3,46,30_3_3_46,4,0,
30,3,30_3,3,30_3_3,47,30_3_3_47,1,3,
30,3,30_3,3,30_3_3,48,30_3_3_48,1,3,
30,3,30_3,3,30_3_3,49,30_3_3_49,1,3,
30,3,30_3,3,30_3_3,50,30_3_3_50,1,3,
30,3,30_3,3,30_3_3,51,30_3_3_51,1,3,
30,3,30_3,3,30_3_3,52,30_3_3_52,1,3,
30,3,30_3,3,30_3_3,53,30_3_3_53,1,3,
30,3,30_3,4,30_3_4,1,30_3_4_1,2,2,
30,3,30_3,4,30_3_4,2,30_3_4_2,1,3,
30,3,30_3,4,30_3_4,3,30_3_4_3,1,3,
30,3,30_3,4,30_3_4,4,30_3_4_4,2,2,
30,3,30_3,4,30_3_4,5,30_3_4_5,1,3,
30,3,30_3,4,30_3_4,6,30_3_4_6,1,3,
30,3,30_3,4,30_3_4,7,30_3_4_7,2,2,
30,3,30_3,4,30_3_4,8,30_3_4_8,1,3,
30,3,30_3,4,30_3_4,9,30_3_4_9,2,2,
30,3,30_3,4,30_3_4,10,30_3_4_10,1,3,
30,3,30_3,4,30_3_4,11,30_3_4_11,1,3,
30,3,30_3,4,30_3_4,12,30_3_4_12,4,0,
30,3,30_3,4,30_3_4,13,30_3_4_13,1,3,
30,3,30_3,4,30_3_4,14,30_3_4_14,2,2,
30,3,30_3,4,30_3_4,15,30_3_4_15,1,3,
30,3,30_3,4,30_3_4,16,30_3_4_16,1,3,
30,3,30_3,4,30_3_4,17,30_3_4_17,1,3,
30,3,30_3,4,30_3_4,18,30_3_4_18,3,1,
30,3,30_3,4,30_3_4,19,30_3_4_19,1,3,
30,3,30_3,4,30_3_4,20,30_3_4_20,1,3,
30,3,30_3,4,30_3_4,21,30_3_4_21,1,3,
30,3,30_3,4,30_3_4,22,30_3_4_22,2,2,
30,3,30_3,4,30_3_4,23,30_3_4_23,2,2,
30,3,30_3,4,30_3_4,24,30_3_4_24,2,2,
30,3,30_3,4,30_3_4,25,30_3_4_25,2,2,
30,3,30_3,4,30_3_4,26,30_3_4_26,2,2,
30,3,30_3,4,30_3_4,27,30_3_4_27,2,2,
30,3,30_3,4,30_3_4,28,30_3_4_28,2,2,
30,3,30_3,4,30_3_4,29,30_3_4_29,1,3,
30,3,30_3,4,30_3_4,30,30_3_4_30,2,2,
30,3,30_3,4,30_3_4,31,30_3_4_31,2,2,
30,3,30_3,4,30_3_4,32,30_3_4_32,3,1,
30,3,30_3,4,30_3_4,33,30_3_4_33,2,2,
30,3,30_3,4,30_3_4,34,30_3_4_34,1,3,
30,3,30_3,4,30_3_4,35,30_3_4_35,1,3,
30,3,30_3,4,30_3_4,36,30_3_4_36,1,3,
30,3,30_3,4,30_3_4,37,30_3_4_37,2,2,
30,3,30_3,4,30_3_4,38,30_3_4_38,1,3,
30,3,30_3,4,30_3_4,39,30_3_4_39,1,3,
39,1,39_1,1,39_1_1,1,39_1_1_1,1,3,
39,1,39_1,1,39_1_1,2,39_1_1_2,1,3,
39,1,39_1,1,39_1_1,3,39_1_1_3,1,3,
39,1,39_1,1,39_1_1,4,39_1_1_4,1,3,
39,1,39_1,1,39_1_1,5,39_1_1_5,2,2,
39,1,39_1,1,39_1_1,6,39_1_1_6,1,3,
39,1,39_1,1,39_1_1,7,39_1_1_7,1,3,
39,1,39_1,1,39_1_1,8,39_1_1_8,1,3,
39,1,39_1,1,39_1_1,9,39_1_1_9,1,3,
39,1,39_1,1,39_1_1,10,39_1_1_10,1,3,
39,1,39_1,1,39_1_1,11,39_1_1_11,1,3,
39,1,39_1,1,39_1_1,12,39_1_1_12,1,3,
39,1,39_1,1,39_1_1,13,39_1_1_13,1,3,
39,1,39_1,1,39_1_1,14,39_1_1_14,2,2,
39,1,39_1,1,39_1_1,15,39_1_1_15,1,3,
39,1,39_1,1,39_1_1,16,39_1_1_16,1,3,
39,1,39_1,1,39_1_1,17,39_1_1_17,1,3,
39,1,39_1,1,39_1_1,18,39_1_1_18,1,3,
39,1,39_1,1,39_1_1,19,39_1_1_19,1,3,
39,1,39_1,1,39_1_1,20,39_1_1_20,1,3,
39,1,39_1,1,39_1_1,21,39_1_1_21,2,2,
39,1,39_1,1,39_1_1,22,39_1_1_22,1,3,
39,1,39_1,1,39_1_1,23,39_1_1_23,1,3,
39,1,39_1,2,39_1_2,1,39_1_2_1,1,3,
39,1,39_1,2,39_1_2,2,39_1_2_2,1,3,
39,1,39_1,2,39_1_2,3,39_1_2_3,2,2,
39,1,39_1,2,39_1_2,4,39_1_2_4,1,3,
39,1,39_1,2,39_1_2,5,39_1_2_5,1,3,
39,1,39_1,2,39_1_2,6,39_1_2_6,1,3,
39,1,39_1,2,39_1_2,7,39_1_2_7,2,2,
39,1,39_1,2,39_1_2,8,39_1_2_8,4,0,
39,1,39_1,2,39_1_2,9,39_1_2_9,3,1,
39,1,39_1,2,39_1_2,10,39_1_2_10,4,0,
39,1,39_1,2,39_1_2,11,39_1_2_11,2,2,
39,1,39_1,2,39_1_2,12,39_1_2_12,1,3,
39,1,39_1,2,39_1_2,13,39_1_2_13,1,3,
39,1,39_1,2,39_1_2,14,39_1_2_14,1,3,
39,1,39_1,2,39_1_2,15,39_1_2_15,3,1,
39,1,39_1,2,39_1_2,16,39_1_2_16,1,3,
39,1,39_1,2,39_1_2,17,39_1_2_17,1,3,
39,1,39_1,2,39_1_2,18,39_1_2_18,1,3,
39,1,39_1,2,39_1_2,19,39_1_2_19,1,3,
39,1,39_1,2,39_1_2,20,39_1_2_20,1,3,
39,1,39_1,2,39_1_2,21,39_1_2_21,2,2,
39,1,39_1,2,39_1_2,22,39_1_2_22,1,3,
39,1,39_1,2,39_1_2,23,39_1_2_23,1,3,
39,1,39_1,2,39_1_2,24,39_1_2_24,2,2,
39,1,39_1,2,39_1_2,25,39_1_2_25,2,2,
39,1,39_1,2,39_1_2,26,39_1_2_26,1,3,
39,1,39_1,2,39_1_2,27,39_1_2_27,2,2,
39,1,39_1,2,39_1_2,28,39_1_2_28,1,3,
39,1,39_1,2,39_1_2,29,39_1_2_29,4,0,
39,1,39_1,2,39_1_2,30,39_1_2_30,1,3,
39,1,39_1,2,39_1_2,31,39_1_2_31,1,3,
39,1,39_1,2,39_1_2,32,39_1_2_32,2,2,
39,1,39_1,2,39_1_2,33,39_1_2_33,1,3,
39,1,39_1,2,39_1_2,34,39_1_2_34,3,1,
39,1,39_1,2,39_1_2,35,39_1_2_35,2,2,
39,1,39_1,2,39_1_2,36,39_1_2_36,1,3,
39,1,39_1,2,39_1_2,37,39_1_2_37,1,3,
39,1,39_1,2,39_1_2,38,39_1_2_38,1,3,
39,1,39_1,2,39_1_2,39,39_1_2_39,1,3,
39,1,39_1,2,39_1_2,40,39_1_2_40,1,3,
39,1,39_1,2,39_1_2,41,39_1_2_41,1,3,
39,1,39_1,2,39_1_2,42,39_1_2_42,1,3,
39,1,39_1,2,39_1_2,43,39_1_2_43,1,3,
39,1,39_1,2,39_1_2,44,39_1_2_44,2,2,
39,1,39_1,2,39_1_2,45,39_1_2_45,1,3,
39,1,39_1,2,39_1_2,46,39_1_2_46,1,3,
39,1,39_1,2,39_1_2,47,39_1_2_47,1,3,
39,1,39_1,2,39_1_2,48,39_1_2_48,1,3,
39,1,39_1,2,39_1_2,49,39_1_2_49,1,3,
39,1,39_1,2,39_1_2,50,39_1_2_50,1,3,
39,1,39_1,2,39_1_2,51,39_1_2_51,1,3,
39,1,39_1,2,39_1_2,52,39_1_2_52,1,3,
39,1,39_1,2,39_1_2,53,39_1_2_53,2,2,
39,1,39_1,2,39_1_2,54,39_1_2_54,1,3,
39,1,39_1,2,39_1_2,55,39_1_2_55,1,3,
39,1,39_1,2,39_1_2,56,39_1_2_56,1,3,
39,1,39_1,2,39_1_2,57,39_1_2_57,1,3,
39,1,39_1,2,39_1_2,58,39_1_2_58,2,2,
39,1,39_1,2,39_1_2,59,39_1_2_59,4,0,
39,1,39_1,2,39_1_2,60,39_1_2_60,1,3,
39,1,39_1,2,39_1_2,61,39_1_2_61,1,3,
39,1,39_1,2,39_1_2,62,39_1_2_62,1,3,
39,1,39_1,2,39_1_2,63,39_1_2_63,1,3,
39,1,39_1,2,39_1_2,64,39_1_2_64,2,2,
39,1,39_1,2,39_1_2,65,39_1_2_65,2,2,
39,1,39_1,2,39_1_2,66,39_1_2_66,3,1,
39,1,39_1,2,39_1_2,67,39_1_2_67,1,3,
39,1,39_1,2,39_1_2,68,39_1_2_68,2,2,
39,1,39_1,2,39_1_2,69,39_1_2_69,1,3,
39,1,39_1,2,39_1_2,70,39_1_2_70,2,2,
39,1,39_1,2,39_1_2,71,39_1_2_71,4,0,
39,1,39_1,2,39_1_2,72,39_1_2_72,2,2,
39,1,39_1,2,39_1_2,73,39_1_2_73,1,3,
39,1,39_1,2,39_1_2,74,39_1_2_74,1,3,
39,1,39_1,2,39_1_2,75,39_1_2_75,2,2,
39,1,39_1,2,39_1_2,76,39_1_2_76,1,3,
39,1,39_1,2,39_1_2,77,39_1_2_77,3,1,
39,1,39_1,2,39_1_2,78,39_1_2_78,2,2,
39,1,39_1,2,39_1_2,79,39_1_2_79,1,3,
39,1,39_1,2,39_1_2,80,39_1_2_80,1,3,
39,1,39_1,2,39_1_2,81,39_1_2_81,1,3,
39,1,39_1,2,39_1_2,82,39_1_2_82,1,3,
39,1,39_1,2,39_1_2,83,39_1_2_83,1,3,
39,2,39_2,1,39_2_1,1,39_2_1_1,3,1,
39,2,39_2,1,39_2_1,2,39_2_1_2,1,3,
39,2,39_2,1,39_2_1,3,39_2_1_3,1,3,
39,2,39_2,1,39_2_1,4,39_2_1_4,1,3,
39,2,39_2,1,39_2_1,5,39_2_1_5,1,3,
39,2,39_2,1,39_2_1,6,39_2_1_6,1,3,
39,2,39_2,1,39_2_1,7,39_2_1_7,2,2,
39,2,39_2,1,39_2_1,8,39_2_1_8,2,2,
39,2,39_2,1,39_2_1,9,39_2_1_9,2,2,
39,2,39_2,1,39_2_1,10,39_2_1_10,1,3,
39,2,39_2,1,39_2_1,11,39_2_1_11,1,3,
39,2,39_2,1,39_2_1,12,39_2_1_12,1,3,
39,2,39_2,1,39_2_1,13,39_2_1_13,3,1,
39,2,39_2,1,39_2_1,14,39_2_1_14,1,3,
39,2,39_2,1,39_2_1,15,39_2_1_15,3,1,
39,2,39_2,1,39_2_1,16,39_2_1_16,1,3,
39,2,39_2,1,39_2_1,17,39_2_1_17,2,2,
39,2,39_2,1,39_2_1,18,39_2_1_18,2,2,
39,2,39_2,1,39_2_1,19,39_2_1_19,1,3,
39,2,39_2,1,39_2_1,20,39_2_1_20,1,3,
39,2,39_2,1,39_2_1,21,39_2_1_21,2,2,
39,2,39_2,1,39_2_1,22,39_2_1_22,1,3,
39,2,39_2,1,39_2_1,23,39_2_1_23,1,3,
39,2,39_2,1,39_2_1,24,39_2_1_24,1,3,
39,2,39_2,1,39_2_1,25,39_2_1_25,1,3,
39,2,39_2,1,39_2_1,26,39_2_1_26,2,2,
39,2,39_2,2,39_2_2,1,39_2_2_1,1,3,
39,2,39_2,2,39_2_2,2,39_2_2_2,2,2,
39,2,39_2,2,39_2_2,3,39_2_2_3,1,3,
39,2,39_2,2,39_2_2,4,39_2_2_4,3,1,
39,2,39_2,2,39_2_2,5,39_2_2_5,1,3,
39,2,39_2,2,39_2_2,6,39_2_2_6,1,3,
39,3,39_3,1,39_3_1,1,39_3_1_1,1,3,
39,3,39_3,1,39_3_1,2,39_3_1_2,4,0,
39,3,39_3,1,39_3_1,3,39_3_1_3,3,1,
39,3,39_3,1,39_3_1,4,39_3_1_4,2,2,
39,3,39_3,1,39_3_1,5,39_3_1_5,2,2,
39,3,39_3,1,39_3_1,6,39_3_1_6,2,2,
39,3,39_3,1,39_3_1,7,39_3_1_7,3,1,
39,3,39_3,1,39_3_1,8,39_3_1_8,1,3,
39,3,39_3,1,39_3_1,9,39_3_1_9,1,3,
39,3,39_3,1,39_3_1,10,39_3_1_10,2,2,
39,3,39_3,1,39_3_1,11,39_3_1_11,2,2,
39,3,39_3,1,39_3_1,12,39_3_1_12,2,2,
39,3,39_3,1,39_3_1,13,39_3_1_13,2,2,
39,3,39_3,1,39_3_1,14,39_3_1_14,1,3,
40,1,40_1,1,40_1_1,1,40_1_1_1,1,3,
40,1,40_1,1,40_1_1,2,40_1_1_2,1,3,
40,1,40_1,1,40_1_1,3,40_1_1_3,1,3,
40,1,40_1,1,40_1_1,4,40_1_1_4,1,3,
40,1,40_1,1,40_1_1,5,40_1_1_5,1,3,
40,1,40_1,1,40_1_1,6,40_1_1_6,1,3,
40,1,40_1,1,40_1_1,7,40_1_1_7,1,3,
40,1,40_1,1,40_1_1,8,40_1_1_8,1,3,
40,1,40_1,1,40_1_1,9,40_1_1_9,1,3,
40,1,40_1,1,40_1_1,10,40_1_1_10,1,3,
40,1,40_1,1,40_1_1,11,40_1_1_11,1,3,
40,1,40_1,1,40_1_1,12,40_1_1_12,1,3,
40,1,40_1,1,40_1_1,13,40_1_1_13,1,3,
40,1,40_1,1,40_1_1,14,40_1_1_14,1,3,
40,1,40_1,1,40_1_1,15,40_1_1_15,2,2,
40,1,40_1,1,40_1_1,16,40_1_1_16,1,3,
40,1,40_1,1,40_1_1,17,40_1_1_17,1,3,
40,1,40_1,1,40_1_1,18,40_1_1_18,2,2,
40,1,40_1,1,40_1_1,19,40_1_1_19,2,2,
40,1,40_1,1,40_1_1,20,40_1_1_20,1,3,
40,1,40_1,1,40_1_1,21,40_1_1_21,2,2,
40,1,40_1,1,40_1_1,22,40_1_1_22,1,3,
40,1,40_1,1,40_1_1,23,40_1_1_23,2,2,
40,1,40_1,1,40_1_1,24,40_1_1_24,1,3,
40,1,40_1,1,40_1_1,25,40_1_1_25,1,3,
40,1,40_1,1,40_1_1,26,40_1_1_26,2,2,
40,1,40_1,1,40_1_1,27,40_1_1_27,2,2,
40,1,40_1,1,40_1_1,28,40_1_1_28,1,3,
40,1,40_1,1,40_1_1,29,40_1_1_29,1,3,
40,1,40_1,1,40_1_1,30,40_1_1_30,1,3,
40,1,40_1,1,40_1_1,31,40_1_1_31,1,3,
40,1,40_1,1,40_1_1,32,40_1_1_32,1,3,
40,1,40_1,1,40_1_1,33,40_1_1_33,1,3,
40,1,40_1,1,40_1_1,34,40_1_1_34,2,2,
40,1,40_1,1,40_1_1,35,40_1_1_35,1,3,
40,1,40_1,1,40_1_1,36,40_1_1_36,1,3,
40,1,40_1,1,40_1_1,37,40_1_1_37,1,3,
40,1,40_1,1,40_1_1,38,40_1_1_38,1,3,
40,1,40_1,1,40_1_1,39,40_1_1_39,1,3,
40,1,40_1,1,40_1_1,40,40_1_1_40,1,3,
40,1,40_1,1,40_1_1,41,40_1_1_41,1,3,
40,1,40_1,1,40_1_1,42,40_1_1_42,1,3,
40,1,40_1,1,40_1_1,43,40_1_1_43,1,3,
40,1,40_1,1,40_1_1,44,40_1_1_44,1,3,
40,1,40_1,1,40_1_1,45,40_1_1_45,2,2,
40,1,40_1,1,40_1_1,46,40_1_1_46,1,3,
40,1,40_1,1,40_1_1,47,40_1_1_47,1,3,
40,1,40_1,1,40_1_1,48,40_1_1_48,1,3,
40,1,40_1,1,40_1_1,49,40_1_1_49,1,3,
40,1,40_1,1,40_1_1,50,40_1_1_50,1,3,
40,1,40_1,1,40_1_1,51,40_1_1_51,1,3,
40,1,40_1,1,40_1_1,52,40_1_1_52,1,3,
40,1,40_1,1,40_1_1,53,40_1_1_53,1,3,
40,1,40_1,1,40_1_1,54,40_1_1_54,1,3,
40,2,40_2,1,40_2_1,1,40_2_1_1,1,3,
40,2,40_2,1,40_2_1,2,40_2_1_2,2,2,
40,2,40_2,1,40_2_1,3,40_2_1_3,2,2,
40,2,40_2,1,40_2_1,4,40_2_1_4,2,2,
40,2,40_2,1,40_2_1,5,40_2_1_5,3,1,
40,2,40_2,1,40_2_1,6,40_2_1_6,1,3,
40,2,40_2,1,40_2_1,7,40_2_1_7,2,2,
40,2,40_2,1,40_2_1,8,40_2_1_8,1,3,
40,2,40_2,1,40_2_1,9,40_2_1_9,1,3,
40,2,40_2,1,40_2_1,10,40_2_1_10,1,3,
40,2,40_2,1,40_2_1,11,40_2_1_11,2,2,
40,2,40_2,1,40_2_1,12,40_2_1_12,2,2,
40,2,40_2,1,40_2_1,13,40_2_1_13,1,3,
40,2,40_2,1,40_2_1,14,40_2_1_14,3,1,
40,2,40_2,1,40_2_1,15,40_2_1_15,2,2,
40,2,40_2,1,40_2_1,16,40_2_1_16,1,3,
40,2,40_2,1,40_2_1,17,40_2_1_17,2,2,
40,2,40_2,1,40_2_1,18,40_2_1_18,4,0,
40,2,40_2,1,40_2_1,19,40_2_1_19,2,2,
40,2,40_2,1,40_2_1,20,40_2_1_20,2,2,
40,2,40_2,1,40_2_1,21,40_2_1_21,2,2,
40,2,40_2,1,40_2_1,22,40_2_1_22,1,3,
40,2,40_2,1,40_2_1,23,40_2_1_23,2,2,
40,2,40_2,1,40_2_1,24,40_2_1_24,1,3,
40,2,40_2,1,40_2_1,25,40_2_1_25,1,3,
40,2,40_2,1,40_2_1,26,40_2_1_26,1,3,
40,2,40_2,1,40_2_1,27,40_2_1_27,1,3,
40,2,40_2,1,40_2_1,28,40_2_1_28,1,3,
40,2,40_2,1,40_2_1,29,40_2_1_29,1,3,
40,2,40_2,1,40_2_1,30,40_2_1_30,1,3,
40,2,40_2,1,40_2_1,31,40_2_1_31,1,3,
40,2,40_2,1,40_2_1,32,40_2_1_32,3,1,
40,2,40_2,1,40_2_1,33,40_2_1_33,3,1,
40,2,40_2,1,40_2_1,34,40_2_1_34,1,3,
40,2,40_2,1,40_2_1,35,40_2_1_35,2,2,
40,2,40_2,1,40_2_1,36,40_2_1_36,1,3,
40,2,40_2,1,40_2_1,37,40_2_1_37,1,3,
40,2,40_2,1,40_2_1,38,40_2_1_38,2,2,
40,2,40_2,1,40_2_1,39,40_2_1_39,1,3,
40,2,40_2,1,40_2_1,40,40_2_1_40,2,2,
40,2,40_2,1,40_2_1,41,40_2_1_41,1,3,
40,2,40_2,1,40_2_1,42,40_2_1_42,1,3,
40,2,40_2,1,40_2_1,43,40_2_1_43,3,1,
40,2,40_2,1,40_2_1,44,40_2_1_44,1,3,
40,2,40_2,1,40_2_1,45,40_2_1_45,1,3,
40,2,40_2,1,40_2_1,46,40_2_1_46,1,3,
40,2,40_2,1,40_2_1,47,40_2_1_47,1,3,
40,2,40_2,1,40_2_1,48,40_2_1_48,1,3,
40,2,40_2,1,40_2_1,49,40_2_1_49,1,3,
40,2,40_2,1,40_2_1,50,40_2_1_50,2,2,
40,2,40_2,1,40_2_1,51,40_2_1_51,1,3,
40,2,40_2,1,40_2_1,52,40_2_1_52,3,1,
40,2,40_2,1,40_2_1,53,40_2_1_53,1,3,
40,2,40_2,1,40_2_1,54,40_2_1_54,2,2,
40,2,40_2,1,40_2_1,55,40_2_1_55,1,3,
40,2,40_2,1,40_2_1,56,40_2_1_56,1,3,
40,2,40_2,1,40_2_1,57,40_2_1_57,1,3,
40,2,40_2,1,40_2_1,58,40_2_1_58,1,3,
40,2,40_2,1,40_2_1,59,40_2_1_59,4,0,
40,2,40_2,1,40_2_1,60,40_2_1_60,4,0,
40,2,40_2,1,40_2_1,61,40_2_1_61,2,2,
40,2,40_2,1,40_2_1,62,40_2_1_62,1,3,
40,2,40_2,1,40_2_1,63,40_2_1_63,1,3,
40,2,40_2,1,40_2_1,64,40_2_1_64,2,2,
40,2,40_2,1,40_2_1,65,40_2_1_65,1,3,
40,2,40_2,1,40_2_1,66,40_2_1_66,1,3,
40,2,40_2,1,40_2_1,67,40_2_1_67,3,1,
40,2,40_2,1,40_2_1,68,40_2_1_68,1,3,
40,2,40_2,1,40_2_1,69,40_2_1_69,1,3,
40,2,40_2,1,40_2_1,70,40_2_1_70,1,3,
40,2,40_2,1,40_2_1,71,40_2_1_71,1,3,
40,2,40_2,1,40_2_1,72,40_2_1_72,1,3,
40,2,40_2,1,40_2_1,73,40_2_1_73,1,3,
40,2,40_2,1,40_2_1,74,40_2_1_74,1,3,
40,2,40_2,1,40_2_1,75,40_2_1_75,1,3,
40,2,40_2,1,40_2_1,76,40_2_1_76,1,3,
40,2,40_2,1,40_2_1,77,40_2_1_77,4,0,
40,2,40_2,1,40_2_1,78,40_2_1_78,1,3,
40,2,40_2,1,40_2_1,79,40_2_1_79,1,3,
40,2,40_2,1,40_2_1,80,40_2_1_80,1,3,
40,2,40_2,1,40_2_1,81,40_2_1_81,1,3,
40,2,40_2,1,40_2_1,82,40_2_1_82,1,3,
40,2,40_2,1,40_2_1,83,40_2_1_83,2,2,
40,2,40_2,1,40_2_1,84,40_2_1_84,4,0,
40,2,40_2,1,40_2_1,85,40_2_1_85,1,3,
40,2,40_2,1,40_2_1,86,40_2_1_86,1,3,
40,2,40_2,1,40_2_1,87,40_2_1_87,1,3,
40,2,40_2,1,40_2_1,88,40_2_1_88,1,3,
40,2,40_2,1,40_2_1,89,40_2_1_89,3,1,
40,2,40_2,1,40_2_1,90,40_2_1_90,1,3,
40,3,40_3,1,40_3_1,1,40_3_1_1,1,3,
40,3,40_3,1,40_3_1,2,40_3_1_2,1,3,
40,3,40_3,1,40_3_1,3,40_3_1_3,1,3,
40,3,40_3,1,40_3_1,4,40_3_1_4,1,3,
40,3,40_3,1,40_3_1,5,40_3_1_5,1,3,
40,3,40_3,1,40_3_1,6,40_3_1_6,1,3,
40,3,40_3,1,40_3_1,7,40_3_1_7,1,3,
40,3,40_3,1,40_3_1,8,40_3_1_8,1,3,
40,3,40_3,1,40_3_1,9,40_3_1_9,2,2,
40,3,40_3,1,40_3_1,10,40_3_1_10,1,3,
40,3,40_3,1,40_3_1,11,40_3_1_11,1,3,
40,3,40_3,1,40_3_1,12,40_3_1_12,2,2,
40,3,40_3,1,40_3_1,13,40_3_1_13,1,3,
40,3,40_3,1,40_3_1,14,40_3_1_14,2,2,
40,3,40_3,1,40_3_1,15,40_3_1_15,2,2,
40,3,40_3,1,40_3_1,16,40_3_1_16,2,2,
40,3,40_3,1,40_3_1,17,40_3_1_17,1,3,
40,3,40_3,1,40_3_1,18,40_3_1_18,2,2,
40,3,40_3,1,40_3_1,19,40_3_1_19,1,3,
40,3,40_3,1,40_3_1,20,40_3_1_20,1,3,
40,3,40_3,1,40_3_1,21,40_3_1_21,1,3,
40,3,40_3,1,40_3_1,22,40_3_1_22,2,2,
40,3,40_3,1,40_3_1,23,40_3_1_23,1,3,
40,3,40_3,1,40_3_1,24,40_3_1_24,2,2,
40,3,40_3,1,40_3_1,25,40_3_1_25,1,3,
40,3,40_3,1,40_3_1,26,40_3_1_26,2,2,
40,3,40_3,1,40_3_1,27,40_3_1_27,2,2,
40,3,40_3,1,40_3_1,28,40_3_1_28,2,2,
40,3,40_3,1,40_3_1,29,40_3_1_29,1,3,
40,3,40_3,1,40_3_1,30,40_3_1_30,1,3,
40,3,40_3,1,40_3_1,31,40_3_1_31,1,3,
40,3,40_3,1,40_3_1,32,40_3_1_32,1,3,
40,3,40_3,1,40_3_1,33,40_3_1_33,1,3,
40,3,40_3,1,40_3_1,34,40_3_1_34,2,2,
40,3,40_3,1,40_3_1,35,40_3_1_35,1,3,
40,3,40_3,1,40_3_1,36,40_3_1_36,2,2,
40,3,40_3,1,40_3_1,37,40_3_1_37,1,3,
40,3,40_3,1,40_3_1,38,40_3_1_38,2,2,
40,3,40_3,1,40_3_1,39,40_3_1_39,1,3,
40,3,40_3,1,40_3_1,40,40_3_1_40,1,3,
40,3,40_3,2,40_3_2,1,40_3_2_1,1,3,
40,3,40_3,2,40_3_2,2,40_3_2_2,1,3,
40,3,40_3,2,40_3_2,3,40_3_2_3,1,3,
40,3,40_3,2,40_3_2,4,40_3_2_4,1,3,
40,3,40_3,2,40_3_2,5,40_3_2_5,1,3,
40,3,40_3,2,40_3_2,6,40_3_2_6,3,1,
40,3,40_3,2,40_3_2,7,40_3_2_7,2,2,
40,3,40_3,2,40_3_2,8,40_3_2_8,2,2,
40,3,40_3,2,40_3_2,9,40_3_2_9,1,3,
40,3,40_3,2,40_3_2,10,40_3_2_10,1,3,
40,3,40_3,2,40_3_2,11,40_3_2_11,2,2,
40,3,40_3,2,40_3_2,12,40_3_2_12,1,3,
40,3,40_3,2,40_3_2,13,40_3_2_13,1,3,
40,3,40_3,2,40_3_2,14,40_3_2_14,1,3,
40,3,40_3,2,40_3_2,15,40_3_2_15,1,3,
40,3,40_3,2,40_3_2,16,40_3_2_16,3,1,
40,3,40_3,2,40_3_2,17,40_3_2_17,1,3,
40,3,40_3,2,40_3_2,18,40_3_2_18,1,3,
40,3,40_3,2,40_3_2,19,40_3_2_19,2,2,
40,3,40_3,2,40_3_2,20,40_3_2_20,1,3,
40,3,40_3,2,40_3_2,21,40_3_2_21,1,3,
40,3,40_3,2,40_3_2,22,40_3_2_22,1,3,
40,3,40_3,2,40_3_2,23,40_3_2_23,2,2,
40,3,40_3,2,40_3_2,24,40_3_2_24,1,3,
40,3,40_3,2,40_3_2,25,40_3_2_25,1,3,
40,3,40_3,2,40_3_2,26,40_3_2_26,1,3,
40,3,40_3,2,40_3_2,27,40_3_2_27,1,3,
40,3,40_3,2,40_3_2,28,40_3_2_28,1,3,
40,3,40_3,2,40_3_2,29,40_3_2_29,2,2,
40,3,40_3,2,40_3_2,30,40_3_2_30,1,3,
40,3,40_3,2,40_3_2,31,40_3_2_31,1,3,
40,3,40_3,3,40_3_3,1,40_3_3_1,1,3,
40,3,40_3,3,40_3_3,2,40_3_3_2,1,3,
40,3,40_3,3,40_3_3,3,40_3_3_3,1,3,
40,3,40_3,3,40_3_3,4,40_3_3_4,1,3,
40,3,40_3,3,40_3_3,5,40_3_3_5,1,3,
40,3,40_3,3,40_3_3,6,40_3_3_6,2,2,
40,3,40_3,3,40_3_3,7,40_3_3_7,1,3,
40,3,40_3,3,40_3_3,8,40_3_3_8,3,1,
40,3,40_3,3,40_3_3,9,40_3_3_9,1,3,
40,3,40_3,3,40_3_3,10,40_3_3_10,1,3,
40,3,40_3,3,40_3_3,11,40_3_3_11,1,3,
40,3,40_3,3,40_3_3,12,40_3_3_12,2,2,
40,3,40_3,3,40_3_3,13,40_3_3_13,1,3,
40,3,40_3,3,40_3_3,14,40_3_3_14,2,2,
40,3,40_3,3,40_3_3,15,40_3_3_15,1,3,
40,3,40_3,3,40_3_3,16,40_3_3_16,2,2,
40,3,40_3,3,40_3_3,17,40_3_3_17,1,3,
40,3,40_3,3,40_3_3,18,40_3_3_18,1,3,
40,3,40_3,3,40_3_3,19,40_3_3_19,1,3,
40,3,40_3,3,40_3_3,20,40_3_3_20,1,3,
40,3,40_3,3,40_3_3,21,40_3_3_21,1,3,
40,3,40_3,3,40_3_3,22,40_3_3_22,1,3,
40,3,40_3,3,40_3_3,23,40_3_3_23,1,3,
40,3,40_3,4,40_3_4,1,40_3_4_1,1,3,
40,3,40_3,4,40_3_4,2,40_3_4_2,1,3,
40,3,40_3,4,40_3_4,3,40_3_4_3,1,3,
40,3,40_3,4,40_3_4,4,40_3_4_4,3,1,
40,3,40_3,4,40_3_4,5,40_3_4_5,2,2,
40,3,40_3,4,40_3_4,6,40_3_4_6,4,0,
40,3,40_3,4,40_3_4,7,40_3_4_7,1,3,
40,3,40_3,4,40_3_4,8,40_3_4_8,1,3,
40,3,40_3,4,40_3_4,9,40_3_4_9,3,1,
40,3,40_3,4,40_3_4,10,40_3_4_10,2,2,
40,3,40_3,4,40_3_4,11,40_3_4_11,2,2,
40,3,40_3,4,40_3_4,12,40_3_4_12,3,1,
40,3,40_3,4,40_3_4,13,40_3_4_13,2,2,
40,3,40_3,4,40_3_4,14,40_3_4_14,3,1,
40,3,40_3,4,40_3_4,15,40_3_4_15,2,2,
40,3,40_3,4,40_3_4,16,40_3_4_16,3,1,
40,3,40_3,4,40_3_4,17,40_3_4_17,3,1,
40,3,40_3,4,40_3_4,18,40_3_4_18,2,2,
40,3,40_3,4,40_3_4,19,40_3_4_19,1,3,
40,3,40_3,4,40_3_4,20,40_3_4_20,1,3,
40,3,40_3,4,40_3_4,21,40_3_4_21,2,2,
40,3,40_3,4,40_3_4,22,40_3_4_22,1,3,
40,3,40_3,4,40_3_4,23,40_3_4_23,3,1,
40,3,40_3,4,40_3_4,24,40_3_4_24,3,1,
40,3,40_3,4,40_3_4,25,40_3_4_25,2,2,
40,3,40_3,4,40_3_4,26,40_3_4_26,3,1,
40,3,40_3,4,40_3_4,27,40_3_4_27,1,3,
40,3,40_3,4,40_3_4,28,40_3_4_28,1,3,
40,3,40_3,4,40_3_4,29,40_3_4_29,1,3,
40,3,40_3,4,40_3_4,30,40_3_4_30,1,3,
40,3,40_3,4,40_3_4,31,40_3_4_31,1,3,
40,3,40_3,4,40_3_4,32,40_3_4_32,3,1,
40,3,40_3,4,40_3_4,33,40_3_4_33,1,3,
40,3,40_3,4,40_3_4,34,40_3_4_34,1,3,
40,3,40_3,4,40_3_4,35,40_3_4_35,2,2,
40,3,40_3,4,40_3_4,36,40_3_4_36,3,1,
40,3,40_3,4,40_3_4,37,40_3_4_37,1,3,
40,3,40_3,4,40_3_4,38,40_3_4_38,2,2,
40,3,40_3,4,40_3_4,39,40_3_4_39,1,3,
40,3,40_3,4,40_3_4,40,40_3_4_40,1,3,
40,3,40_3,4,40_3_4,41,40_3_4_41,4,0,
40,3,40_3,4,40_3_4,42,40_3_4_42,2,2,
40,3,40_3,4,40_3_4,43,40_3_4_43,2,2,
40,3,40_3,4,40_3_4,44,40_3_4_44,2,2,
40,3,40_3,4,40_3_4,45,40_3_4_45,2,2,
40,3,40_3,4,40_3_4,46,40_3_4_46,2,2,
40,3,40_3,4,40_3_4,47,40_3_4_47,1,3,
40,3,40_3,4,40_3_4,48,40_3_4_48,1,3,
41,1,41_1,1,41_1_1,1,41_1_1_1,2,2,
41,1,41_1,1,41_1_1,2,41_1_1_2,1,3,
41,1,41_1,1,41_1_1,3,41_1_1_3,1,3,
41,1,41_1,1,41_1_1,4,41_1_1_4,1,3,
41,1,41_1,1,41_1_1,5,41_1_1_5,3,1,
41,1,41_1,1,41_1_1,6,41_1_1_6,1,3,
41,1,41_1,1,41_1_1,7,41_1_1_7,2,2,
41,1,41_1,1,41_1_1,8,41_1_1_8,2,2,
41,1,41_1,1,41_1_1,9,41_1_1_9,2,2,
41,1,41_1,1,41_1_1,10,41_1_1_10,2,2,
41,1,41_1,1,41_1_1,11,41_1_1_11,2,2,
41,1,41_1,1,41_1_1,12,41_1_1_12,2,2,
41,1,41_1,1,41_1_1,13,41_1_1_13,1,3,
41,1,41_1,1,41_1_1,14,41_1_1_14,2,2,
41,1,41_1,1,41_1_1,15,41_1_1_15,2,2,
41,1,41_1,1,41_1_1,16,41_1_1_16,2,2,
41,1,41_1,1,41_1_1,17,41_1_1_17,2,2,
41,1,41_1,1,41_1_1,18,41_1_1_18,2,2,
41,1,41_1,1,41_1_1,19,41_1_1_19,1,3,
41,1,41_1,1,41_1_1,20,41_1_1_20,1,3,
41,1,41_1,1,41_1_1,21,41_1_1_21,2,2,
41,1,41_1,1,41_1_1,22,41_1_1_22,3,1,
41,1,41_1,1,41_1_1,23,41_1_1_23,1,3,
41,1,41_1,1,41_1_1,24,41_1_1_24,1,3,
41,1,41_1,1,41_1_1,25,41_1_1_25,2,2,
41,1,41_1,1,41_1_1,26,41_1_1_26,3,1,
41,1,41_1,1,41_1_1,27,41_1_1_27,2,2,
41,1,41_1,1,41_1_1,28,41_1_1_28,2,2,
41,1,41_1,1,41_1_1,29,41_1_1_29,2,2,
41,1,41_1,1,41_1_1,30,41_1_1_30,1,3,
41,1,41_1,1,41_1_1,31,41_1_1_31,1,3,
41,1,41_1,1,41_1_1,32,41_1_1_32,1,3,
41,1,41_1,1,41_1_1,33,41_1_1_33,1,3,
41,1,41_1,1,41_1_1,34,41_1_1_34,1,3,
41,1,41_1,2,41_1_2,1,41_1_2_1,2,2,
41,1,41_1,2,41_1_2,2,41_1_2_2,1,3,
41,1,41_1,2,41_1_2,3,41_1_2_3,2,2,
41,1,41_1,2,41_1_2,4,41_1_2_4,1,3,
41,1,41_1,2,41_1_2,5,41_1_2_5,1,3,
41,1,41_1,2,41_1_2,6,41_1_2_6,1,3,
41,1,41_1,2,41_1_2,7,41_1_2_7,3,1,
41,1,41_1,2,41_1_2,8,41_1_2_8,2,2,
41,1,41_1,2,41_1_2,9,41_1_2_9,2,2,
41,1,41_1,2,41_1_2,10,41_1_2_10,1,3,
41,1,41_1,2,41_1_2,11,41_1_2_11,1,3,
41,1,41_1,2,41_1_2,12,41_1_2_12,1,3,
41,2,41_2,1,41_2_1,1,41_2_1_1,1,3,
41,2,41_2,1,41_2_1,2,41_2_1_2,2,2,
41,2,41_2,1,41_2_1,3,41_2_1_3,1,3,
41,2,41_2,1,41_2_1,4,41_2_1_4,1,3,
41,2,41_2,1,41_2_1,5,41_2_1_5,1,3,
41,2,41_2,1,41_2_1,6,41_2_1_6,1,3,
41,2,41_2,1,41_2_1,7,41_2_1_7,2,2,
41,2,41_2,1,41_2_1,8,41_2_1_8,1,3,
41,2,41_2,1,41_2_1,9,41_2_1_9,1,3,
41,2,41_2,1,41_2_1,10,41_2_1_10,2,2,
41,2,41_2,1,41_2_1,11,41_2_1_11,1,3,
41,2,41_2,1,41_2_1,12,41_2_1_12,2,2,
41,2,41_2,1,41_2_1,13,41_2_1_13,1,3,
41,2,41_2,1,41_2_1,14,41_2_1_14,1,3,
41,2,41_2,1,41_2_1,15,41_2_1_15,2,2,
41,2,41_2,1,41_2_1,16,41_2_1_16,3,1,
41,2,41_2,1,41_2_1,17,41_2_1_17,4,0,
41,2,41_2,1,41_2_1,18,41_2_1_18,4,0,
41,2,41_2,1,41_2_1,19,41_2_1_19,1,3,
41,2,41_2,1,41_2_1,20,41_2_1_20,1,3,
41,2,41_2,1,41_2_1,21,41_2_1_21,1,3,
41,2,41_2,1,41_2_1,22,41_2_1_22,1,3,
41,2,41_2,1,41_2_1,23,41_2_1_23,1,3,
41,2,41_2,1,41_2_1,24,41_2_1_24,1,3,
41,2,41_2,1,41_2_1,25,41_2_1_25,3,1,
41,2,41_2,1,41_2_1,26,41_2_1_26,1,3,
41,2,41_2,1,41_2_1,27,41_2_1_27,2,2,
41,2,41_2,1,41_2_1,28,41_2_1_28,1,3,
41,2,41_2,1,41_2_1,29,41_2_1_29,1,3,
41,2,41_2,1,41_2_1,30,41_2_1_30,2,2,
41,2,41_2,1,41_2_1,31,41_2_1_31,2,2,
41,2,41_2,1,41_2_1,32,41_2_1_32,1,3,
41,2,41_2,1,41_2_1,33,41_2_1_33,2,2,
41,2,41_2,1,41_2_1,34,41_2_1_34,2,2,
41,2,41_2,1,41_2_1,35,41_2_1_35,2,2,
41,2,41_2,1,41_2_1,36,41_2_1_36,2,2,
41,2,41_2,1,41_2_1,37,41_2_1_37,2,2,
41,2,41_2,1,41_2_1,38,41_2_1_38,2,2,
41,2,41_2,1,41_2_1,39,41_2_1_39,2,2,
41,2,41_2,1,41_2_1,40,41_2_1_40,2,2,
41,2,41_2,1,41_2_1,41,41_2_1_41,1,3,
41,2,41_2,1,41_2_1,42,41_2_1_42,1,3,
41,2,41_2,1,41_2_1,43,41_2_1_43,2,2,
41,2,41_2,1,41_2_1,44,41_2_1_44,2,2,
41,2,41_2,1,41_2_1,45,41_2_1_45,2,2,
41,2,41_2,1,41_2_1,46,41_2_1_46,1,3,
41,2,41_2,1,41_2_1,47,41_2_1_47,1,3,
41,2,41_2,1,41_2_1,48,41_2_1_48,2,2,
41,2,41_2,1,41_2_1,49,41_2_1_49,2,2,
41,2,41_2,1,41_2_1,50,41_2_1_50,4,0,
41,2,41_2,1,41_2_1,51,41_2_1_51,1,3,
41,2,41_2,1,41_2_1,52,41_2_1_52,4,0,
41,2,41_2,1,41_2_1,53,41_2_1_53,2,2,
41,2,41_2,1,41_2_1,54,41_2_1_54,2,2,
41,2,41_2,1,41_2_1,55,41_2_1_55,2,2,
41,2,41_2,1,41_2_1,56,41_2_1_56,1,3,
41,2,41_2,1,41_2_1,57,41_2_1_57,1,3,
41,2,41_2,1,41_2_1,58,41_2_1_58,3,1,
41,2,41_2,1,41_2_1,59,41_2_1_59,1,3,
41,2,41_2,1,41_2_1,60,41_2_1_60,2,2,
41,2,41_2,1,41_2_1,61,41_2_1_61,1,3,
41,2,41_2,1,41_2_1,62,41_2_1_62,1,3,
41,2,41_2,1,41_2_1,63,41_2_1_63,1,3,
41,2,41_2,1,41_2_1,64,41_2_1_64,1,3,
41,2,41_2,1,41_2_1,65,41_2_1_65,1,3,
41,2,41_2,1,41_2_1,66,41_2_1_66,1,3,
41,2,41_2,1,41_2_1,67,41_2_1_67,1,3,
41,2,41_2,1,41_2_1,68,41_2_1_68,1,3,
41,2,41_2,1,41_2_1,69,41_2_1_69,1,3,
41,2,41_2,1,41_2_1,70,41_2_1_70,3,1,
41,2,41_2,1,41_2_1,71,41_2_1_71,2,2,
41,2,41_2,1,41_2_1,72,41_2_1_72,2,2,
41,2,41_2,1,41_2_1,73,41_2_1_73,1,3,
41,2,41_2,1,41_2_1,74,41_2_1_74,2,2,
41,3,41_3,1,41_3_1,1,41_3_1_1,3,1,
41,3,41_3,1,41_3_1,2,41_3_1_2,2,2,
41,3,41_3,1,41_3_1,3,41_3_1_3,1,3,
41,3,41_3,1,41_3_1,4,41_3_1_4,2,2,
41,3,41_3,1,41_3_1,5,41_3_1_5,2,2,
41,3,41_3,1,41_3_1,6,41_3_1_6,1,3,
41,3,41_3,1,41_3_1,7,41_3_1_7,1,3,
41,3,41_3,1,41_3_1,8,41_3_1_8,2,2,
41,3,41_3,1,41_3_1,9,41_3_1_9,4,0,
41,3,41_3,1,41_3_1,10,41_3_1_10,2,2,
41,3,41_3,1,41_3_1,11,41_3_1_11,2,2,
41,3,41_3,1,41_3_1,12,41_3_1_12,2,2,
41,3,41_3,1,41_3_1,13,41_3_1_13,3,1,
41,3,41_3,1,41_3_1,14,41_3_1_14,2,2,
41,3,41_3,1,41_3_1,15,41_3_1_15,2,2,
41,3,41_3,1,41_3_1,16,41_3_1_16,2,2,
41,3,41_3,1,41_3_1,17,41_3_1_17,3,1,
41,3,41_3,1,41_3_1,18,41_3_1_18,2,2,
41,3,41_3,1,41_3_1,19,41_3_1_19,2,2,
41,3,41_3,1,41_3_1,20,41_3_1_20,3,1,
41,3,41_3,1,41_3_1,21,41_3_1_21,2,2,
41,3,41_3,1,41_3_1,22,41_3_1_22,2,2,
41,3,41_3,1,41_3_1,23,41_3_1_23,2,2,
41,3,41_3,1,41_3_1,24,41_3_1_24,3,1,
41,3,41_3,1,41_3_1,25,41_3_1_25,4,0,
41,3,41_3,1,41_3_1,26,41_3_1_26,1,3,
41,3,41_3,1,41_3_1,27,41_3_1_27,1,3,
41,3,41_3,1,41_3_1,28,41_3_1_28,1,3,
41,3,41_3,1,41_3_1,29,41_3_1_29,1,3,
41,3,41_3,1,41_3_1,30,41_3_1_30,1,3,
41,3,41_3,1,41_3_1,31,41_3_1_31,1,3,
41,3,41_3,1,41_3_1,32,41_3_1_32,1,3,
41,3,41_3,1,41_3_1,33,41_3_1_33,2,2,
41,3,41_3,1,41_3_1,34,41_3_1_34,1,3,
41,3,41_3,1,41_3_1,35,41_3_1_35,1,3,
41,3,41_3,1,41_3_1,36,41_3_1_36,4,0,
41,3,41_3,1,41_3_1,37,41_3_1_37,1,3,
41,3,41_3,1,41_3_1,38,41_3_1_38,1,3,
41,3,41_3,1,41_3_1,39,41_3_1_39,2,2,
41,3,41_3,1,41_3_1,40,41_3_1_40,2,2,
41,3,41_3,1,41_3_1,41,41_3_1_41,1,3,
41,3,41_3,1,41_3_1,42,41_3_1_42,1,3,
41,3,41_3,1,41_3_1,43,41_3_1_43,1,3,
41,3,41_3,1,41_3_1,44,41_3_1_44,1,3,
41,3,41_3,1,41_3_1,45,41_3_1_45,1,3,
41,3,41_3,1,41_3_1,46,41_3_1_46,3,1,
41,3,41_3,1,41_3_1,47,41_3_1_47,3,1,
41,3,41_3,1,41_3_1,48,41_3_1_48,2,2,
41,3,41_3,1,41_3_1,49,41_3_1_49,1,3,
41,3,41_3,1,41_3_1,50,41_3_1_50,1,3,
41,3,41_3,1,41_3_1,51,41_3_1_51,1,3,
41,3,41_3,1,41_3_1,52,41_3_1_52,1,3,
41,3,41_3,1,41_3_1,53,41_3_1_53,3,1,
41,3,41_3,1,41_3_1,54,41_3_1_54,2,2,
41,3,41_3,1,41_3_1,55,41_3_1_55,1,3,
41,3,41_3,1,41_3_1,56,41_3_1_56,1,3,
41,3,41_3,1,41_3_1,57,41_3_1_57,3,1,
41,3,41_3,1,41_3_1,58,41_3_1_58,1,3,
41,3,41_3,1,41_3_1,59,41_3_1_59,3,1,
41,3,41_3,1,41_3_1,60,41_3_1_60,1,3,
41,3,41_3,1,41_3_1,61,41_3_1_61,2,2,
41,3,41_3,1,41_3_1,62,41_3_1_62,1,3,
41,3,41_3,1,41_3_1,63,41_3_1_63,1,3,
41,3,41_3,1,41_3_1,64,41_3_1_64,1,3,
41,3,41_3,1,41_3_1,65,41_3_1_65,1,3,
41,3,41_3,1,41_3_1,66,41_3_1_66,1,3,
41,3,41_3,1,41_3_1,67,41_3_1_67,1,3,
41,3,41_3,1,41_3_1,68,41_3_1_68,1,3,
41,3,41_3,1,41_3_1,69,41_3_1_69,1,3,
41,3,41_3,1,41_3_1,70,41_3_1_70,1,3,
41,3,41_3,1,41_3_1,71,41_3_1_71,2,2,
41,3,41_3,1,41_3_1,72,41_3_1_72,2,2,
41,3,41_3,1,41_3_1,73,41_3_1_73,3,1,
41,3,41_3,1,41_3_1,74,41_3_1_74,2,2,
41,3,41_3,1,41_3_1,75,41_3_1_75,1,3,
41,3,41_3,1,41_3_1,76,41_3_1_76,1,3,
41,3,41_3,1,41_3_1,77,41_3_1_77,3,1,
41,3,41_3,1,41_3_1,78,41_3_1_78,1,3,
41,3,41_3,1,41_3_1,79,41_3_1_79,1,3,
41,3,41_3,1,41_3_1,80,41_3_1_80,1,3,
41,3,41_3,1,41_3_1,81,41_3_1_81,3,1,
41,3,41_3,1,41_3_1,82,41_3_1_82,1,3,
41,3,41_3,1,41_3_1,83,41_3_1_83,2,2,
41,3,41_3,1,41_3_1,84,41_3_1_84,1,3,
41,3,41_3,2,41_3_2,1,41_3_2_1,1,3,
41,3,41_3,2,41_3_2,2,41_3_2_2,2,2,
41,3,41_3,2,41_3_2,3,41_3_2_3,2,2,
41,3,41_3,2,41_3_2,4,41_3_2_4,1,3,
41,3,41_3,2,41_3_2,5,41_3_2_5,1,3,
41,3,41_3,2,41_3_2,6,41_3_2_6,1,3,
41,3,41_3,2,41_3_2,7,41_3_2_7,1,3,
41,3,41_3,2,41_3_2,8,41_3_2_8,2,2,
41,3,41_3,2,41_3_2,9,41_3_2_9,1,3,
41,3,41_3,2,41_3_2,10,41_3_2_10,1,3,
41,3,41_3,2,41_3_2,11,41_3_2_11,1,3,
41,3,41_3,2,41_3_2,12,41_3_2_12,1,3,
41,3,41_3,2,41_3_2,13,41_3_2_13,1,3,
41,3,41_3,2,41_3_2,14,41_3_2_14,2,2,
41,3,41_3,2,41_3_2,15,41_3_2_15,2,2,
41,3,41_3,2,41_3_2,16,41_3_2_16,2,2,
41,3,41_3,2,41_3_2,17,41_3_2_17,1,3,
41,3,41_3,2,41_3_2,18,41_3_2_18,1,3,
41,3,41_3,2,41_3_2,19,41_3_2_19,1,3,
41,3,41_3,2,41_3_2,20,41_3_2_20,2,2,
41,3,41_3,2,41_3_2,21,41_3_2_21,1,3,
41,3,41_3,2,41_3_2,22,41_3_2_22,1,3,
41,3,41_3,2,41_3_2,23,41_3_2_23,1,3,
41,3,41_3,2,41_3_2,24,41_3_2_24,1,3,
41,3,41_3,2,41_3_2,25,41_3_2_25,1,3,
41,3,41_3,2,41_3_2,26,41_3_2_26,2,2,
41,3,41_3,2,41_3_2,27,41_3_2_27,1,3,
41,3,41_3,2,41_3_2,28,41_3_2_28,4,0,
41,3,41_3,2,41_3_2,29,41_3_2_29,2,2,
41,3,41_3,2,41_3_2,30,41_3_2_30,1,3,
41,3,41_3,2,41_3_2,31,41_3_2_31,2,2,
41,3,41_3,2,41_3_2,32,41_3_2_32,1,3,
41,3,41_3,2,41_3_2,33,41_3_2_33,1,3,
41,3,41_3,2,41_3_2,34,41_3_2_34,1,3,
41,3,41_3,2,41_3_2,35,41_3_2_35,1,3,
41,3,41_3,2,41_3_2,36,41_3_2_36,1,3,
41,3,41_3,2,41_3_2,37,41_3_2_37,1,3,
41,3,41_3,2,41_3_2,38,41_3_2_38,1,3,
41,3,41_3,2,41_3_2,39,41_3_2_39,4,0,
41,3,41_3,2,41_3_2,40,41_3_2_40,3,1,
41,3,41_3,2,41_3_2,41,41_3_2_41,1,3,
41,3,41_3,2,41_3_2,42,41_3_2_42,2,2,
41,3,41_3,2,41_3_2,43,41_3_2_43,1,3,
41,3,41_3,2,41_3_2,44,41_3_2_44,1,3,
41,3,41_3,2,41_3_2,45,41_3_2_45,1,3,
41,3,41_3,2,41_3_2,46,41_3_2_46,2,2,
41,3,41_3,2,41_3_2,47,41_3_2_47,1,3,
41,3,41_3,2,41_3_2,48,41_3_2_48,1,3,
41,3,41_3,2,41_3_2,49,41_3_2_49,1,3,
41,3,41_3,2,41_3_2,50,41_3_2_50,1,3,
41,3,41_3,2,41_3_2,51,41_3_2_51,1,3,
41,3,41_3,3,41_3_3,1,41_3_3_1,1,3,
41,3,41_3,3,41_3_3,2,41_3_3_2,2,2,
41,3,41_3,3,41_3_3,3,41_3_3_3,2,2,
41,3,41_3,3,41_3_3,4,41_3_3_4,2,2,
41,3,41_3,3,41_3_3,5,41_3_3_5,2,2,
41,3,41_3,3,41_3_3,6,41_3_3_6,2,2,
41,3,41_3,3,41_3_3,7,41_3_3_7,1,3,
41,3,41_3,3,41_3_3,8,41_3_3_8,1,3,
47,1,47_1,1,47_1_1,1,47_1_1_1,4,0,
47,1,47_1,1,47_1_1,2,47_1_1_2,1,3,
47,1,47_1,1,47_1_1,3,47_1_1_3,3,1,
47,1,47_1,1,47_1_1,4,47_1_1_4,2,2,
47,1,47_1,1,47_1_1,5,47_1_1_5,3,1,
47,1,47_1,1,47_1_1,6,47_1_1_6,2,2,
47,1,47_1,1,47_1_1,7,47_1_1_7,2,2,
47,1,47_1,1,47_1_1,8,47_1_1_8,1,3,
47,1,47_1,1,47_1_1,9,47_1_1_9,1,3,
47,1,47_1,1,47_1_1,10,47_1_1_10,2,2,
47,1,47_1,1,47_1_1,11,47_1_1_11,1,3,
47,1,47_1,1,47_1_1,12,47_1_1_12,1,3,
47,1,47_1,1,47_1_1,13,47_1_1_13,1,3,
47,1,47_1,1,47_1_1,14,47_1_1_14,1,3,
47,1,47_1,1,47_1_1,15,47_1_1_15,2,2,
47,1,47_1,1,47_1_1,16,47_1_1_16,1,3,
47,1,47_1,1,47_1_1,17,47_1_1_17,2,2,
47,1,47_1,1,47_1_1,18,47_1_1_18,2,2,
47,1,47_1,1,47_1_1,19,47_1_1_19,2,2,
47,1,47_1,1,47_1_1,20,47_1_1_20,2,2,
47,1,47_1,1,47_1_1,21,47_1_1_21,1,3,
47,1,47_1,1,47_1_1,22,47_1_1_22,1,3,
47,1,47_1,1,47_1_1,23,47_1_1_23,1,3,
47,1,47_1,1,47_1_1,24,47_1_1_24,1,3,
47,1,47_1,1,47_1_1,25,47_1_1_25,1,3,
47,1,47_1,1,47_1_1,26,47_1_1_26,3,1,
47,1,47_1,1,47_1_1,27,47_1_1_27,2,2,
47,1,47_1,1,47_1_1,28,47_1_1_28,1,3,
47,1,47_1,1,47_1_1,29,47_1_1_29,1,3,
47,1,47_1,1,47_1_1,30,47_1_1_30,2,2,
47,1,47_1,1,47_1_1,31,47_1_1_31,2,2,
47,1,47_1,1,47_1_1,32,47_1_1_32,1,3,
47,1,47_1,1,47_1_1,33,47_1_1_33,1,3,
47,1,47_1,1,47_1_1,34,47_1_1_34,2,2,
47,1,47_1,1,47_1_1,35,47_1_1_35,2,2,
47,1,47_1,1,47_1_1,36,47_1_1_36,2,2,
47,1,47_1,1,47_1_1,37,47_1_1_37,1,3,
47,1,47_1,1,47_1_1,38,47_1_1_38,2,2,
47,1,47_1,1,47_1_1,39,47_1_1_39,1,3,
47,1,47_1,1,47_1_1,40,47_1_1_40,2,2,
47,1,47_1,1,47_1_1,41,47_1_1_41,3,1,
47,1,47_1,1,47_1_1,42,47_1_1_42,1,3,
47,1,47_1,1,47_1_1,43,47_1_1_43,4,0,
47,1,47_1,1,47_1_1,44,47_1_1_44,1,3,
47,1,47_1,1,47_1_1,45,47_1_1_45,3,1,
47,1,47_1,1,47_1_1,46,47_1_1_46,3,1,
47,1,47_1,1,47_1_1,47,47_1_1_47,3,1,
47,1,47_1,1,47_1_1,48,47_1_1_48,1,3,
47,1,47_1,1,47_1_1,49,47_1_1_49,1,3,
47,1,47_1,1,47_1_1,50,47_1_1_50,2,2,
47,1,47_1,1,47_1_1,51,47_1_1_51,1,3,
47,1,47_1,1,47_1_1,52,47_1_1_52,1,3,
47,1,47_1,1,47_1_1,53,47_1_1_53,2,2,
47,1,47_1,1,47_1_1,54,47_1_1_54,1,3,
47,1,47_1,1,47_1_1,55,47_1_1_55,1,3,
47,1,47_1,1,47_1_1,56,47_1_1_56,2,2,
47,1,47_1,1,47_1_1,57,47_1_1_57,2,2,
47,1,47_1,1,47_1_1,58,47_1_1_58,1,3,
47,1,47_1,1,47_1_1,59,47_1_1_59,1,3,
47,1,47_1,1,47_1_1,60,47_1_1_60,1,3,
47,1,47_1,1,47_1_1,61,47_1_1_61,2,2,
47,1,47_1,1,47_1_1,62,47_1_1_62,2,2,
47,1,47_1,1,47_1_1,63,47_1_1_63,1,3,
47,1,47_1,1,47_1_1,64,47_1_1_64,2,2,
47,1,47_1,1,47_1_1,65,47_1_1_65,4,0,
47,1,47_1,1,47_1_1,66,47_1_1_66,4,0,
47,1,47_1,1,47_1_1,67,47_1_1_67,3,1,
47,1,47_1,1,47_1_1,68,47_1_1_68,2,2,
47,1,47_1,1,47_1_1,69,47_1_1_69,1,3,
47,1,47_1,1,47_1_1,70,47_1_1_70,2,2,
47,1,47_1,1,47_1_1,71,47_1_1_71,1,3,
47,1,47_1,1,47_1_1,72,47_1_1_72,1,3,
47,1,47_1,1,47_1_1,73,47_1_1_73,4,0,
47,1,47_1,1,47_1_1,74,47_1_1_74,2,2,
47,1,47_1,1,47_1_1,75,47_1_1_75,1,3,
47,1,47_1,1,47_1_1,76,47_1_1_76,1,3,
47,1,47_1,1,47_1_1,77,47_1_1_77,2,2,
47,1,47_1,1,47_1_1,78,47_1_1_78,1,3,
47,1,47_1,1,47_1_1,79,47_1_1_79,1,3,
47,1,47_1,1,47_1_1,80,47_1_1_80,1,3,
47,1,47_1,1,47_1_1,81,47_1_1_81,1,3,
47,1,47_1,2,47_1_2,1,47_1_2_1,2,2,
47,1,47_1,2,47_1_2,2,47_1_2_2,1,3,
47,1,47_1,2,47_1_2,3,47_1_2_3,1,3,
47,1,47_1,2,47_1_2,4,47_1_2_4,3,1,
47,1,47_1,2,47_1_2,5,47_1_2_5,2,2,
47,1,47_1,2,47_1_2,6,47_1_2_6,2,2,
47,1,47_1,2,47_1_2,7,47_1_2_7,2,2,
47,1,47_1,2,47_1_2,8,47_1_2_8,1,3,
47,1,47_1,2,47_1_2,9,47_1_2_9,1,3,
47,1,47_1,2,47_1_2,10,47_1_2_10,4,0,
47,1,47_1,2,47_1_2,11,47_1_2_11,2,2,
47,1,47_1,2,47_1_2,12,47_1_2_12,1,3,
47,1,47_1,2,47_1_2,13,47_1_2_13,3,1,
47,1,47_1,2,47_1_2,14,47_1_2_14,2,2,
47,1,47_1,2,47_1_2,15,47_1_2_15,1,3,
47,1,47_1,2,47_1_2,16,47_1_2_16,1,3,
47,1,47_1,2,47_1_2,17,47_1_2_17,1,3,
47,1,47_1,2,47_1_2,18,47_1_2_18,2,2,
47,1,47_1,2,47_1_2,19,47_1_2_19,1,3,
47,1,47_1,2,47_1_2,20,47_1_2_20,1,3,
47,1,47_1,2,47_1_2,21,47_1_2_21,4,0,
47,1,47_1,2,47_1_2,22,47_1_2_22,2,2,
47,1,47_1,2,47_1_2,23,47_1_2_23,2,2,
47,1,47_1,2,47_1_2,24,47_1_2_24,3,1,
47,1,47_1,2,47_1_2,25,47_1_2_25,1,3,
47,1,47_1,2,47_1_2,26,47_1_2_26,1,3,
47,1,47_1,2,47_1_2,27,47_1_2_27,1,3,
47,1,47_1,2,47_1_2,28,47_1_2_28,2,2,
47,1,47_1,2,47_1_2,29,47_1_2_29,2,2,
47,1,47_1,2,47_1_2,30,47_1_2_30,1,3,
47,1,47_1,2,47_1_2,31,47_1_2_31,1,3,
47,1,47_1,2,47_1_2,32,47_1_2_32,2,2,
47,1,47_1,2,47_1_2,33,47_1_2_33,1,3,
47,1,47_1,2,47_1_2,34,47_1_2_34,1,3,
47,1,47_1,2,47_1_2,35,47_1_2_35,1,3,
47,1,47_1,2,47_1_2,36,47_1_2_36,1,3,
47,1,47_1,2,47_1_2,37,47_1_2_37,2,2,
47,1,47_1,2,47_1_2,38,47_1_2_38,1,3,
47,1,47_1,2,47_1_2,39,47_1_2_39,2,2,
47,1,47_1,2,47_1_2,40,47_1_2_40,1,3,
47,1,47_1,2,47_1_2,41,47_1_2_41,1,3,
47,1,47_1,2,47_1_2,42,47_1_2_42,4,0,
47,1,47_1,2,47_1_2,43,47_1_2_43,3,1,
47,1,47_1,2,47_1_2,44,47_1_2_44,2,2,
47,1,47_1,2,47_1_2,45,47_1_2_45,1,3,
47,1,47_1,2,47_1_2,46,47_1_2_46,1,3,
47,1,47_1,2,47_1_2,47,47_1_2_47,2,2,
47,1,47_1,2,47_1_2,48,47_1_2_48,2,2,
47,1,47_1,2,47_1_2,49,47_1_2_49,3,1,
47,1,47_1,2,47_1_2,50,47_1_2_50,1,3,
47,1,47_1,2,47_1_2,51,47_1_2_51,3,1,
47,1,47_1,2,47_1_2,52,47_1_2_52,1,3,
47,1,47_1,2,47_1_2,53,47_1_2_53,2,2,
47,1,47_1,2,47_1_2,54,47_1_2_54,1,3,
47,1,47_1,2,47_1_2,55,47_1_2_55,1,3,
47,1,47_1,2,47_1_2,56,47_1_2_56,4,0,
47,1,47_1,2,47_1_2,57,47_1_2_57,1,3,
47,1,47_1,2,47_1_2,58,47_1_2_58,1,3,
47,1,47_1,2,47_1_2,59,47_1_2_59,1,3,
47,1,47_1,2,47_1_2,60,47_1_2_60,3,1,
47,1,47_1,2,47_1_2,61,47_1_2_61,2,2,
47,1,47_1,2,47_1_2,62,47_1_2_62,2,2,
47,1,47_1,2,47_1_2,63,47_1_2_63,1,3,
47,1,47_1,2,47_1_2,64,47_1_2_64,2,2,
47,1,47_1,2,47_1_2,65,47_1_2_65,2,2,
47,1,47_1,2,47_1_2,66,47_1_2_66,2,2,
47,1,47_1,2,47_1_2,67,47_1_2_67,1,3,
47,1,47_1,2,47_1_2,68,47_1_2_68,1,3,
47,1,47_1,2,47_1_2,69,47_1_2_69,1,3,
47,1,47_1,2,47_1_2,70,47_1_2_70,1,3,
47,1,47_1,2,47_1_2,71,47_1_2_71,1,3,
47,1,47_1,2,47_1_2,72,47_1_2_72,1,3,
47,1,47_1,2,47_1_2,73,47_1_2_73,2,2,
47,1,47_1,2,47_1_2,74,47_1_2_74,1,3,
47,1,47_1,2,47_1_2,75,47_1_2_75,2,2,
47,1,47_1,2,47_1_2,76,47_1_2_76,3,1,
47,1,47_1,2,47_1_2,77,47_1_2_77,3,1,
47,1,47_1,2,47_1_2,78,47_1_2_78,1,3,
47,1,47_1,2,47_1_2,79,47_1_2_79,1,3,
47,1,47_1,2,47_1_2,80,47_1_2_80,2,2,
47,1,47_1,2,47_1_2,81,47_1_2_81,2,2,
47,1,47_1,2,47_1_2,82,47_1_2_82,3,1,
47,1,47_1,2,47_1_2,83,47_1_2_83,1,3,
47,1,47_1,2,47_1_2,84,47_1_2_84,1,3,
47,1,47_1,2,47_1_2,85,47_1_2_85,1,3,
47,1,47_1,2,47_1_2,86,47_1_2_86,1,3,
47,1,47_1,2,47_1_2,87,47_1_2_87,1,3,
47,1,47_1,2,47_1_2,88,47_1_2_88,1,3,
47,1,47_1,2,47_1_2,89,47_1_2_89,2,2,
47,1,47_1,2,47_1_2,90,47_1_2_90,1,3,
47,1,47_1,2,47_1_2,91,47_1_2_91,2,2,
47,1,47_1,2,47_1_2,92,47_1_2_92,1,3,
47,1,47_1,2,47_1_2,93,47_1_2_93,1,3,
47,1,47_1,2,47_1_2,94,47_1_2_94,1,3,
47,1,47_1,2,47_1_2,95,47_1_2_95,2,2,
47,1,47_1,2,47_1_2,96,47_1_2_96,1,3,
47,1,47_1,2,47_1_2,97,47_1_2_97,2,2,
47,1,47_1,2,47_1_2,98,47_1_2_98,2,2,
47,2,47_2,1,47_2_1,1,47_2_1_1,3,1,
47,2,47_2,1,47_2_1,2,47_2_1_2,3,1,
47,2,47_2,1,47_2_1,3,47_2_1_3,2,2,
47,2,47_2,1,47_2_1,4,47_2_1_4,1,3,
47,2,47_2,1,47_2_1,5,47_2_1_5,1,3,
47,2,47_2,1,47_2_1,6,47_2_1_6,2,2,
47,2,47_2,1,47_2_1,7,47_2_1_7,3,1,
47,2,47_2,1,47_2_1,8,47_2_1_8,3,1,
47,2,47_2,1,47_2_1,9,47_2_1_9,1,3,
47,2,47_2,1,47_2_1,10,47_2_1_10,3,1,
47,2,47_2,1,47_2_1,11,47_2_1_11,1,3,
47,2,47_2,1,47_2_1,12,47_2_1_12,2,2,
47,2,47_2,1,47_2_1,13,47_2_1_13,1,3,
47,2,47_2,1,47_2_1,14,47_2_1_14,2,2,
47,2,47_2,1,47_2_1,15,47_2_1_15,1,3,
47,2,47_2,1,47_2_1,16,47_2_1_16,3,1,
47,2,47_2,1,47_2_1,17,47_2_1_17,1,3,
47,2,47_2,1,47_2_1,18,47_2_1_18,1,3,
47,2,47_2,1,47_2_1,19,47_2_1_19,4,0,
47,2,47_2,1,47_2_1,20,47_2_1_20,1,3,
47,2,47_2,1,47_2_1,21,47_2_1_21,1,3,
47,2,47_2,1,47_2_1,22,47_2_1_22,2,2,
47,2,47_2,1,47_2_1,23,47_2_1_23,2,2,
47,2,47_2,1,47_2_1,24,47_2_1_24,1,3,
47,2,47_2,1,47_2_1,25,47_2_1_25,1,3,
47,2,47_2,1,47_2_1,26,47_2_1_26,1,3,
47,2,47_2,1,47_2_1,27,47_2_1_27,3,1,
47,2,47_2,1,47_2_1,28,47_2_1_28,1,3,
47,2,47_2,1,47_2_1,29,47_2_1_29,2,2,
47,2,47_2,1,47_2_1,30,47_2_1_30,3,1,
47,2,47_2,1,47_2_1,31,47_2_1_31,2,2,
47,2,47_2,1,47_2_1,32,47_2_1_32,1,3,
47,2,47_2,1,47_2_1,33,47_2_1_33,1,3,
47,2,47_2,1,47_2_1,34,47_2_1_34,1,3,
47,2,47_2,1,47_2_1,35,47_2_1_35,3,1,
47,2,47_2,1,47_2_1,36,47_2_1_36,2,2,
47,2,47_2,1,47_2_1,37,47_2_1_37,2,2,
47,2,47_2,1,47_2_1,38,47_2_1_38,3,1,
47,2,47_2,1,47_2_1,39,47_2_1_39,2,2,
47,2,47_2,1,47_2_1,40,47_2_1_40,1,3,
47,2,47_2,1,47_2_1,41,47_2_1_41,2,2,
47,2,47_2,1,47_2_1,42,47_2_1_42,2,2,
47,2,47_2,1,47_2_1,43,47_2_1_43,3,1,
47,2,47_2,1,47_2_1,44,47_2_1_44,2,2,
47,2,47_2,1,47_2_1,45,47_2_1_45,2,2,
47,2,47_2,1,47_2_1,46,47_2_1_46,1,3,
47,2,47_2,1,47_2_1,47,47_2_1_47,1,3,
47,2,47_2,1,47_2_1,48,47_2_1_48,1,3,
47,2,47_2,1,47_2_1,49,47_2_1_49,2,2,
47,2,47_2,1,47_2_1,50,47_2_1_50,1,3,
47,2,47_2,1,47_2_1,51,47_2_1_51,1,3,
47,2,47_2,1,47_2_1,52,47_2_1_52,1,3,
47,2,47_2,1,47_2_1,53,47_2_1_53,2,2,
47,2,47_2,1,47_2_1,54,47_2_1_54,3,1,
47,2,47_2,1,47_2_1,55,47_2_1_55,1,3,
47,2,47_2,1,47_2_1,56,47_2_1_56,2,2,
47,2,47_2,1,47_2_1,57,47_2_1_57,1,3,
47,2,47_2,1,47_2_1,58,47_2_1_58,3,1,
47,2,47_2,1,47_2_1,59,47_2_1_59,1,3,
47,2,47_2,1,47_2_1,60,47_2_1_60,2,2,
47,2,47_2,1,47_2_1,61,47_2_1_61,1,3,
47,2,47_2,1,47_2_1,62,47_2_1_62,2,2,
47,2,47_2,1,47_2_1,63,47_2_1_63,1,3,
47,2,47_2,1,47_2_1,64,47_2_1_64,3,1,
47,2,47_2,1,47_2_1,65,47_2_1_65,1,3,
47,2,47_2,1,47_2_1,66,47_2_1_66,1,3,
47,2,47_2,1,47_2_1,67,47_2_1_67,1,3,
47,2,47_2,1,47_2_1,68,47_2_1_68,1,3,
47,2,47_2,1,47_2_1,69,47_2_1_69,1,3,
47,2,47_2,1,47_2_1,70,47_2_1_70,2,2,
47,2,47_2,1,47_2_1,71,47_2_1_71,1,3,
47,2,47_2,1,47_2_1,72,47_2_1_72,1,3,
47,2,47_2,1,47_2_1,73,47_2_1_73,2,2,
47,2,47_2,1,47_2_1,74,47_2_1_74,2,2,
47,2,47_2,1,47_2_1,75,47_2_1_75,1,3,
47,2,47_2,1,47_2_1,76,47_2_1_76,1,3,
47,2,47_2,1,47_2_1,77,47_2_1_77,2,2,
47,2,47_2,1,47_2_1,78,47_2_1_78,1,3,
47,2,47_2,1,47_2_1,79,47_2_1_79,2,2,
47,2,47_2,1,47_2_1,80,47_2_1_80,1,3,
47,2,47_2,1,47_2_1,81,47_2_1_81,3,1,
47,2,47_2,1,47_2_1,82,47_2_1_82,3,1,
47,2,47_2,1,47_2_1,83,47_2_1_83,1,3,
47,2,47_2,1,47_2_1,84,47_2_1_84,2,2,
47,2,47_2,1,47_2_1,85,47_2_1_85,1,3,
47,2,47_2,1,47_2_1,86,47_2_1_86,2,2,
47,2,47_2,1,47_2_1,87,47_2_1_87,2,2,
47,2,47_2,1,47_2_1,88,47_2_1_88,1,3,
47,2,47_2,1,47_2_1,89,47_2_1_89,1,3,
47,2,47_2,1,47_2_1,90,47_2_1_90,2,2,
47,2,47_2,1,47_2_1,91,47_2_1_91,1,3,
47,2,47_2,1,47_2_1,92,47_2_1_92,2,2,
47,2,47_2,1,47_2_1,93,47_2_1_93,1,3,
47,3,47_3,1,47_3_1,1,47_3_1_1,1,3,
47,3,47_3,1,47_3_1,2,47_3_1_2,1,3,
47,3,47_3,1,47_3_1,3,47_3_1_3,1,3,
47,3,47_3,1,47_3_1,4,47_3_1_4,2,2,
47,3,47_3,1,47_3_1,5,47_3_1_5,2,2,
47,3,47_3,1,47_3_1,6,47_3_1_6,2,2,
47,3,47_3,1,47_3_1,7,47_3_1_7,2,2,
47,3,47_3,1,47_3_1,8,47_3_1_8,1,3,
47,3,47_3,1,47_3_1,9,47_3_1_9,2,2,
47,3,47_3,1,47_3_1,10,47_3_1_10,2,2,
47,3,47_3,1,47_3_1,11,47_3_1_11,3,1,
47,3,47_3,1,47_3_1,12,47_3_1_12,1,3,
47,3,47_3,1,47_3_1,13,47_3_1_13,3,1,
47,3,47_3,1,47_3_1,14,47_3_1_14,1,3,
47,3,47_3,1,47_3_1,15,47_3_1_15,2,2,
47,3,47_3,1,47_3_1,16,47_3_1_16,3,1,
47,3,47_3,1,47_3_1,17,47_3_1_17,3,1,
47,3,47_3,1,47_3_1,18,47_3_1_18,2,2,
47,3,47_3,1,47_3_1,19,47_3_1_19,1,3,
47,3,47_3,1,47_3_1,20,47_3_1_20,1,3,
47,3,47_3,1,47_3_1,21,47_3_1_21,2,2,
47,3,47_3,1,47_3_1,22,47_3_1_22,2,2,
47,3,47_3,1,47_3_1,23,47_3_1_23,1,3,
47,3,47_3,1,47_3_1,24,47_3_1_24,2,2,
47,3,47_3,1,47_3_1,25,47_3_1_25,2,2,
47,3,47_3,1,47_3_1,26,47_3_1_26,1,3,
47,3,47_3,1,47_3_1,27,47_3_1_27,3,1,
47,3,47_3,1,47_3_1,28,47_3_1_28,3,1,
47,3,47_3,1,47_3_1,29,47_3_1_29,1,3,
47,3,47_3,1,47_3_1,30,47_3_1_30,1,3,
47,3,47_3,1,47_3_1,31,47_3_1_31,2,2,
47,3,47_3,1,47_3_1,32,47_3_1_32,3,1,
47,3,47_3,1,47_3_1,33,47_3_1_33,3,1,
47,3,47_3,1,47_3_1,34,47_3_1_34,1,3,
47,3,47_3,1,47_3_1,35,47_3_1_35,2,2,
47,3,47_3,1,47_3_1,36,47_3_1_36,1,3,
47,3,47_3,1,47_3_1,37,47_3_1_37,1,3,
47,3,47_3,1,47_3_1,38,47_3_1_38,2,2,
47,3,47_3,1,47_3_1,39,47_3_1_39,1,3,
47,3,47_3,1,47_3_1,40,47_3_1_40,2,2,
47,3,47_3,1,47_3_1,41,47_3_1_41,2,2,
47,3,47_3,1,47_3_1,42,47_3_1_42,2,2,
47,3,47_3,1,47_3_1,43,47_3_1_43,1,3,
47,3,47_3,1,47_3_1,44,47_3_1_44,2,2,
47,3,47_3,1,47_3_1,45,47_3_1_45,4,0,
47,3,47_3,1,47_3_1,46,47_3_1_46,2,2,
47,3,47_3,1,47_3_1,47,47_3_1_47,2,2,
47,3,47_3,1,47_3_1,48,47_3_1_48,2,2,
47,3,47_3,1,47_3_1,49,47_3_1_49,1,3,
47,3,47_3,1,47_3_1,50,47_3_1_50,1,3,
47,3,47_3,1,47_3_1,51,47_3_1_51,3,1,
47,3,47_3,1,47_3_1,52,47_3_1_52,1,3,
47,3,47_3,1,47_3_1,53,47_3_1_53,2,2,
47,3,47_3,1,47_3_1,54,47_3_1_54,2,2,
47,3,47_3,1,47_3_1,55,47_3_1_55,1,3,
47,3,47_3,1,47_3_1,56,47_3_1_56,1,3,
47,3,47_3,1,47_3_1,57,47_3_1_57,1,3,
47,3,47_3,1,47_3_1,58,47_3_1_58,1,3,
47,3,47_3,1,47_3_1,59,47_3_1_59,1,3,
47,3,47_3,1,47_3_1,60,47_3_1_60,1,3,
47,3,47_3,2,47_3_2,1,47_3_2_1,2,2,
47,3,47_3,2,47_3_2,2,47_3_2_2,1,3,
47,3,47_3,2,47_3_2,3,47_3_2_3,1,3,
47,3,47_3,2,47_3_2,4,47_3_2_4,3,1,
47,3,47_3,2,47_3_2,5,47_3_2_5,1,3,
47,3,47_3,2,47_3_2,6,47_3_2_6,1,3,
47,3,47_3,2,47_3_2,7,47_3_2_7,2,2,
47,3,47_3,2,47_3_2,8,47_3_2_8,1,3,
47,3,47_3,2,47_3_2,9,47_3_2_9,1,3,
47,3,47_3,2,47_3_2,10,47_3_2_10,1,3,
47,3,47_3,2,47_3_2,11,47_3_2_11,1,3,
47,3,47_3,2,47_3_2,12,47_3_2_12,1,3,
47,3,47_3,2,47_3_2,13,47_3_2_13,1,3,
47,3,47_3,2,47_3_2,14,47_3_2_14,1,3,
47,3,47_3,2,47_3_2,15,47_3_2_15,1,3,
47,3,47_3,2,47_3_2,16,47_3_2_16,2,2,
47,3,47_3,2,47_3_2,17,47_3_2_17,1,3,
47,3,47_3,2,47_3_2,18,47_3_2_18,2,2,
47,3,47_3,2,47_3_2,19,47_3_2_19,1,3,
47,3,47_3,2,47_3_2,20,47_3_2_20,2,2,
47,3,47_3,2,47_3_2,21,47_3_2_21,1,3,
47,3,47_3,2,47_3_2,22,47_3_2_22,1,3,
47,3,47_3,2,47_3_2,23,47_3_2_23,1,3,
47,3,47_3,2,47_3_2,24,47_3_2_24,1,3,
47,3,47_3,2,47_3_2,25,47_3_2_25,1,3,
47,3,47_3,2,47_3_2,26,47_3_2_26,1,3,
47,3,47_3,2,47_3_2,27,47_3_2_27,1,3,
47,3,47_3,3,47_3_3,1,47_3_3_1,1,3,
47,3,47_3,3,47_3_3,2,47_3_3_2,2,2,
47,3,47_3,3,47_3_3,3,47_3_3_3,1,3,
47,3,47_3,3,47_3_3,4,47_3_3_4,1,3,
47,3,47_3,3,47_3_3,5,47_3_3_5,1,3,
47,3,47_3,3,47_3_3,6,47_3_3_6,2,2,
47,3,47_3,3,47_3_3,7,47_3_3_7,3,1,
47,3,47_3,3,47_3_3,8,47_3_3_8,2,2,
47,3,47_3,3,47_3_3,9,47_3_3_9,2,2,
47,3,47_3,3,47_3_3,10,47_3_3_10,1,3,
47,3,47_3,3,47_3_3,11,47_3_3_11,1,3,
47,3,47_3,3,47_3_3,12,47_3_3_12,1,3,
47,3,47_3,3,47_3_3,13,47_3_3_13,1,3,
47,3,47_3,3,47_3_3,14,47_3_3_14,1,3,
47,3,47_3,3,47_3_3,15,47_3_3_15,1,3,
47,3,47_3,3,47_3_3,16,47_3_3_16,1,3,
47,3,47_3,3,47_3_3,17,47_3_3_17,1,3,
48,1,48_1,1,48_1_1,1,48_1_1_1,2,2,
48,1,48_1,1,48_1_1,2,48_1_1_2,3,1,
48,1,48_1,1,48_1_1,3,48_1_1_3,2,2,
48,1,48_1,1,48_1_1,4,48_1_1_4,1,3,
48,1,48_1,1,48_1_1,5,48_1_1_5,2,2,
48,1,48_1,1,48_1_1,6,48_1_1_6,1,3,
48,1,48_1,1,48_1_1,7,48_1_1_7,2,2,
48,1,48_1,1,48_1_1,8,48_1_1_8,1,3,
48,1,48_1,1,48_1_1,9,48_1_1_9,2,2,
48,1,48_1,1,48_1_1,10,48_1_1_10,1,3,
48,1,48_1,1,48_1_1,11,48_1_1_11,2,2,
48,1,48_1,1,48_1_1,12,48_1_1_12,2,2,
48,1,48_1,1,48_1_1,13,48_1_1_13,1,3,
48,1,48_1,1,48_1_1,14,48_1_1_14,1,3,
48,1,48_1,1,48_1_1,15,48_1_1_15,1,3,
48,1,48_1,1,48_1_1,16,48_1_1_16,2,2,
48,1,48_1,1,48_1_1,17,48_1_1_17,2,2,
48,1,48_1,1,48_1_1,18,48_1_1_18,1,3,
48,1,48_1,1,48_1_1,19,48_1_1_19,1,3,
48,1,48_1,1,48_1_1,20,48_1_1_20,4,0,
48,1,48_1,1,48_1_1,21,48_1_1_21,4,0,
48,1,48_1,1,48_1_1,22,48_1_1_22,3,1,
48,1,48_1,1,48_1_1,23,48_1_1_23,1,3,
48,1,48_1,1,48_1_1,24,48_1_1_24,2,2,
48,1,48_1,1,48_1_1,25,48_1_1_25,1,3,
48,1,48_1,1,48_1_1,26,48_1_1_26,3,1,
48,1,48_1,1,48_1_1,27,48_1_1_27,1,3,
48,1,48_1,1,48_1_1,28,48_1_1_28,1,3,
48,1,48_1,1,48_1_1,29,48_1_1_29,1,3,
48,1,48_1,1,48_1_1,30,48_1_1_30,2,2,
48,1,48_1,1,48_1_1,31,48_1_1_31,1,3,
48,1,48_1,2,48_1_2,1,48_1_2_1,3,1,
48,1,48_1,2,48_1_2,2,48_1_2_2,1,3,
48,1,48_1,2,48_1_2,3,48_1_2_3,3,1,
48,1,48_1,2,48_1_2,4,48_1_2_4,1,3,
48,1,48_1,2,48_1_2,5,48_1_2_5,1,3,
48,1,48_1,2,48_1_2,6,48_1_2_6,1,3,
48,1,48_1,2,48_1_2,7,48_1_2_7,1,3,
48,1,48_1,2,48_1_2,8,48_1_2_8,1,3,
48,1,48_1,2,48_1_2,9,48_1_2_9,1,3,
48,1,48_1,2,48_1_2,10,48_1_2_10,1,3,
48,1,48_1,2,48_1_2,11,48_1_2_11,3,1,
48,1,48_1,2,48_1_2,12,48_1_2_12,1,3,
48,1,48_1,2,48_1_2,13,48_1_2_13,2,2,
48,2,48_2,1,48_2_1,1,48_2_1_1,2,2,
48,2,48_2,1,48_2_1,2,48_2_1_2,1,3,
48,2,48_2,1,48_2_1,3,48_2_1_3,1,3,
48,2,48_2,1,48_2_1,4,48_2_1_4,1,3,
48,2,48_2,1,48_2_1,5,48_2_1_5,1,3,
48,2,48_2,1,48_2_1,6,48_2_1_6,3,1,
48,2,48_2,1,48_2_1,7,48_2_1_7,3,1,
48,2,48_2,1,48_2_1,8,48_2_1_8,2,2,
48,2,48_2,1,48_2_1,9,48_2_1_9,1,3,
48,2,48_2,1,48_2_1,10,48_2_1_10,1,3,
48,2,48_2,1,48_2_1,11,48_2_1_11,1,3,
48,2,48_2,2,48_2_2,1,48_2_2_1,1,3,
48,3,48_3,1,48_3_1,1,48_3_1_1,1,3,
48,3,48_3,1,48_3_1,2,48_3_1_2,2,2,
48,3,48_3,1,48_3_1,3,48_3_1_3,2,2,
48,3,48_3,1,48_3_1,4,48_3_1_4,1,3,
48,3,48_3,1,48_3_1,5,48_3_1_5,1,3,
48,3,48_3,1,48_3_1,6,48_3_1_6,1,3,
48,3,48_3,1,48_3_1,7,48_3_1_7,1,3,
48,3,48_3,1,48_3_1,8,48_3_1_8,4,0,
48,3,48_3,1,48_3_1,9,48_3_1_9,3,1,
48,3,48_3,1,48_3_1,10,48_3_1_10,1,3,
48,3,48_3,1,48_3_1,11,48_3_1_11,1,3,
48,3,48_3,1,48_3_1,12,48_3_1_12,1,3,
48,3,48_3,1,48_3_1,13,48_3_1_13,1,3,
48,3,48_3,1,48_3_1,14,48_3_1_14,1,3,
48,3,48_3,1,48_3_1,15,48_3_1_15,2,2,
48,3,48_3,1,48_3_1,16,48_3_1_16,1,3,
48,3,48_3,1,48_3_1,17,48_3_1_17,1,3,
48,4,48_4,1,48_4_1,1,48_4_1_1,2,2,
48,4,48_4,1,48_4_1,2,48_4_1_2,1,3,
48,4,48_4,1,48_4_1,3,48_4_1_3,2,2,
48,4,48_4,1,48_4_1,4,48_4_1_4,2,2,
48,4,48_4,1,48_4_1,5,48_4_1_5,2,2,
48,4,48_4,1,48_4_1,6,48_4_1_6,2,2,
48,4,48_4,1,48_4_1,7,48_4_1_7,2,2,
48,4,48_4,1,48_4_1,8,48_4_1_8,2,2,
48,4,48_4,1,48_4_1,9,48_4_1_9,1,3,
48,4,48_4,1,48_4_1,10,48_4_1_10,1,3,
48,4,48_4,1,48_4_1,11,48_4_1_11,2,2,
48,4,48_4,1,48_4_1,12,48_4_1_12,1,3,
48,4,48_4,1,48_4_1,13,48_4_1_13,1,3,
48,4,48_4,1,48_4_1,14,48_4_1_14,1,3,
48,4,48_4,1,48_4_1,15,48_4_1_15,3,1,
48,4,48_4,1,48_4_1,16,48_4_1_16,2,2,
48,4,48_4,1,48_4_1,17,48_4_1_17,2,2,
48,4,48_4,1,48_4_1,18,48_4_1_18,3,1,
48,4,48_4,1,48_4_1,19,48_4_1_19,2,2,
48,4,48_4,1,48_4_1,20,48_4_1_20,3,1,
48,4,48_4,1,48_4_1,21,48_4_1_21,3,1,
48,4,48_4,1,48_4_1,22,48_4_1_22,1,3,
48,4,48_4,1,48_4_1,23,48_4_1_23,1,3,
48,4,48_4,1,48_4_1,24,48_4_1_24,1,3,
48,4,48_4,1,48_4_1,25,48_4_1_25,1,3,
52,1,52_1,1,52_1_1,1,52_1_1_1,3,1,
52,1,52_1,1,52_1_1,2,52_1_1_2,1,3,
52,1,52_1,1,52_1_1,3,52_1_1_3,3,1,
52,1,52_1,1,52_1_1,4,52_1_1_4,1,3,
52,1,52_1,1,52_1_1,5,52_1_1_5,1,3,
52,1,52_1,1,52_1_1,6,52_1_1_6,2,2,
52,1,52_1,1,52_1_1,7,52_1_1_7,2,2,
52,1,52_1,1,52_1_1,8,52_1_1_8,1,3,
52,1,52_1,1,52_1_1,9,52_1_1_9,3,1,
52,1,52_1,1,52_1_1,10,52_1_1_10,2,2,
52,1,52_1,1,52_1_1,11,52_1_1_11,3,1,
52,1,52_1,1,52_1_1,12,52_1_1_12,2,2,
52,1,52_1,1,52_1_1,13,52_1_1_13,1,3,
52,1,52_1,1,52_1_1,14,52_1_1_14,1,3,
52,1,52_1,1,52_1_1,15,52_1_1_15,2,2,
52,1,52_1,1,52_1_1,16,52_1_1_16,2,2,
52,1,52_1,1,52_1_1,17,52_1_1_17,1,3,
52,1,52_1,1,52_1_1,18,52_1_1_18,2,2,
52,1,52_1,1,52_1_1,19,52_1_1_19,1,3,
52,1,52_1,1,52_1_1,20,52_1_1_20,1,3,
52,1,52_1,1,52_1_1,21,52_1_1_21,2,2,
52,1,52_1,1,52_1_1,22,52_1_1_22,2,2,
52,1,52_1,1,52_1_1,23,52_1_1_23,3,1,
52,1,52_1,1,52_1_1,24,52_1_1_24,1,3,
52,1,52_1,1,52_1_1,25,52_1_1_25,1,3,
52,1,52_1,1,52_1_1,26,52_1_1_26,3,1,
52,1,52_1,1,52_1_1,27,52_1_1_27,1,3,
52,1,52_1,1,52_1_1,28,52_1_1_28,1,3,
52,1,52_1,1,52_1_1,29,52_1_1_29,1,3,
52,1,52_1,1,52_1_1,30,52_1_1_30,1,3,
52,1,52_1,1,52_1_1,31,52_1_1_31,2,2,
52,1,52_1,1,52_1_1,32,52_1_1_32,1,3,
52,1,52_1,1,52_1_1,33,52_1_1_33,2,2,
52,1,52_1,1,52_1_1,34,52_1_1_34,2,2,
52,1,52_1,1,52_1_1,35,52_1_1_35,2,2,
52,1,52_1,1,52_1_1,36,52_1_1_36,1,3,
52,1,52_1,1,52_1_1,37,52_1_1_37,3,1,
52,1,52_1,1,52_1_1,38,52_1_1_38,1,3,
52,1,52_1,1,52_1_1,39,52_1_1_39,2,2,
52,1,52_1,1,52_1_1,40,52_1_1_40,1,3,
52,1,52_1,1,52_1_1,41,52_1_1_41,2,2,
52,1,52_1,1,52_1_1,42,52_1_1_42,2,2,
52,1,52_1,1,52_1_1,43,52_1_1_43,2,2,
52,1,52_1,1,52_1_1,44,52_1_1_44,2,2,
52,1,52_1,1,52_1_1,45,52_1_1_45,2,2,
52,1,52_1,1,52_1_1,46,52_1_1_46,1,3,
52,1,52_1,1,52_1_1,47,52_1_1_47,2,2,
52,1,52_1,1,52_1_1,48,52_1_1_48,1,3,
52,1,52_1,1,52_1_1,49,52_1_1_49,2,2,
52,1,52_1,1,52_1_1,50,52_1_1_50,2,2,
52,1,52_1,1,52_1_1,51,52_1_1_51,4,0,
52,1,52_1,1,52_1_1,52,52_1_1_52,1,3,
52,1,52_1,1,52_1_1,53,52_1_1_53,1,3,
52,1,52_1,1,52_1_1,54,52_1_1_54,1,3,
52,1,52_1,1,52_1_1,55,52_1_1_55,2,2,
52,1,52_1,1,52_1_1,56,52_1_1_56,1,3,
52,1,52_1,1,52_1_1,57,52_1_1_57,2,2,
52,1,52_1,1,52_1_1,58,52_1_1_58,3,1,
52,1,52_1,1,52_1_1,59,52_1_1_59,1,3,
52,1,52_1,1,52_1_1,60,52_1_1_60,1,3,
52,1,52_1,1,52_1_1,61,52_1_1_61,1,3,
52,1,52_1,1,52_1_1,62,52_1_1_62,1,3,
52,1,52_1,1,52_1_1,63,52_1_1_63,2,2,
52,1,52_1,1,52_1_1,64,52_1_1_64,3,1,
52,1,52_1,1,52_1_1,65,52_1_1_65,2,2,
52,1,52_1,1,52_1_1,66,52_1_1_66,1,3,
52,1,52_1,1,52_1_1,67,52_1_1_67,2,2,
52,1,52_1,1,52_1_1,68,52_1_1_68,3,1,
52,1,52_1,1,52_1_1,69,52_1_1_69,2,2,
52,1,52_1,1,52_1_1,70,52_1_1_70,1,3,
52,1,52_1,1,52_1_1,71,52_1_1_71,1,3,
52,1,52_1,1,52_1_1,72,52_1_1_72,1,3,
52,1,52_1,1,52_1_1,73,52_1_1_73,1,3,
52,1,52_1,1,52_1_1,74,52_1_1_74,2,2,
52,1,52_1,1,52_1_1,75,52_1_1_75,2,2,
52,1,52_1,1,52_1_1,76,52_1_1_76,1,3,
52,1,52_1,1,52_1_1,77,52_1_1_77,1,3,
52,1,52_1,1,52_1_1,78,52_1_1_78,1,3,
52,1,52_1,1,52_1_1,79,52_1_1_79,2,2,
52,1,52_1,1,52_1_1,80,52_1_1_80,2,2,
52,1,52_1,1,52_1_1,81,52_1_1_81,3,1,
52,1,52_1,1,52_1_1,82,52_1_1_82,2,2,
52,1,52_1,1,52_1_1,83,52_1_1_83,1,3,
52,1,52_1,1,52_1_1,84,52_1_1_84,3,1,
52,1,52_1,1,52_1_1,85,52_1_1_85,2,2,
52,1,52_1,1,52_1_1,86,52_1_1_86,3,1,
52,1,52_1,1,52_1_1,87,52_1_1_87,1,3,
52,1,52_1,1,52_1_1,88,52_1_1_88,3,1,
52,1,52_1,1,52_1_1,89,52_1_1_89,2,2,
52,1,52_1,1,52_1_1,90,52_1_1_90,1,3,
52,1,52_1,1,52_1_1,91,52_1_1_91,3,1,
52,1,52_1,1,52_1_1,92,52_1_1_92,3,1,
52,1,52_1,1,52_1_1,93,52_1_1_93,2,2,
52,1,52_1,1,52_1_1,94,52_1_1_94,2,2,
52,1,52_1,1,52_1_1,95,52_1_1_95,2,2,
52,1,52_1,1,52_1_1,96,52_1_1_96,2,2,
52,1,52_1,1,52_1_1,97,52_1_1_97,2,2,
52,1,52_1,1,52_1_1,98,52_1_1_98,4,0,
52,1,52_1,1,52_1_1,99,52_1_1_99,4,0,
52,1,52_1,1,52_1_1,100,52_1_1_100,2,2,
52,1,52_1,1,52_1_1,101,52_1_1_101,1,3,
52,1,52_1,1,52_1_1,102,52_1_1_102,2,2,
52,1,52_1,1,52_1_1,103,52_1_1_103,1,3,
52,1,52_1,1,52_1_1,104,52_1_1_104,1,3,
52,1,52_1,1,52_1_1,105,52_1_1_105,1,3,
52,1,52_1,1,52_1_1,106,52_1_1_106,2,2,
52,1,52_1,1,52_1_1,107,52_1_1_107,1,3,
52,1,52_1,1,52_1_1,108,52_1_1_108,3,1,
52,1,52_1,1,52_1_1,109,52_1_1_109,3,1,
52,1,52_1,1,52_1_1,110,52_1_1_110,2,2,
52,1,52_1,1,52_1_1,111,52_1_1_111,1,3,
52,1,52_1,1,52_1_1,112,52_1_1_112,4,0,
52,1,52_1,1,52_1_1,113,52_1_1_113,1,3,
52,1,52_1,1,52_1_1,114,52_1_1_114,1,3,
52,1,52_1,1,52_1_1,115,52_1_1_115,1,3,
52,1,52_1,1,52_1_1,116,52_1_1_116,1,3,
52,1,52_1,1,52_1_1,117,52_1_1_117,2,2,
52,1,52_1,1,52_1_1,118,52_1_1_118,1,3,
52,1,52_1,1,52_1_1,119,52_1_1_119,2,2,
52,1,52_1,1,52_1_1,120,52_1_1_120,2,2,
52,1,52_1,1,52_1_1,121,52_1_1_121,2,2,
52,1,52_1,1,52_1_1,122,52_1_1_122,2,2,
52,1,52_1,1,52_1_1,123,52_1_1_123,1,3,
52,1,52_1,1,52_1_1,124,52_1_1_124,2,2,
52,1,52_1,1,52_1_1,125,52_1_1_125,1,3,
52,1,52_1,1,52_1_1,126,52_1_1_126,4,0,
52,1,52_1,1,52_1_1,127,52_1_1_127,1,3,
52,1,52_1,1,52_1_1,128,52_1_1_128,1,3,
52,1,52_1,1,52_1_1,129,52_1_1_129,2,2,
52,1,52_1,1,52_1_1,130,52_1_1_130,1,3,
52,1,52_1,1,52_1_1,131,52_1_1_131,1,3,
52,1,52_1,1,52_1_1,132,52_1_1_132,1,3,
52,1,52_1,1,52_1_1,133,52_1_1_133,2,2,
52,1,52_1,1,52_1_1,134,52_1_1_134,1,3,
52,1,52_1,1,52_1_1,135,52_1_1_135,1,3,
52,1,52_1,2,52_1_2,1,52_1_2_1,1,3,
52,1,52_1,2,52_1_2,2,52_1_2_2,2,2,
52,1,52_1,2,52_1_2,3,52_1_2_3,3,1,
52,1,52_1,2,52_1_2,4,52_1_2_4,2,2,
52,1,52_1,2,52_1_2,5,52_1_2_5,1,3,
52,1,52_1,2,52_1_2,6,52_1_2_6,2,2,
52,1,52_1,2,52_1_2,7,52_1_2_7,4,0,
52,1,52_1,2,52_1_2,8,52_1_2_8,2,2,
52,1,52_1,2,52_1_2,9,52_1_2_9,2,2,
52,1,52_1,2,52_1_2,10,52_1_2_10,3,1,
52,1,52_1,2,52_1_2,11,52_1_2_11,4,0,
52,1,52_1,2,52_1_2,12,52_1_2_12,3,1,
52,1,52_1,2,52_1_2,13,52_1_2_13,2,2,
52,1,52_1,2,52_1_2,14,52_1_2_14,2,2,
52,1,52_1,2,52_1_2,15,52_1_2_15,1,3,
52,1,52_1,2,52_1_2,16,52_1_2_16,3,1,
52,1,52_1,2,52_1_2,17,52_1_2_17,2,2,
52,1,52_1,2,52_1_2,18,52_1_2_18,4,0,
52,1,52_1,2,52_1_2,19,52_1_2_19,4,0,
52,1,52_1,2,52_1_2,20,52_1_2_20,2,2,
52,1,52_1,2,52_1_2,21,52_1_2_21,2,2,
52,1,52_1,2,52_1_2,22,52_1_2_22,3,1,
52,1,52_1,2,52_1_2,23,52_1_2_23,1,3,
52,1,52_1,2,52_1_2,24,52_1_2_24,1,3,
52,1,52_1,2,52_1_2,25,52_1_2_25,2,2,
52,1,52_1,2,52_1_2,26,52_1_2_26,1,3,
52,1,52_1,2,52_1_2,27,52_1_2_27,4,0,
52,1,52_1,2,52_1_2,28,52_1_2_28,1,3,
52,1,52_1,2,52_1_2,29,52_1_2_29,2,2,
52,1,52_1,2,52_1_2,30,52_1_2_30,1,3,
52,1,52_1,2,52_1_2,31,52_1_2_31,1,3,
52,1,52_1,2,52_1_2,32,52_1_2_32,1,3,
52,1,52_1,2,52_1_2,33,52_1_2_33,2,2,
52,1,52_1,2,52_1_2,34,52_1_2_34,1,3,
52,1,52_1,2,52_1_2,35,52_1_2_35,1,3,
52,1,52_1,2,52_1_2,36,52_1_2_36,1,3,
52,1,52_1,2,52_1_2,37,52_1_2_37,1,3,
52,1,52_1,2,52_1_2,38,52_1_2_38,1,3,
52,1,52_1,2,52_1_2,39,52_1_2_39,1,3,
52,1,52_1,2,52_1_2,40,52_1_2_40,1,3,
52,1,52_1,2,52_1_2,41,52_1_2_41,1,3,
52,2,52_2,1,52_2_1,1,52_2_1_1,1,3,
52,2,52_2,1,52_2_1,2,52_2_1_2,1,3,
52,2,52_2,1,52_2_1,3,52_2_1_3,1,3,
52,2,52_2,1,52_2_1,4,52_2_1_4,3,1,
52,2,52_2,1,52_2_1,5,52_2_1_5,4,0,
52,2,52_2,1,52_2_1,6,52_2_1_6,3,1,
52,2,52_2,1,52_2_1,7,52_2_1_7,3,1,
52,2,52_2,1,52_2_1,8,52_2_1_8,2,2,
52,2,52_2,1,52_2_1,9,52_2_1_9,3,1,
52,2,52_2,1,52_2_1,10,52_2_1_10,2,2,
52,2,52_2,1,52_2_1,11,52_2_1_11,1,3,
52,2,52_2,1,52_2_1,12,52_2_1_12,2,2,
52,2,52_2,1,52_2_1,13,52_2_1_13,1,3,
52,2,52_2,1,52_2_1,14,52_2_1_14,3,1,
52,2,52_2,1,52_2_1,15,52_2_1_15,1,3,
52,2,52_2,1,52_2_1,16,52_2_1_16,4,0,
52,2,52_2,1,52_2_1,17,52_2_1_17,4,0,
52,2,52_2,1,52_2_1,18,52_2_1_18,2,2,
52,2,52_2,1,52_2_1,19,52_2_1_19,1,3,
52,2,52_2,1,52_2_1,20,52_2_1_20,3,1,
52,2,52_2,1,52_2_1,21,52_2_1_21,2,2,
52,2,52_2,1,52_2_1,22,52_2_1_22,1,3,
52,2,52_2,1,52_2_1,23,52_2_1_23,1,3,
52,2,52_2,1,52_2_1,24,52_2_1_24,2,2,
52,2,52_2,1,52_2_1,25,52_2_1_25,1,3,
52,2,52_2,1,52_2_1,26,52_2_1_26,2,2,
52,2,52_2,1,52_2_1,27,52_2_1_27,1,3,
52,2,52_2,1,52_2_1,28,52_2_1_28,2,2,
52,2,52_2,1,52_2_1,29,52_2_1_29,2,2,
52,2,52_2,1,52_2_1,30,52_2_1_30,3,1,
52,2,52_2,1,52_2_1,31,52_2_1_31,2,2,
52,2,52_2,1,52_2_1,32,52_2_1_32,1,3,
52,2,52_2,1,52_2_1,33,52_2_1_33,2,2,
52,2,52_2,1,52_2_1,34,52_2_1_34,1,3,
52,2,52_2,1,52_2_1,35,52_2_1_35,2,2,
52,2,52_2,1,52_2_1,36,52_2_1_36,2,2,
52,2,52_2,1,52_2_1,37,52_2_1_37,1,3,
52,2,52_2,1,52_2_1,38,52_2_1_38,1,3,
52,2,52_2,1,52_2_1,39,52_2_1_39,1,3,
52,2,52_2,1,52_2_1,40,52_2_1_40,1,3,
52,2,52_2,1,52_2_1,41,52_2_1_41,1,3,
52,2,52_2,1,52_2_1,42,52_2_1_42,3,1,
52,2,52_2,1,52_2_1,43,52_2_1_43,1,3,
52,2,52_2,1,52_2_1,44,52_2_1_44,1,3,
52,2,52_2,1,52_2_1,45,52_2_1_45,1,3,
52,2,52_2,1,52_2_1,46,52_2_1_46,3,1,
52,2,52_2,1,52_2_1,47,52_2_1_47,3,1,
52,2,52_2,1,52_2_1,48,52_2_1_48,2,2,
52,2,52_2,1,52_2_1,49,52_2_1_49,1,3,
52,2,52_2,1,52_2_1,50,52_2_1_50,1,3,
52,2,52_2,1,52_2_1,51,52_2_1_51,1,3,
52,2,52_2,1,52_2_1,52,52_2_1_52,1,3,
52,2,52_2,1,52_2_1,53,52_2_1_53,2,2,
52,2,52_2,1,52_2_1,54,52_2_1_54,1,3,
52,2,52_2,1,52_2_1,55,52_2_1_55,2,2,
52,2,52_2,1,52_2_1,56,52_2_1_56,1,3,
52,2,52_2,1,52_2_1,57,52_2_1_57,1,3,
52,2,52_2,1,52_2_1,58,52_2_1_58,1,3,
52,2,52_2,1,52_2_1,59,52_2_1_59,1,3,
52,2,52_2,1,52_2_1,60,52_2_1_60,1,3,
52,2,52_2,1,52_2_1,61,52_2_1_61,1,3,
52,2,52_2,1,52_2_1,62,52_2_1_62,1,3,
52,2,52_2,1,52_2_1,63,52_2_1_63,2,2,
52,2,52_2,1,52_2_1,64,52_2_1_64,1,3,
52,2,52_2,1,52_2_1,65,52_2_1_65,1,3,
52,2,52_2,1,52_2_1,66,52_2_1_66,1,3,
52,2,52_2,1,52_2_1,67,52_2_1_67,1,3,
52,2,52_2,1,52_2_1,68,52_2_1_68,2,2,
52,2,52_2,1,52_2_1,69,52_2_1_69,1,3,
52,2,52_2,1,52_2_1,70,52_2_1_70,2,2,
52,2,52_2,1,52_2_1,71,52_2_1_71,1,3,
52,2,52_2,1,52_2_1,72,52_2_1_72,2,2,
52,2,52_2,1,52_2_1,73,52_2_1_73,1,3,
52,2,52_2,1,52_2_1,74,52_2_1_74,1,3,
52,2,52_2,1,52_2_1,75,52_2_1_75,1,3,
52,2,52_2,2,52_2_2,1,52_2_2_1,1,3,
52,2,52_2,2,52_2_2,2,52_2_2_2,2,2,
52,2,52_2,2,52_2_2,3,52_2_2_3,1,3,
52,2,52_2,2,52_2_2,4,52_2_2_4,1,3,
52,2,52_2,2,52_2_2,5,52_2_2_5,1,3,
52,2,52_2,2,52_2_2,6,52_2_2_6,1,3,
52,2,52_2,2,52_2_2,7,52_2_2_7,1,3,
52,2,52_2,2,52_2_2,8,52_2_2_8,1,3,
52,2,52_2,2,52_2_2,9,52_2_2_9,1,3,
52,2,52_2,2,52_2_2,10,52_2_2_10,1,3,
52,2,52_2,2,52_2_2,11,52_2_2_11,1,3,
52,2,52_2,2,52_2_2,12,52_2_2_12,1,3,
52,2,52_2,2,52_2_2,13,52_2_2_13,1,3,
52,2,52_2,2,52_2_2,14,52_2_2_14,1,3,
52,2,52_2,2,52_2_2,15,52_2_2_15,1,3,
52,2,52_2,2,52_2_2,16,52_2_2_16,1,3,
52,2,52_2,2,52_2_2,17,52_2_2_17,1,3,
52,2,52_2,2,52_2_2,18,52_2_2_18,2,2,
52,2,52_2,2,52_2_2,19,52_2_2_19,4,0,
52,2,52_2,2,52_2_2,20,52_2_2_20,1,3,
52,2,52_2,2,52_2_2,21,52_2_2_21,1,3,
52,2,52_2,2,52_2_2,22,52_2_2_22,2,2,
52,2,52_2,2,52_2_2,23,52_2_2_23,1,3,
52,2,52_2,2,52_2_2,24,52_2_2_24,1,3,
52,2,52_2,2,52_2_2,25,52_2_2_25,1,3,
52,2,52_2,2,52_2_2,26,52_2_2_26,1,3,
52,2,52_2,2,52_2_2,27,52_2_2_27,2,2,
52,2,52_2,2,52_2_2,28,52_2_2_28,2,2,
52,2,52_2,2,52_2_2,29,52_2_2_29,1,3,
52,2,52_2,2,52_2_2,30,52_2_2_30,1,3,
52,2,52_2,2,52_2_2,31,52_2_2_31,4,0,
52,2,52_2,2,52_2_2,32,52_2_2_32,1,3,
52,2,52_2,2,52_2_2,33,52_2_2_33,1,3,
52,2,52_2,2,52_2_2,34,52_2_2_34,2,2,
52,2,52_2,2,52_2_2,35,52_2_2_35,1,3,
52,2,52_2,2,52_2_2,36,52_2_2_36,1,3,
52,2,52_2,2,52_2_2,37,52_2_2_37,2,2,
52,2,52_2,2,52_2_2,38,52_2_2_38,4,0,
52,2,52_2,2,52_2_2,39,52_2_2_39,1,3,
52,2,52_2,2,52_2_2,40,52_2_2_40,1,3,
52,2,52_2,2,52_2_2,41,52_2_2_41,3,1,
52,2,52_2,2,52_2_2,42,52_2_2_42,1,3,
52,2,52_2,2,52_2_2,43,52_2_2_43,1,3,
52,2,52_2,2,52_2_2,44,52_2_2_44,1,3,
52,2,52_2,2,52_2_2,45,52_2_2_45,1,3,
52,2,52_2,2,52_2_2,46,52_2_2_46,1,3,
52,2,52_2,2,52_2_2,47,52_2_2_47,1,3,
52,2,52_2,2,52_2_2,48,52_2_2_48,1,3,
52,2,52_2,2,52_2_2,49,52_2_2_49,1,3,
52,2,52_2,2,52_2_2,50,52_2_2_50,1,3,
52,2,52_2,2,52_2_2,51,52_2_2_51,1,3,
52,2,52_2,2,52_2_2,52,52_2_2_52,1,3,
52,2,52_2,2,52_2_2,53,52_2_2_53,1,3,
52,2,52_2,2,52_2_2,54,52_2_2_54,1,3,
52,2,52_2,2,52_2_2,55,52_2_2_55,2,2,
52,2,52_2,2,52_2_2,56,52_2_2_56,1,3,
52,2,52_2,2,52_2_2,57,52_2_2_57,1,3,
52,2,52_2,2,52_2_2,58,52_2_2_58,1,3,
52,2,52_2,2,52_2_2,59,52_2_2_59,2,2,
52,2,52_2,2,52_2_2,60,52_2_2_60,1,3,
52,2,52_2,2,52_2_2,61,52_2_2_61,1,3,
52,2,52_2,2,52_2_2,62,52_2_2_62,1,3,
52,2,52_2,2,52_2_2,63,52_2_2_63,1,3,
52,2,52_2,2,52_2_2,64,52_2_2_64,2,2,
52,2,52_2,2,52_2_2,65,52_2_2_65,1,3,
52,2,52_2,2,52_2_2,66,52_2_2_66,1,3,
52,2,52_2,2,52_2_2,67,52_2_2_67,1,3,
52,2,52_2,2,52_2_2,68,52_2_2_68,1,3,
52,2,52_2,2,52_2_2,69,52_2_2_69,1,3,
52,2,52_2,2,52_2_2,70,52_2_2_70,1,3,
52,2,52_2,2,52_2_2,71,52_2_2_71,1,3,
52,2,52_2,2,52_2_2,72,52_2_2_72,1,3,
52,3,52_3,1,52_3_1,1,52_3_1_1,1,3,
52,3,52_3,1,52_3_1,2,52_3_1_2,1,3,
52,3,52_3,1,52_3_1,3,52_3_1_3,1,3,
52,3,52_3,1,52_3_1,4,52_3_1_4,1,3,
52,3,52_3,1,52_3_1,5,52_3_1_5,1,3,
52,3,52_3,1,52_3_1,6,52_3_1_6,1,3,
52,3,52_3,1,52_3_1,7,52_3_1_7,1,3,
52,3,52_3,1,52_3_1,8,52_3_1_8,1,3,
52,3,52_3,1,52_3_1,9,52_3_1_9,1,3,
52,3,52_3,1,52_3_1,10,52_3_1_10,1,3,
52,3,52_3,1,52_3_1,11,52_3_1_11,1,3,
52,3,52_3,1,52_3_1,12,52_3_1_12,1,3,
52,3,52_3,1,52_3_1,13,52_3_1_13,2,2,
52,3,52_3,1,52_3_1,14,52_3_1_14,1,3,
52,3,52_3,1,52_3_1,15,52_3_1_15,1,3,
52,3,52_3,1,52_3_1,16,52_3_1_16,1,3,
52,3,52_3,2,52_3_2,1,52_3_2_1,1,3,
52,3,52_3,2,52_3_2,2,52_3_2_2,1,3,
52,3,52_3,2,52_3_2,3,52_3_2_3,4,0,
52,3,52_3,2,52_3_2,4,52_3_2_4,2,2,
52,3,52_3,2,52_3_2,5,52_3_2_5,1,3,
52,3,52_3,2,52_3_2,6,52_3_2_6,2,2,
52,3,52_3,2,52_3_2,7,52_3_2_7,1,3,
52,3,52_3,2,52_3_2,8,52_3_2_8,2,2,
52,3,52_3,2,52_3_2,9,52_3_2_9,2,2,
52,3,52_3,2,52_3_2,10,52_3_2_10,2,2,
52,3,52_3,2,52_3_2,11,52_3_2_11,1,3,
52,3,52_3,2,52_3_2,12,52_3_2_12,1,3,
52,3,52_3,2,52_3_2,13,52_3_2_13,1,3,
52,3,52_3,2,52_3_2,14,52_3_2_14,1,3,
52,3,52_3,2,52_3_2,15,52_3_2_15,1,3,
52,3,52_3,2,52_3_2,16,52_3_2_16,1,3,
52,3,52_3,2,52_3_2,17,52_3_2_17,2,2,
52,3,52_3,2,52_3_2,18,52_3_2_18,1,3,
52,3,52_3,2,52_3_2,19,52_3_2_19,1,3,
52,3,52_3,2,52_3_2,20,52_3_2_20,1,3,
52,3,52_3,2,52_3_2,21,52_3_2_21,1,3,
52,3,52_3,2,52_3_2,22,52_3_2_22,2,2,
52,3,52_3,2,52_3_2,23,52_3_2_23,1,3,
52,3,52_3,2,52_3_2,24,52_3_2_24,2,2,
52,3,52_3,2,52_3_2,25,52_3_2_25,1,3,
52,3,52_3,2,52_3_2,26,52_3_2_26,1,3,
52,3,52_3,2,52_3_2,27,52_3_2_27,1,3,
52,3,52_3,2,52_3_2,28,52_3_2_28,2,2,
52,3,52_3,2,52_3_2,29,52_3_2_29,2,2,
52,3,52_3,2,52_3_2,30,52_3_2_30,3,1,
52,3,52_3,2,52_3_2,31,52_3_2_31,2,2,
52,3,52_3,2,52_3_2,32,52_3_2_32,1,3,
52,3,52_3,2,52_3_2,33,52_3_2_33,1,3,
52,3,52_3,2,52_3_2,34,52_3_2_34,1,3,
52,3,52_3,2,52_3_2,35,52_3_2_35,1,3,
52,3,52_3,2,52_3_2,36,52_3_2_36,2,2,
52,3,52_3,2,52_3_2,37,52_3_2_37,1,3,
52,3,52_3,2,52_3_2,38,52_3_2_38,4,0,
52,3,52_3,2,52_3_2,39,52_3_2_39,3,1,
52,3,52_3,2,52_3_2,40,52_3_2_40,3,1,
52,3,52_3,2,52_3_2,41,52_3_2_41,2,2,
52,3,52_3,2,52_3_2,42,52_3_2_42,2,2,
52,3,52_3,2,52_3_2,43,52_3_2_43,2,2,
52,3,52_3,2,52_3_2,44,52_3_2_44,2,2,
52,3,52_3,2,52_3_2,45,52_3_2_45,2,2,
52,3,52_3,2,52_3_2,46,52_3_2_46,1,3,
52,3,52_3,2,52_3_2,47,52_3_2_47,2,2,
52,3,52_3,2,52_3_2,48,52_3_2_48,2,2,
52,3,52_3,2,52_3_2,49,52_3_2_49,1,3,
52,3,52_3,2,52_3_2,50,52_3_2_50,1,3,
52,3,52_3,2,52_3_2,51,52_3_2_51,1,3,
52,3,52_3,2,52_3_2,52,52_3_2_52,1,3,
52,3,52_3,2,52_3_2,53,52_3_2_53,1,3,
52,3,52_3,2,52_3_2,54,52_3_2_54,1,3,
52,3,52_3,2,52_3_2,55,52_3_2_55,1,3,
52,3,52_3,2,52_3_2,56,52_3_2_56,1,3,
52,3,52_3,2,52_3_2,57,52_3_2_57,1,3,
52,3,52_3,2,52_3_2,58,52_3_2_58,1,3,
52,3,52_3,2,52_3_2,59,52_3_2_59,1,3,
52,3,52_3,2,52_3_2,60,52_3_2_60,1,3,
52,3,52_3,2,52_3_2,61,52_3_2_61,1,3,
52,3,52_3,2,52_3_2,62,52_3_2_62,1,3,
52,3,52_3,2,52_3_2,63,52_3_2_63,1,3,
52,3,52_3,2,52_3_2,64,52_3_2_64,2,2,
52,3,52_3,2,52_3_2,65,52_3_2_65,2,2,
52,3,52_3,2,52_3_2,66,52_3_2_66,2,2,
52,3,52_3,2,52_3_2,67,52_3_2_67,1,3,
52,3,52_3,2,52_3_2,68,52_3_2_68,2,2,
52,3,52_3,2,52_3_2,69,52_3_2_69,1,3,
52,3,52_3,2,52_3_2,70,52_3_2_70,2,2,
52,3,52_3,2,52_3_2,71,52_3_2_71,2,2,
52,3,52_3,2,52_3_2,72,52_3_2_72,1,3,
52,3,52_3,2,52_3_2,73,52_3_2_73,2,2,
52,3,52_3,2,52_3_2,74,52_3_2_74,2,2,
52,3,52_3,2,52_3_2,75,52_3_2_75,1,3,
52,3,52_3,2,52_3_2,76,52_3_2_76,1,3,
52,3,52_3,2,52_3_2,77,52_3_2_77,1,3,
52,3,52_3,2,52_3_2,78,52_3_2_78,2,2,
52,3,52_3,2,52_3_2,79,52_3_2_79,1,3,
52,3,52_3,2,52_3_2,80,52_3_2_80,1,3,
52,3,52_3,2,52_3_2,81,52_3_2_81,1,3,
52,3,52_3,2,52_3_2,82,52_3_2_82,1,3,
52,3,52_3,2,52_3_2,83,52_3_2_83,1,3,
52,3,52_3,2,52_3_2,84,52_3_2_84,1,3,
52,3,52_3,2,52_3_2,85,52_3_2_85,2,2,
52,3,52_3,2,52_3_2,86,52_3_2_86,2,2,
52,3,52_3,2,52_3_2,87,52_3_2_87,1,3,
52,3,52_3,2,52_3_2,88,52_3_2_88,2,2,
52,3,52_3,2,52_3_2,89,52_3_2_89,1,3,
52,3,52_3,2,52_3_2,90,52_3_2_90,4,0,
52,3,52_3,2,52_3_2,91,52_3_2_91,2,2,
52,3,52_3,2,52_3_2,92,52_3_2_92,2,2,
52,3,52_3,2,52_3_2,93,52_3_2_93,1,3,
52,3,52_3,2,52_3_2,94,52_3_2_94,2,2,
52,3,52_3,2,52_3_2,95,52_3_2_95,3,1,
52,3,52_3,2,52_3_2,96,52_3_2_96,1,3,
52,3,52_3,2,52_3_2,97,52_3_2_97,1,3,
52,3,52_3,2,52_3_2,98,52_3_2_98,2,2,
52,3,52_3,2,52_3_2,99,52_3_2_99,2,2,
52,3,52_3,2,52_3_2,100,52_3_2_100,3,1,
52,3,52_3,2,52_3_2,101,52_3_2_101,3,1,
52,3,52_3,2,52_3_2,102,52_3_2_102,3,1,
52,3,52_3,2,52_3_2,103,52_3_2_103,1,3,
52,3,52_3,2,52_3_2,104,52_3_2_104,1,3,
52,3,52_3,2,52_3_2,105,52_3_2_105,1,3,
52,3,52_3,2,52_3_2,106,52_3_2_106,1,3,
52,3,52_3,2,52_3_2,107,52_3_2_107,1,3,
52,3,52_3,2,52_3_2,108,52_3_2_108,2,2,
52,3,52_3,2,52_3_2,109,52_3_2_109,1,3,
52,3,52_3,2,52_3_2,110,52_3_2_110,2,2,
52,3,52_3,2,52_3_2,111,52_3_2_111,1,3,
52,3,52_3,2,52_3_2,112,52_3_2_112,1,3,
52,3,52_3,3,52_3_3,1,52_3_3_1,1,3,
52,3,52_3,3,52_3_3,2,52_3_3_2,2,2,
52,3,52_3,3,52_3_3,3,52_3_3_3,1,3,
52,3,52_3,3,52_3_3,4,52_3_3_4,1,3,
52,3,52_3,3,52_3_3,5,52_3_3_5,1,3,
52,3,52_3,3,52_3_3,6,52_3_3_6,2,2,
52,3,52_3,3,52_3_3,7,52_3_3_7,1,3,
52,3,52_3,3,52_3_3,8,52_3_3_8,1,3,
52,3,52_3,3,52_3_3,9,52_3_3_9,1,3,
52,3,52_3,3,52_3_3,10,52_3_3_10,1,3,
52,3,52_3,3,52_3_3,11,52_3_3_11,2,2,
52,3,52_3,3,52_3_3,12,52_3_3_12,1,3,
52,3,52_3,3,52_3_3,13,52_3_3_13,1,3,
52,3,52_3,3,52_3_3,14,52_3_3_14,1,3,
52,3,52_3,3,52_3_3,15,52_3_3_15,1,3,
52,3,52_3,3,52_3_3,16,52_3_3_16,1,3,
52,3,52_3,3,52_3_3,17,52_3_3_17,1,3,
52,3,52_3,3,52_3_3,18,52_3_3_18,2,2,
52,3,52_3,3,52_3_3,19,52_3_3_19,2,2,
52,3,52_3,3,52_3_3,20,52_3_3_20,2,2,
52,3,52_3,3,52_3_3,21,52_3_3_21,1,3,
52,3,52_3,3,52_3_3,22,52_3_3_22,1,3,
52,3,52_3,3,52_3_3,23,52_3_3_23,1,3,
52,3,52_3,3,52_3_3,24,52_3_3_24,1,3,
52,3,52_3,3,52_3_3,25,52_3_3_25,1,3,
52,3,52_3,3,52_3_3,26,52_3_3_26,1,3,
52,3,52_3,3,52_3_3,27,52_3_3_27,1,3,
52,3,52_3,3,52_3_3,28,52_3_3_28,1,3,
52,3,52_3,3,52_3_3,29,52_3_3_29,3,1,
52,3,52_3,3,52_3_3,30,52_3_3_30,2,2,
52,3,52_3,3,52_3_3,31,52_3_3_31,2,2,
52,3,52_3,3,52_3_3,32,52_3_3_32,2,2,
52,3,52_3,3,52_3_3,33,52_3_3_33,1,3,
52,3,52_3,3,52_3_3,34,52_3_3_34,1,3,
52,3,52_3,3,52_3_3,35,52_3_3_35,2,2,
52,3,52_3,3,52_3_3,36,52_3_3_36,1,3,
52,3,52_3,3,52_3_3,37,52_3_3_37,1,3,
52,3,52_3,3,52_3_3,38,52_3_3_38,2,2,
52,3,52_3,3,52_3_3,39,52_3_3_39,1,3,
52,3,52_3,3,52_3_3,40,52_3_3_40,1,3,
52,3,52_3,3,52_3_3,41,52_3_3_41,2,2,
52,3,52_3,3,52_3_3,42,52_3_3_42,1,3,
52,3,52_3,3,52_3_3,43,52_3_3_43,1,3,
52,3,52_3,3,52_3_3,44,52_3_3_44,1,3,
52,3,52_3,3,52_3_3,45,52_3_3_45,2,2,
52,3,52_3,3,52_3_3,46,52_3_3_46,1,3,
52,3,52_3,4,52_3_4,1,52_3_4_1,1,3,
52,3,52_3,4,52_3_4,2,52_3_4_2,1,3,
52,3,52_3,4,52_3_4,3,52_3_4_3,1,3,
52,3,52_3,4,52_3_4,4,52_3_4_4,1,3,
52,3,52_3,4,52_3_4,5,52_3_4_5,1,3,
52,3,52_3,4,52_3_4,6,52_3_4_6,2,2,
52,3,52_3,4,52_3_4,7,52_3_4_7,1,3,
52,3,52_3,4,52_3_4,8,52_3_4_8,1,3,
52,3,52_3,4,52_3_4,9,52_3_4_9,2,2,
52,3,52_3,4,52_3_4,10,52_3_4_10,1,3,
52,3,52_3,4,52_3_4,11,52_3_4_11,1,3,
52,3,52_3,4,52_3_4,12,52_3_4_12,1,3,
52,3,52_3,4,52_3_4,13,52_3_4_13,1,3,
52,3,52_3,4,52_3_4,14,52_3_4_14,1,3,
53,1,53_1,1,53_1_1,1,53_1_1_1,2,2,
53,1,53_1,1,53_1_1,2,53_1_1_2,1,3,
53,1,53_1,1,53_1_1,3,53_1_1_3,1,3,
53,1,53_1,1,53_1_1,4,53_1_1_4,2,2,
53,1,53_1,1,53_1_1,5,53_1_1_5,2,2,
53,1,53_1,1,53_1_1,6,53_1_1_6,1,3,
53,1,53_1,1,53_1_1,7,53_1_1_7,1,3,
53,1,53_1,1,53_1_1,8,53_1_1_8,1,3,
53,1,53_1,1,53_1_1,9,53_1_1_9,3,1,
53,1,53_1,1,53_1_1,10,53_1_1_10,1,3,
53,1,53_1,1,53_1_1,11,53_1_1_11,3,1,
53,1,53_1,1,53_1_1,12,53_1_1_12,1,3,
53,1,53_1,1,53_1_1,13,53_1_1_13,3,1,
53,1,53_1,1,53_1_1,14,53_1_1_14,3,1,
53,1,53_1,1,53_1_1,15,53_1_1_15,3,1,
53,1,53_1,1,53_1_1,16,53_1_1_16,1,3,
53,1,53_1,1,53_1_1,17,53_1_1_17,1,3,
53,1,53_1,1,53_1_1,18,53_1_1_18,1,3,
53,1,53_1,1,53_1_1,19,53_1_1_19,1,3,
53,1,53_1,1,53_1_1,20,53_1_1_20,3,1,
53,1,53_1,1,53_1_1,21,53_1_1_21,1,3,
53,1,53_1,1,53_1_1,22,53_1_1_22,1,3,
53,1,53_1,1,53_1_1,23,53_1_1_23,1,3,
53,1,53_1,1,53_1_1,24,53_1_1_24,1,3,
53,1,53_1,1,53_1_1,25,53_1_1_25,1,3,
53,1,53_1,1,53_1_1,26,53_1_1_26,1,3,
53,1,53_1,1,53_1_1,27,53_1_1_27,2,2,
53,1,53_1,1,53_1_1,28,53_1_1_28,1,3,
53,1,53_1,1,53_1_1,29,53_1_1_29,3,1,
53,1,53_1,1,53_1_1,30,53_1_1_30,1,3,
53,1,53_1,1,53_1_1,31,53_1_1_31,1,3,
53,1,53_1,1,53_1_1,32,53_1_1_32,1,3,
53,1,53_1,1,53_1_1,33,53_1_1_33,2,2,
53,1,53_1,1,53_1_1,34,53_1_1_34,1,3,
53,1,53_1,1,53_1_1,35,53_1_1_35,1,3,
53,1,53_1,1,53_1_1,36,53_1_1_36,1,3,
53,1,53_1,1,53_1_1,37,53_1_1_37,1,3,
53,1,53_1,1,53_1_1,38,53_1_1_38,1,3,
53,1,53_1,1,53_1_1,39,53_1_1_39,1,3,
53,1,53_1,1,53_1_1,40,53_1_1_40,1,3,
53,1,53_1,1,53_1_1,41,53_1_1_41,2,2,
53,1,53_1,1,53_1_1,42,53_1_1_42,1,3,
53,1,53_1,1,53_1_1,43,53_1_1_43,1,3,
53,1,53_1,1,53_1_1,44,53_1_1_44,1,3,
53,1,53_1,1,53_1_1,45,53_1_1_45,1,3,
53,1,53_1,1,53_1_1,46,53_1_1_46,2,2,
53,1,53_1,1,53_1_1,47,53_1_1_47,3,1,
53,1,53_1,1,53_1_1,48,53_1_1_48,2,2,
53,1,53_1,1,53_1_1,49,53_1_1_49,1,3,
53,1,53_1,1,53_1_1,50,53_1_1_50,1,3,
53,1,53_1,1,53_1_1,51,53_1_1_51,1,3,
53,1,53_1,1,53_1_1,52,53_1_1_52,1,3,
53,1,53_1,1,53_1_1,53,53_1_1_53,1,3,
53,1,53_1,1,53_1_1,54,53_1_1_54,1,3,
53,1,53_1,1,53_1_1,55,53_1_1_55,1,3,
53,1,53_1,1,53_1_1,56,53_1_1_56,1,3,
53,1,53_1,1,53_1_1,57,53_1_1_57,2,2,
53,1,53_1,1,53_1_1,58,53_1_1_58,1,3,
53,1,53_1,1,53_1_1,59,53_1_1_59,1,3,
53,1,53_1,1,53_1_1,60,53_1_1_60,2,2,
53,1,53_1,1,53_1_1,61,53_1_1_61,1,3,
53,1,53_1,1,53_1_1,62,53_1_1_62,1,3,
53,1,53_1,1,53_1_1,63,53_1_1_63,3,1,
53,1,53_1,1,53_1_1,64,53_1_1_64,1,3,
53,1,53_1,1,53_1_1,65,53_1_1_65,1,3,
53,1,53_1,1,53_1_1,66,53_1_1_66,1,3,
53,1,53_1,1,53_1_1,67,53_1_1_67,1,3,
53,1,53_1,1,53_1_1,68,53_1_1_68,1,3,
53,1,53_1,1,53_1_1,69,53_1_1_69,1,3,
53,1,53_1,1,53_1_1,70,53_1_1_70,1,3,
53,1,53_1,1,53_1_1,71,53_1_1_71,2,2,
53,1,53_1,1,53_1_1,72,53_1_1_72,3,1,
53,1,53_1,1,53_1_1,73,53_1_1_73,1,3,
53,1,53_1,1,53_1_1,74,53_1_1_74,2,2,
53,1,53_1,1,53_1_1,75,53_1_1_75,2,2,
53,1,53_1,1,53_1_1,76,53_1_1_76,1,3,
53,1,53_1,1,53_1_1,77,53_1_1_77,2,2,
53,1,53_1,1,53_1_1,78,53_1_1_78,1,3,
53,1,53_1,1,53_1_1,79,53_1_1_79,1,3,
53,1,53_1,1,53_1_1,80,53_1_1_80,1,3,
53,1,53_1,1,53_1_1,81,53_1_1_81,2,2,
53,1,53_1,1,53_1_1,82,53_1_1_82,1,3,
53,1,53_1,1,53_1_1,83,53_1_1_83,3,1,
53,1,53_1,1,53_1_1,84,53_1_1_84,2,2,
53,1,53_1,1,53_1_1,85,53_1_1_85,3,1,
53,1,53_1,1,53_1_1,86,53_1_1_86,1,3,
53,1,53_1,1,53_1_1,87,53_1_1_87,2,2,
53,1,53_1,1,53_1_1,88,53_1_1_88,1,3,
53,1,53_1,1,53_1_1,89,53_1_1_89,1,3,
53,1,53_1,1,53_1_1,90,53_1_1_90,1,3,
53,1,53_1,1,53_1_1,91,53_1_1_91,1,3,
53,1,53_1,1,53_1_1,92,53_1_1_92,1,3,
53,1,53_1,1,53_1_1,93,53_1_1_93,1,3,
53,1,53_1,1,53_1_1,94,53_1_1_94,1,3,
53,1,53_1,1,53_1_1,95,53_1_1_95,1,3,
53,1,53_1,1,53_1_1,96,53_1_1_96,1,3,
53,2,53_2,1,53_2_1,1,53_2_1_1,1,3,
53,2,53_2,1,53_2_1,2,53_2_1_2,3,1,
53,2,53_2,1,53_2_1,3,53_2_1_3,3,1,
53,2,53_2,1,53_2_1,4,53_2_1_4,2,2,
53,2,53_2,1,53_2_1,5,53_2_1_5,1,3,
53,2,53_2,1,53_2_1,6,53_2_1_6,1,3,
53,2,53_2,1,53_2_1,7,53_2_1_7,2,2,
53,2,53_2,1,53_2_1,8,53_2_1_8,3,1,
53,2,53_2,1,53_2_1,9,53_2_1_9,1,3,
53,2,53_2,1,53_2_1,10,53_2_1_10,1,3,
53,2,53_2,1,53_2_1,11,53_2_1_11,1,3,
53,2,53_2,1,53_2_1,12,53_2_1_12,1,3,
53,2,53_2,1,53_2_1,13,53_2_1_13,1,3,
53,2,53_2,1,53_2_1,14,53_2_1_14,1,3,
53,2,53_2,1,53_2_1,15,53_2_1_15,1,3,
53,2,53_2,1,53_2_1,16,53_2_1_16,1,3,
53,2,53_2,1,53_2_1,17,53_2_1_17,3,1,
53,2,53_2,1,53_2_1,18,53_2_1_18,2,2,
53,2,53_2,1,53_2_1,19,53_2_1_19,2,2,
53,2,53_2,1,53_2_1,20,53_2_1_20,2,2,
53,2,53_2,1,53_2_1,21,53_2_1_21,4,0,
53,2,53_2,1,53_2_1,22,53_2_1_22,3,1,
53,2,53_2,1,53_2_1,23,53_2_1_23,1,3,
53,2,53_2,1,53_2_1,24,53_2_1_24,1,3,
53,2,53_2,1,53_2_1,25,53_2_1_25,1,3,
53,2,53_2,1,53_2_1,26,53_2_1_26,1,3,
53,2,53_2,1,53_2_1,27,53_2_1_27,1,3,
53,2,53_2,1,53_2_1,28,53_2_1_28,2,2,
53,2,53_2,1,53_2_1,29,53_2_1_29,2,2,
53,2,53_2,1,53_2_1,30,53_2_1_30,4,0,
53,2,53_2,1,53_2_1,31,53_2_1_31,1,3,
53,2,53_2,1,53_2_1,32,53_2_1_32,4,0,
53,2,53_2,1,53_2_1,33,53_2_1_33,3,1,
53,2,53_2,1,53_2_1,34,53_2_1_34,2,2,
53,2,53_2,1,53_2_1,35,53_2_1_35,2,2,
53,2,53_2,1,53_2_1,36,53_2_1_36,4,0,
53,2,53_2,2,53_2_2,1,53_2_2_1,1,3,
53,2,53_2,2,53_2_2,2,53_2_2_2,1,3,
53,2,53_2,2,53_2_2,3,53_2_2_3,1,3,
53,2,53_2,2,53_2_2,4,53_2_2_4,2,2,
53,3,53_3,1,53_3_1,1,53_3_1_1,2,2,
53,3,53_3,1,53_3_1,2,53_3_1_2,1,3,
53,3,53_3,1,53_3_1,3,53_3_1_3,1,3,
53,3,53_3,1,53_3_1,4,53_3_1_4,1,3,
53,3,53_3,1,53_3_1,5,53_3_1_5,1,3,
53,3,53_3,1,53_3_1,6,53_3_1_6,1,3,
53,3,53_3,1,53_3_1,7,53_3_1_7,1,3,
53,3,53_3,1,53_3_1,8,53_3_1_8,1,3,
53,3,53_3,1,53_3_1,9,53_3_1_9,2,2,
53,3,53_3,1,53_3_1,10,53_3_1_10,2,2,
53,3,53_3,1,53_3_1,11,53_3_1_11,1,3,
53,3,53_3,1,53_3_1,12,53_3_1_12,1,3,
53,3,53_3,1,53_3_1,13,53_3_1_13,2,2,
53,3,53_3,1,53_3_1,14,53_3_1_14,1,3,
53,3,53_3,1,53_3_1,15,53_3_1_15,1,3,
53,3,53_3,1,53_3_1,16,53_3_1_16,1,3,
53,3,53_3,1,53_3_1,17,53_3_1_17,2,2,
53,3,53_3,1,53_3_1,18,53_3_1_18,1,3,
53,3,53_3,1,53_3_1,19,53_3_1_19,1,3,
53,3,53_3,1,53_3_1,20,53_3_1_20,1,3,
53,3,53_3,1,53_3_1,21,53_3_1_21,1,3,
53,3,53_3,1,53_3_1,22,53_3_1_22,1,3,
53,3,53_3,1,53_3_1,23,53_3_1_23,1,3,
53,3,53_3,1,53_3_1,24,53_3_1_24,1,3,
53,3,53_3,1,53_3_1,25,53_3_1_25,2,2,
53,3,53_3,1,53_3_1,26,53_3_1_26,1,3,
53,3,53_3,1,53_3_1,27,53_3_1_27,1,3,
53,3,53_3,1,53_3_1,28,53_3_1_28,2,2,
53,3,53_3,1,53_3_1,29,53_3_1_29,1,3,
53,3,53_3,1,53_3_1,30,53_3_1_30,3,1,
53,3,53_3,1,53_3_1,31,53_3_1_31,1,3,
53,3,53_3,1,53_3_1,32,53_3_1_32,3,1,
53,3,53_3,1,53_3_1,33,53_3_1_33,1,3,
53,3,53_3,1,53_3_1,34,53_3_1_34,1,3,
53,3,53_3,1,53_3_1,35,53_3_1_35,1,3,
53,3,53_3,1,53_3_1,36,53_3_1_36,1,3,
53,3,53_3,1,53_3_1,37,53_3_1_37,2,2,
53,3,53_3,1,53_3_1,38,53_3_1_38,1,3,
53,3,53_3,1,53_3_1,39,53_3_1_39,2,2,
53,3,53_3,1,53_3_1,40,53_3_1_40,2,2,
53,3,53_3,1,53_3_1,41,53_3_1_41,1,3,
53,3,53_3,1,53_3_1,42,53_3_1_42,1,3,
53,3,53_3,1,53_3_1,43,53_3_1_43,2,2,
53,3,53_3,1,53_3_1,44,53_3_1_44,1,3,
53,3,53_3,1,53_3_1,45,53_3_1_45,1,3,
53,3,53_3,1,53_3_1,46,53_3_1_46,2,2,
53,3,53_3,1,53_3_1,47,53_3_1_47,1,3,
53,3,53_3,1,53_3_1,48,53_3_1_48,2,2,
53,3,53_3,1,53_3_1,49,53_3_1_49,1,3,
53,3,53_3,1,53_3_1,50,53_3_1_50,1,3,
53,3,53_3,1,53_3_1,51,53_3_1_51,1,3,
53,3,53_3,1,53_3_1,52,53_3_1_52,2,2,
53,3,53_3,1,53_3_1,53,53_3_1_53,1,3,
53,3,53_3,1,53_3_1,54,53_3_1_54,1,3,
53,3,53_3,1,53_3_1,55,53_3_1_55,1,3,
53,3,53_3,1,53_3_1,56,53_3_1_56,1,3,
53,3,53_3,1,53_3_1,57,53_3_1_57,2,2,
53,3,53_3,1,53_3_1,58,53_3_1_58,1,3,
53,3,53_3,1,53_3_1,59,53_3_1_59,2,2,
53,3,53_3,1,53_3_1,60,53_3_1_60,2,2,
53,3,53_3,1,53_3_1,61,53_3_1_61,3,1,
53,3,53_3,1,53_3_1,62,53_3_1_62,1,3,
53,3,53_3,1,53_3_1,63,53_3_1_63,2,2,
53,3,53_3,1,53_3_1,64,53_3_1_64,2,2,
53,3,53_3,1,53_3_1,65,53_3_1_65,2,2,
53,3,53_3,1,53_3_1,66,53_3_1_66,1,3,
53,3,53_3,1,53_3_1,67,53_3_1_67,1,3,
53,3,53_3,1,53_3_1,68,53_3_1_68,2,2,
53,3,53_3,1,53_3_1,69,53_3_1_69,2,2,
53,3,53_3,1,53_3_1,70,53_3_1_70,1,3,
53,3,53_3,1,53_3_1,71,53_3_1_71,1,3,
53,3,53_3,1,53_3_1,72,53_3_1_72,1,3,
53,3,53_3,1,53_3_1,73,53_3_1_73,1,3,
53,3,53_3,1,53_3_1,74,53_3_1_74,2,2,
53,3,53_3,1,53_3_1,75,53_3_1_75,1,3,
53,3,53_3,1,53_3_1,76,53_3_1_76,1,3,
53,3,53_3,1,53_3_1,77,53_3_1_77,2,2,
53,3,53_3,1,53_3_1,78,53_3_1_78,1,3,
53,3,53_3,2,53_3_2,1,53_3_2_1,1,3,
53,3,53_3,2,53_3_2,2,53_3_2_2,1,3,
53,3,53_3,2,53_3_2,3,53_3_2_3,2,2,
53,3,53_3,2,53_3_2,4,53_3_2_4,1,3,
53,3,53_3,2,53_3_2,5,53_3_2_5,1,3,
53,3,53_3,2,53_3_2,6,53_3_2_6,1,3,
53,3,53_3,2,53_3_2,7,53_3_2_7,1,3,
53,3,53_3,2,53_3_2,8,53_3_2_8,1,3,
53,3,53_3,2,53_3_2,9,53_3_2_9,1,3,
53,3,53_3,2,53_3_2,10,53_3_2_10,1,3,
53,3,53_3,3,53_3_3,1,53_3_3_1,1,3,
53,3,53_3,3,53_3_3,2,53_3_3_2,1,3,
53,3,53_3,3,53_3_3,3,53_3_3_3,1,3,
53,3,53_3,3,53_3_3,4,53_3_3_4,2,2,
53,3,53_3,3,53_3_3,5,53_3_3_5,1,3,
53,3,53_3,3,53_3_3,6,53_3_3_6,1,3,
53,3,53_3,3,53_3_3,7,53_3_3_7,1,3,
53,3,53_3,3,53_3_3,8,53_3_3_8,2,2,
53,3,53_3,3,53_3_3,9,53_3_3_9,2,2,
53,3,53_3,3,53_3_3,10,53_3_3_10,1,3,
53,3,53_3,3,53_3_3,11,53_3_3_11,3,1,
53,3,53_3,3,53_3_3,12,53_3_3_12,1,3,
53,3,53_3,3,53_3_3,13,53_3_3_13,1,3,
53,3,53_3,3,53_3_3,14,53_3_3_14,1,3,
53,3,53_3,3,53_3_3,15,53_3_3_15,1,3,
53,3,53_3,3,53_3_3,16,53_3_3_16,1,3,
56,1,56_1,1,56_1_1,1,56_1_1_1,2,2,
56,1,56_1,1,56_1_1,2,56_1_1_2,3,1,
56,1,56_1,1,56_1_1,3,56_1_1_3,3,1,
56,1,56_1,1,56_1_1,4,56_1_1_4,2,2,
56,1,56_1,1,56_1_1,5,56_1_1_5,1,3,
56,1,56_1,1,56_1_1,6,56_1_1_6,1,3,
56,1,56_1,1,56_1_1,7,56_1_1_7,2,2,
56,1,56_1,1,56_1_1,8,56_1_1_8,2,2,
56,1,56_1,1,56_1_1,9,56_1_1_9,3,1,
56,1,56_1,1,56_1_1,10,56_1_1_10,3,1,
56,1,56_1,1,56_1_1,11,56_1_1_11,1,3,
56,1,56_1,1,56_1_1,12,56_1_1_12,1,3,
56,1,56_1,1,56_1_1,13,56_1_1_13,1,3,
56,1,56_1,1,56_1_1,14,56_1_1_14,1,3,
56,1,56_1,1,56_1_1,15,56_1_1_15,1,3,
56,1,56_1,1,56_1_1,16,56_1_1_16,1,3,
56,1,56_1,1,56_1_1,17,56_1_1_17,1,3,
56,1,56_1,1,56_1_1,18,56_1_1_18,2,2,
56,1,56_1,1,56_1_1,19,56_1_1_19,1,3,
56,1,56_1,1,56_1_1,20,56_1_1_20,1,3,
56,1,56_1,1,56_1_1,21,56_1_1_21,1,3,
56,1,56_1,1,56_1_1,22,56_1_1_22,3,1,
56,1,56_1,1,56_1_1,23,56_1_1_23,2,2,
56,1,56_1,1,56_1_1,24,56_1_1_24,2,2,
56,1,56_1,1,56_1_1,25,56_1_1_25,2,2,
56,1,56_1,1,56_1_1,26,56_1_1_26,2,2,
56,1,56_1,1,56_1_1,27,56_1_1_27,1,3,
56,1,56_1,1,56_1_1,28,56_1_1_28,1,3,
56,1,56_1,1,56_1_1,29,56_1_1_29,1,3,
56,1,56_1,1,56_1_1,30,56_1_1_30,2,2,
56,1,56_1,1,56_1_1,31,56_1_1_31,2,2,
56,1,56_1,1,56_1_1,32,56_1_1_32,4,0,
56,1,56_1,1,56_1_1,33,56_1_1_33,2,2,
56,1,56_1,1,56_1_1,34,56_1_1_34,1,3,
56,1,56_1,1,56_1_1,35,56_1_1_35,2,2,
56,1,56_1,1,56_1_1,36,56_1_1_36,1,3,
56,1,56_1,1,56_1_1,37,56_1_1_37,1,3,
56,1,56_1,1,56_1_1,38,56_1_1_38,2,2,
56,1,56_1,1,56_1_1,39,56_1_1_39,1,3,
56,1,56_1,1,56_1_1,40,56_1_1_40,2,2,
56,1,56_1,1,56_1_1,41,56_1_1_41,1,3,
56,1,56_1,1,56_1_1,42,56_1_1_42,1,3,
56,1,56_1,1,56_1_1,43,56_1_1_43,2,2,
56,1,56_1,1,56_1_1,44,56_1_1_44,1,3,
56,1,56_1,1,56_1_1,45,56_1_1_45,1,3,
56,1,56_1,1,56_1_1,46,56_1_1_46,1,3,
56,1,56_1,1,56_1_1,47,56_1_1_47,2,2,
56,1,56_1,1,56_1_1,48,56_1_1_48,1,3,
56,1,56_1,1,56_1_1,49,56_1_1_49,1,3,
56,1,56_1,1,56_1_1,50,56_1_1_50,2,2,
56,1,56_1,1,56_1_1,51,56_1_1_51,1,3,
56,1,56_1,1,56_1_1,52,56_1_1_52,2,2,
56,1,56_1,1,56_1_1,53,56_1_1_53,3,1,
56,1,56_1,1,56_1_1,54,56_1_1_54,1,3,
56,1,56_1,1,56_1_1,55,56_1_1_55,2,2,
56,1,56_1,1,56_1_1,56,56_1_1_56,1,3,
56,1,56_1,1,56_1_1,57,56_1_1_57,1,3,
56,1,56_1,1,56_1_1,58,56_1_1_58,1,3,
56,1,56_1,1,56_1_1,59,56_1_1_59,1,3,
56,1,56_1,1,56_1_1,60,56_1_1_60,4,0,
56,1,56_1,1,56_1_1,61,56_1_1_61,1,3,
56,1,56_1,1,56_1_1,62,56_1_1_62,2,2,
56,1,56_1,1,56_1_1,63,56_1_1_63,2,2,
56,1,56_1,1,56_1_1,64,56_1_1_64,2,2,
56,1,56_1,1,56_1_1,65,56_1_1_65,3,1,
56,1,56_1,1,56_1_1,66,56_1_1_66,2,2,
56,1,56_1,1,56_1_1,67,56_1_1_67,1,3,
56,1,56_1,1,56_1_1,68,56_1_1_68,1,3,
56,1,56_1,1,56_1_1,69,56_1_1_69,1,3,
56,1,56_1,1,56_1_1,70,56_1_1_70,2,2,
56,1,56_1,1,56_1_1,71,56_1_1_71,3,1,
56,1,56_1,1,56_1_1,72,56_1_1_72,2,2,
56,1,56_1,1,56_1_1,73,56_1_1_73,1,3,
56,1,56_1,1,56_1_1,74,56_1_1_74,1,3,
56,1,56_1,1,56_1_1,75,56_1_1_75,1,3,
56,1,56_1,1,56_1_1,76,56_1_1_76,1,3,
56,1,56_1,1,56_1_1,77,56_1_1_77,1,3,
56,1,56_1,1,56_1_1,78,56_1_1_78,1,3,
56,1,56_1,1,56_1_1,79,56_1_1_79,1,3,
56,1,56_1,1,56_1_1,80,56_1_1_80,1,3,
56,1,56_1,1,56_1_1,81,56_1_1_81,2,2,
56,1,56_1,1,56_1_1,82,56_1_1_82,4,0,
56,1,56_1,1,56_1_1,83,56_1_1_83,1,3,
56,1,56_1,1,56_1_1,84,56_1_1_84,1,3,
56,1,56_1,1,56_1_1,85,56_1_1_85,2,2,
56,1,56_1,1,56_1_1,86,56_1_1_86,1,3,
56,1,56_1,1,56_1_1,87,56_1_1_87,1,3,
56,1,56_1,1,56_1_1,88,56_1_1_88,2,2,
56,1,56_1,1,56_1_1,89,56_1_1_89,1,3,
56,1,56_1,1,56_1_1,90,56_1_1_90,1,3,
56,1,56_1,1,56_1_1,91,56_1_1_91,1,3,
56,1,56_1,1,56_1_1,92,56_1_1_92,1,3,
56,1,56_1,1,56_1_1,93,56_1_1_93,1,3,
56,1,56_1,1,56_1_1,94,56_1_1_94,1,3,
56,1,56_1,1,56_1_1,95,56_1_1_95,2,2,
56,1,56_1,1,56_1_1,96,56_1_1_96,2,2,
56,1,56_1,1,56_1_1,97,56_1_1_97,2,2,
56,1,56_1,1,56_1_1,98,56_1_1_98,4,0,
56,1,56_1,1,56_1_1,99,56_1_1_99,1,3,
56,1,56_1,1,56_1_1,100,56_1_1_100,1,3,
56,1,56_1,1,56_1_1,101,56_1_1_101,2,2,
56,1,56_1,1,56_1_1,102,56_1_1_102,3,1,
56,1,56_1,1,56_1_1,103,56_1_1_103,3,1,
56,1,56_1,1,56_1_1,104,56_1_1_104,2,2,
56,1,56_1,1,56_1_1,105,56_1_1_105,2,2,
56,1,56_1,1,56_1_1,106,56_1_1_106,2,2,
56,1,56_1,1,56_1_1,107,56_1_1_107,1,3,
56,1,56_1,1,56_1_1,108,56_1_1_108,1,3,
56,1,56_1,1,56_1_1,109,56_1_1_109,3,1,
56,1,56_1,1,56_1_1,110,56_1_1_110,2,2,
56,1,56_1,1,56_1_1,111,56_1_1_111,3,1,
56,1,56_1,1,56_1_1,112,56_1_1_112,2,2,
56,1,56_1,1,56_1_1,113,56_1_1_113,1,3,
56,1,56_1,1,56_1_1,114,56_1_1_114,2,2,
56,1,56_1,1,56_1_1,115,56_1_1_115,1,3,
56,1,56_1,1,56_1_1,116,56_1_1_116,3,1,
56,1,56_1,1,56_1_1,117,56_1_1_117,1,3,
56,1,56_1,1,56_1_1,118,56_1_1_118,1,3,
56,1,56_1,1,56_1_1,119,56_1_1_119,1,3,
56,2,56_2,1,56_2_1,1,56_2_1_1,2,2,
56,2,56_2,1,56_2_1,2,56_2_1_2,1,3,
56,2,56_2,1,56_2_1,3,56_2_1_3,1,3,
56,2,56_2,1,56_2_1,4,56_2_1_4,2,2,
56,2,56_2,1,56_2_1,5,56_2_1_5,1,3,
56,2,56_2,1,56_2_1,6,56_2_1_6,1,3,
56,2,56_2,1,56_2_1,7,56_2_1_7,2,2,
56,2,56_2,1,56_2_1,8,56_2_1_8,1,3,
56,2,56_2,1,56_2_1,9,56_2_1_9,1,3,
56,2,56_2,1,56_2_1,10,56_2_1_10,4,0,
56,2,56_2,1,56_2_1,11,56_2_1_11,1,3,
56,2,56_2,1,56_2_1,12,56_2_1_12,1,3,
56,2,56_2,1,56_2_1,13,56_2_1_13,1,3,
56,2,56_2,1,56_2_1,14,56_2_1_14,2,2,
56,2,56_2,1,56_2_1,15,56_2_1_15,1,3,
56,2,56_2,1,56_2_1,16,56_2_1_16,1,3,
56,2,56_2,1,56_2_1,17,56_2_1_17,1,3,
56,2,56_2,1,56_2_1,18,56_2_1_18,2,2,
56,2,56_2,1,56_2_1,19,56_2_1_19,2,2,
56,2,56_2,1,56_2_1,20,56_2_1_20,1,3,
56,2,56_2,1,56_2_1,21,56_2_1_21,1,3,
56,2,56_2,1,56_2_1,22,56_2_1_22,1,3,
56,2,56_2,1,56_2_1,23,56_2_1_23,1,3,
56,2,56_2,1,56_2_1,24,56_2_1_24,1,3,
56,2,56_2,1,56_2_1,25,56_2_1_25,1,3,
56,2,56_2,1,56_2_1,26,56_2_1_26,2,2,
56,2,56_2,1,56_2_1,27,56_2_1_27,1,3,
56,2,56_2,1,56_2_1,28,56_2_1_28,1,3,
56,2,56_2,1,56_2_1,29,56_2_1_29,1,3,
56,2,56_2,1,56_2_1,30,56_2_1_30,2,2,
56,2,56_2,1,56_2_1,31,56_2_1_31,2,2,
56,2,56_2,1,56_2_1,32,56_2_1_32,1,3,
56,2,56_2,1,56_2_1,33,56_2_1_33,2,2,
56,2,56_2,1,56_2_1,34,56_2_1_34,3,1,
56,2,56_2,1,56_2_1,35,56_2_1_35,2,2,
56,2,56_2,1,56_2_1,36,56_2_1_36,2,2,
56,2,56_2,1,56_2_1,37,56_2_1_37,1,3,
56,2,56_2,1,56_2_1,38,56_2_1_38,3,1,
56,3,56_3,1,56_3_1,1,56_3_1_1,3,1,
56,3,56_3,1,56_3_1,2,56_3_1_2,2,2,
56,3,56_3,1,56_3_1,3,56_3_1_3,3,1,
56,3,56_3,1,56_3_1,4,56_3_1_4,3,1,
56,3,56_3,1,56_3_1,5,56_3_1_5,1,3,
56,3,56_3,1,56_3_1,6,56_3_1_6,1,3,
56,3,56_3,1,56_3_1,7,56_3_1_7,2,2,
56,3,56_3,1,56_3_1,8,56_3_1_8,1,3,
56,3,56_3,1,56_3_1,9,56_3_1_9,1,3,
56,3,56_3,1,56_3_1,10,56_3_1_10,1,3,
56,3,56_3,1,56_3_1,11,56_3_1_11,1,3,
56,3,56_3,1,56_3_1,12,56_3_1_12,1,3,
56,3,56_3,1,56_3_1,13,56_3_1_13,1,3,
56,3,56_3,1,56_3_1,14,56_3_1_14,1,3,
56,3,56_3,1,56_3_1,15,56_3_1_15,2,2,
56,3,56_3,1,56_3_1,16,56_3_1_16,1,3,
56,3,56_3,1,56_3_1,17,56_3_1_17,1,3,
56,3,56_3,1,56_3_1,18,56_3_1_18,2,2,
56,3,56_3,1,56_3_1,19,56_3_1_19,2,2,
56,3,56_3,1,56_3_1,20,56_3_1_20,2,2,
56,3,56_3,1,56_3_1,21,56_3_1_21,2,2,
56,3,56_3,1,56_3_1,22,56_3_1_22,2,2,
56,3,56_3,1,56_3_1,23,56_3_1_23,2,2,
56,3,56_3,1,56_3_1,24,56_3_1_24,1,3,
56,3,56_3,1,56_3_1,25,56_3_1_25,1,3,
56,3,56_3,1,56_3_1,26,56_3_1_26,1,3,
56,3,56_3,1,56_3_1,27,56_3_1_27,2,2,
56,3,56_3,1,56_3_1,28,56_3_1_28,1,3,
56,3,56_3,1,56_3_1,29,56_3_1_29,2,2,
56,3,56_3,1,56_3_1,30,56_3_1_30,1,3,
56,3,56_3,1,56_3_1,31,56_3_1_31,1,3,
56,3,56_3,1,56_3_1,32,56_3_1_32,1,3,
56,3,56_3,1,56_3_1,33,56_3_1_33,2,2,
56,3,56_3,1,56_3_1,34,56_3_1_34,2,2,
56,3,56_3,1,56_3_1,35,56_3_1_35,1,3,
56,3,56_3,1,56_3_1,36,56_3_1_36,1,3,
56,3,56_3,1,56_3_1,37,56_3_1_37,1,3,
56,3,56_3,1,56_3_1,38,56_3_1_38,1,3,
56,3,56_3,1,56_3_1,39,56_3_1_39,2,2,
56,3,56_3,1,56_3_1,40,56_3_1_40,1,3,
56,3,56_3,1,56_3_1,41,56_3_1_41,1,3,
56,3,56_3,1,56_3_1,42,56_3_1_42,2,2,
56,3,56_3,1,56_3_1,43,56_3_1_43,1,3,
56,3,56_3,1,56_3_1,44,56_3_1_44,2,2,
56,3,56_3,1,56_3_1,45,56_3_1_45,1,3,
56,3,56_3,1,56_3_1,46,56_3_1_46,1,3,
56,3,56_3,1,56_3_1,47,56_3_1_47,1,3,
56,3,56_3,1,56_3_1,48,56_3_1_48,1,3,
56,3,56_3,1,56_3_1,49,56_3_1_49,3,1,
56,3,56_3,1,56_3_1,50,56_3_1_50,3,1,
56,3,56_3,1,56_3_1,51,56_3_1_51,2,2,
56,3,56_3,1,56_3_1,52,56_3_1_52,1,3,
56,3,56_3,1,56_3_1,53,56_3_1_53,3,1,
56,3,56_3,1,56_3_1,54,56_3_1_54,2,2,
56,3,56_3,1,56_3_1,55,56_3_1_55,2,2,
56,3,56_3,1,56_3_1,56,56_3_1_56,1,3,
56,3,56_3,1,56_3_1,57,56_3_1_57,3,1,
56,3,56_3,1,56_3_1,58,56_3_1_58,1,3,
56,3,56_3,1,56_3_1,59,56_3_1_59,1,3,
56,3,56_3,1,56_3_1,60,56_3_1_60,2,2,
56,3,56_3,1,56_3_1,61,56_3_1_61,1,3,
56,3,56_3,1,56_3_1,62,56_3_1_62,2,2,
56,3,56_3,1,56_3_1,63,56_3_1_63,1,3,
56,3,56_3,1,56_3_1,64,56_3_1_64,2,2,
56,3,56_3,1,56_3_1,65,56_3_1_65,4,0,
56,3,56_3,1,56_3_1,66,56_3_1_66,1,3,
56,3,56_3,1,56_3_1,67,56_3_1_67,2,2,
56,3,56_3,1,56_3_1,68,56_3_1_68,1,3,
56,3,56_3,1,56_3_1,69,56_3_1_69,1,3,
56,3,56_3,1,56_3_1,70,56_3_1_70,1,3,
56,3,56_3,1,56_3_1,71,56_3_1_71,1,3,
59,1,59_1,1,59_1_1,1,59_1_1_1,2,2,
59,1,59_1,1,59_1_1,2,59_1_1_2,1,3,
59,1,59_1,1,59_1_1,3,59_1_1_3,1,3,
59,1,59_1,1,59_1_1,4,59_1_1_4,1,3,
59,1,59_1,1,59_1_1,5,59_1_1_5,1,3,
59,1,59_1,1,59_1_1,6,59_1_1_6,1,3,
59,1,59_1,1,59_1_1,7,59_1_1_7,1,3,
59,1,59_1,1,59_1_1,8,59_1_1_8,2,2,
59,1,59_1,1,59_1_1,9,59_1_1_9,1,3,
59,1,59_1,1,59_1_1,10,59_1_1_10,1,3,
59,1,59_1,1,59_1_1,11,59_1_1_11,1,3,
59,1,59_1,1,59_1_1,12,59_1_1_12,2,2,
59,1,59_1,1,59_1_1,13,59_1_1_13,2,2,
59,1,59_1,1,59_1_1,14,59_1_1_14,1,3,
59,1,59_1,1,59_1_1,15,59_1_1_15,1,3,
59,1,59_1,1,59_1_1,16,59_1_1_16,1,3,
59,1,59_1,1,59_1_1,17,59_1_1_17,1,3,
59,1,59_1,1,59_1_1,18,59_1_1_18,1,3,
59,1,59_1,2,59_1_2,1,59_1_2_1,3,1,
59,1,59_1,2,59_1_2,2,59_1_2_2,1,3,
59,1,59_1,2,59_1_2,3,59_1_2_3,1,3,
59,1,59_1,2,59_1_2,4,59_1_2_4,1,3,
59,1,59_1,2,59_1_2,5,59_1_2_5,1,3,
59,1,59_1,2,59_1_2,6,59_1_2_6,4,0,
59,1,59_1,2,59_1_2,7,59_1_2_7,1,3,
59,1,59_1,2,59_1_2,8,59_1_2_8,4,0,
59,1,59_1,2,59_1_2,9,59_1_2_9,1,3,
59,1,59_1,2,59_1_2,10,59_1_2_10,2,2,
59,1,59_1,2,59_1_2,11,59_1_2_11,1,3,
59,1,59_1,2,59_1_2,12,59_1_2_12,1,3,
59,1,59_1,2,59_1_2,13,59_1_2_13,2,2,
59,1,59_1,2,59_1_2,14,59_1_2_14,1,3,
59,1,59_1,2,59_1_2,15,59_1_2_15,2,2,
59,1,59_1,2,59_1_2,16,59_1_2_16,1,3,
59,1,59_1,2,59_1_2,17,59_1_2_17,1,3,
59,1,59_1,2,59_1_2,18,59_1_2_18,1,3,
59,1,59_1,2,59_1_2,19,59_1_2_19,1,3,
59,1,59_1,2,59_1_2,20,59_1_2_20,2,2,
59,1,59_1,2,59_1_2,21,59_1_2_21,4,0,
59,1,59_1,2,59_1_2,22,59_1_2_22,2,2,
59,1,59_1,2,59_1_2,23,59_1_2_23,1,3,
59,1,59_1,2,59_1_2,24,59_1_2_24,1,3,
59,1,59_1,2,59_1_2,25,59_1_2_25,2,2,
59,1,59_1,2,59_1_2,26,59_1_2_26,3,1,
59,1,59_1,2,59_1_2,27,59_1_2_27,1,3,
59,1,59_1,2,59_1_2,28,59_1_2_28,2,2,
59,1,59_1,2,59_1_2,29,59_1_2_29,3,1,
59,1,59_1,2,59_1_2,30,59_1_2_30,1,3,
59,1,59_1,2,59_1_2,31,59_1_2_31,1,3,
59,1,59_1,2,59_1_2,32,59_1_2_32,1,3,
59,1,59_1,2,59_1_2,33,59_1_2_33,1,3,
59,1,59_1,2,59_1_2,34,59_1_2_34,2,2,
59,2,59_2,1,59_2_1,1,59_2_1_1,3,1,
59,2,59_2,1,59_2_1,2,59_2_1_2,3,1,
59,2,59_2,1,59_2_1,3,59_2_1_3,1,3,
59,2,59_2,1,59_2_1,4,59_2_1_4,3,1,
59,2,59_2,1,59_2_1,5,59_2_1_5,2,2,
59,2,59_2,1,59_2_1,6,59_2_1_6,1,3,
59,2,59_2,1,59_2_1,7,59_2_1_7,3,1,
59,2,59_2,1,59_2_1,8,59_2_1_8,2,2,
59,2,59_2,1,59_2_1,9,59_2_1_9,1,3,
59,2,59_2,1,59_2_1,10,59_2_1_10,3,1,
59,2,59_2,1,59_2_1,11,59_2_1_11,3,1,
59,2,59_2,1,59_2_1,12,59_2_1_12,1,3,
59,2,59_2,1,59_2_1,13,59_2_1_13,2,2,
59,2,59_2,1,59_2_1,14,59_2_1_14,1,3,
59,2,59_2,1,59_2_1,15,59_2_1_15,1,3,
59,2,59_2,1,59_2_1,16,59_2_1_16,2,2,
59,2,59_2,1,59_2_1,17,59_2_1_17,1,3,
59,2,59_2,1,59_2_1,18,59_2_1_18,1,3,
59,2,59_2,1,59_2_1,19,59_2_1_19,2,2,
59,2,59_2,1,59_2_1,20,59_2_1_20,2,2,
59,2,59_2,1,59_2_1,21,59_2_1_21,1,3,
59,2,59_2,1,59_2_1,22,59_2_1_22,1,3,
59,2,59_2,1,59_2_1,23,59_2_1_23,3,1,
59,2,59_2,1,59_2_1,24,59_2_1_24,1,3,
59,2,59_2,1,59_2_1,25,59_2_1_25,2,2,
59,2,59_2,1,59_2_1,26,59_2_1_26,1,3,
59,2,59_2,1,59_2_1,27,59_2_1_27,2,2,
59,2,59_2,1,59_2_1,28,59_2_1_28,1,3,
59,2,59_2,1,59_2_1,29,59_2_1_29,1,3,
59,2,59_2,1,59_2_1,30,59_2_1_30,3,1,
59,2,59_2,1,59_2_1,31,59_2_1_31,2,2,
59,2,59_2,1,59_2_1,32,59_2_1_32,1,3,
59,2,59_2,1,59_2_1,33,59_2_1_33,1,3,
59,3,59_3,1,59_3_1,1,59_3_1_1,3,1,
59,3,59_3,1,59_3_1,2,59_3_1_2,1,3,
59,3,59_3,1,59_3_1,3,59_3_1_3,3,1,
59,3,59_3,1,59_3_1,4,59_3_1_4,3,1,
59,3,59_3,1,59_3_1,5,59_3_1_5,2,2,
59,3,59_3,1,59_3_1,6,59_3_1_6,2,2,
59,3,59_3,1,59_3_1,7,59_3_1_7,3,1,
59,3,59_3,1,59_3_1,8,59_3_1_8,4,0,
59,3,59_3,1,59_3_1,9,59_3_1_9,2,2,
59,3,59_3,1,59_3_1,10,59_3_1_10,3,1,
59,3,59_3,1,59_3_1,11,59_3_1_11,2,2,
59,3,59_3,1,59_3_1,12,59_3_1_12,2,2,
59,3,59_3,1,59_3_1,13,59_3_1_13,2,2,
59,3,59_3,1,59_3_1,14,59_3_1_14,1,3,
59,3,59_3,1,59_3_1,15,59_3_1_15,2,2,
59,3,59_3,1,59_3_1,16,59_3_1_16,1,3,
59,3,59_3,1,59_3_1,17,59_3_1_17,1,3,
59,3,59_3,1,59_3_1,18,59_3_1_18,1,3,
59,3,59_3,1,59_3_1,19,59_3_1_19,1,3,
59,3,59_3,1,59_3_1,20,59_3_1_20,1,3,
59,3,59_3,1,59_3_1,21,59_3_1_21,1,3,
59,3,59_3,1,59_3_1,22,59_3_1_22,2,2,
59,3,59_3,1,59_3_1,23,59_3_1_23,2,2,
59,3,59_3,1,59_3_1,24,59_3_1_24,2,2,
59,3,59_3,1,59_3_1,25,59_3_1_25,2,2,
59,3,59_3,1,59_3_1,26,59_3_1_26,1,3,
59,3,59_3,1,59_3_1,27,59_3_1_27,2,2,
59,3,59_3,1,59_3_1,28,59_3_1_28,1,3,
59,3,59_3,1,59_3_1,29,59_3_1_29,1,3,
59,3,59_3,1,59_3_1,30,59_3_1_30,2,2,
59,3,59_3,1,59_3_1,31,59_3_1_31,2,2,
59,3,59_3,1,59_3_1,32,59_3_1_32,1,3,
59,3,59_3,1,59_3_1,33,59_3_1_33,2,2,
59,3,59_3,1,59_3_1,34,59_3_1_34,3,1,
59,3,59_3,1,59_3_1,35,59_3_1_35,1,3,
59,3,59_3,1,59_3_1,36,59_3_1_36,1,3,
59,3,59_3,1,59_3_1,37,59_3_1_37,1,3,
59,3,59_3,1,59_3_1,38,59_3_1_38,1,3,
59,3,59_3,1,59_3_1,39,59_3_1_39,2,2,
59,3,59_3,1,59_3_1,40,59_3_1_40,2,2,
59,3,59_3,1,59_3_1,41,59_3_1_41,1,3,
59,3,59_3,1,59_3_1,42,59_3_1_42,3,1,
59,3,59_3,1,59_3_1,43,59_3_1_43,3,1,
59,3,59_3,1,59_3_1,44,59_3_1_44,1,3,
59,3,59_3,1,59_3_1,45,59_3_1_45,3,1,
59,3,59_3,1,59_3_1,46,59_3_1_46,2,2,
59,3,59_3,1,59_3_1,47,59_3_1_47,2,2,
59,3,59_3,1,59_3_1,48,59_3_1_48,1,3,
59,3,59_3,1,59_3_1,49,59_3_1_49,2,2,
59,3,59_3,1,59_3_1,50,59_3_1_50,1,3,
59,3,59_3,1,59_3_1,51,59_3_1_51,1,3,
59,3,59_3,1,59_3_1,52,59_3_1_52,2,2,
59,3,59_3,1,59_3_1,53,59_3_1_53,1,3,
59,3,59_3,1,59_3_1,54,59_3_1_54,1,3,
59,3,59_3,1,59_3_1,55,59_3_1_55,3,1,
59,3,59_3,1,59_3_1,56,59_3_1_56,1,3,
59,3,59_3,1,59_3_1,57,59_3_1_57,1,3,
59,3,59_3,1,59_3_1,58,59_3_1_58,1,3,
59,3,59_3,1,59_3_1,59,59_3_1_59,2,2,
59,3,59_3,1,59_3_1,60,59_3_1_60,2,2,
59,3,59_3,1,59_3_1,61,59_3_1_61,1,3,
59,3,59_3,1,59_3_1,62,59_3_1_62,1,3,
59,3,59_3,1,59_3_1,63,59_3_1_63,1,3,
59,3,59_3,1,59_3_1,64,59_3_1_64,1,3,
59,3,59_3,1,59_3_1,65,59_3_1_65,1,3,
59,3,59_3,1,59_3_1,66,59_3_1_66,2,2,
59,3,59_3,1,59_3_1,67,59_3_1_67,1,3,
59,3,59_3,1,59_3_1,68,59_3_1_68,2,2,
59,3,59_3,1,59_3_1,69,59_3_1_69,1,3,
59,3,59_3,1,59_3_1,70,59_3_1_70,2,2,
59,3,59_3,1,59_3_1,71,59_3_1_71,1,3,
59,3,59_3,1,59_3_1,72,59_3_1_72,1,3,
59,3,59_3,1,59_3_1,73,59_3_1_73,1,3,
59,3,59_3,1,59_3_1,74,59_3_1_74,2,2,
59,3,59_3,1,59_3_1,75,59_3_1_75,1,3,
59,3,59_3,1,59_3_1,76,59_3_1_76,1,3,
59,3,59_3,1,59_3_1,77,59_3_1_77,1,3,
59,3,59_3,1,59_3_1,78,59_3_1_78,1,3,
59,3,59_3,1,59_3_1,79,59_3_1_79,1,3,
59,3,59_3,1,59_3_1,80,59_3_1_80,1,3,
59,3,59_3,1,59_3_1,81,59_3_1_81,2,2,
59,3,59_3,1,59_3_1,82,59_3_1_82,1,3,
59,3,59_3,1,59_3_1,83,59_3_1_83,1,3,
59,3,59_3,1,59_3_1,84,59_3_1_84,1,3,
59,3,59_3,1,59_3_1,85,59_3_1_85,2,2,
59,3,59_3,1,59_3_1,86,59_3_1_86,3,1,
59,3,59_3,1,59_3_1,87,59_3_1_87,1,3,
59,3,59_3,1,59_3_1,88,59_3_1_88,1,3,
59,3,59_3,1,59_3_1,89,59_3_1_89,2,2,
59,3,59_3,1,59_3_1,90,59_3_1_90,1,3,
59,3,59_3,1,59_3_1,91,59_3_1_91,2,2,
59,3,59_3,1,59_3_1,92,59_3_1_92,1,3,
59,3,59_3,1,59_3_1,93,59_3_1_93,3,1,
59,3,59_3,1,59_3_1,94,59_3_1_94,1,3,
59,3,59_3,1,59_3_1,95,59_3_1_95,1,3,
59,3,59_3,1,59_3_1,96,59_3_1_96,2,2,
59,3,59_3,2,59_3_2,1,59_3_2_1,1,3,
59,3,59_3,2,59_3_2,2,59_3_2_2,2,2,
59,3,59_3,2,59_3_2,3,59_3_2_3,3,1,
59,3,59_3,2,59_3_2,4,59_3_2_4,3,1,
59,3,59_3,2,59_3_2,5,59_3_2_5,1,3,
59,3,59_3,2,59_3_2,6,59_3_2_6,1,3,
59,3,59_3,3,59_3_3,1,59_3_3_1,1,3,
59,3,59_3,3,59_3_3,2,59_3_3_2,1,3,
59,3,59_3,3,59_3_3,3,59_3_3_3,1,3,
59,3,59_3,3,59_3_3,4,59_3_3_4,1,3,
59,3,59_3,3,59_3_3,5,59_3_3_5,2,2,
59,3,59_3,3,59_3_3,6,59_3_3_6,1,3,
59,3,59_3,3,59_3_3,7,59_3_3_7,1,3,
59,3,59_3,3,59_3_3,8,59_3_3_8,2,2,
59,3,59_3,3,59_3_3,9,59_3_3_9,1,3,
59,3,59_3,3,59_3_3,10,59_3_3_10,1,3,
59,3,59_3,3,59_3_3,11,59_3_3_11,1,3,
59,3,59_3,3,59_3_3,12,59_3_3_12,2,2,
59,3,59_3,3,59_3_3,13,59_3_3_13,1,3,
59,3,59_3,3,59_3_3,14,59_3_3_14,1,3,
59,3,59_3,3,59_3_3,15,59_3_3_15,1,3,
59,3,59_3,3,59_3_3,16,59_3_3_16,1,3,
59,3,59_3,3,59_3_3,17,59_3_3_17,1,3,
59,3,59_3,3,59_3_3,18,59_3_3_18,1,3,
59,3,59_3,3,59_3_3,19,59_3_3_19,1,3,
59,3,59_3,3,59_3_3,20,59_3_3_20,1,3,
59,3,59_3,3,59_3_3,21,59_3_3_21,1,3,
59,3,59_3,3,59_3_3,22,59_3_3_22,1,3,
59,3,59_3,3,59_3_3,23,59_3_3_23,1,3,
59,3,59_3,4,59_3_4,1,59_3_4_1,1,3,
59,3,59_3,4,59_3_4,2,59_3_4_2,1,3,
59,3,59_3,4,59_3_4,3,59_3_4_3,1,3,
59,3,59_3,4,59_3_4,4,59_3_4_4,1,3,
59,3,59_3,4,59_3_4,5,59_3_4_5,1,3,
59,3,59_3,4,59_3_4,6,59_3_4_6,1,3,
59,3,59_3,4,59_3_4,7,59_3_4_7,1,3,
59,3,59_3,4,59_3_4,8,59_3_4_8,1,3,
71,1,71_1,1,71_1_1,1,71_1_1_1,1,3,
71,1,71_1,1,71_1_1,2,71_1_1_2,2,2,
71,1,71_1,1,71_1_1,3,71_1_1_3,2,2,
71,1,71_1,1,71_1_1,4,71_1_1_4,4,0,
71,1,71_1,1,71_1_1,5,71_1_1_5,2,2,
71,1,71_1,1,71_1_1,6,71_1_1_6,2,2,
71,1,71_1,1,71_1_1,7,71_1_1_7,1,3,
71,1,71_1,1,71_1_1,8,71_1_1_8,2,2,
71,1,71_1,1,71_1_1,9,71_1_1_9,2,2,
71,1,71_1,1,71_1_1,10,71_1_1_10,2,2,
71,1,71_1,1,71_1_1,11,71_1_1_11,2,2,
71,1,71_1,1,71_1_1,12,71_1_1_12,1,3,
71,1,71_1,1,71_1_1,13,71_1_1_13,1,3,
71,1,71_1,1,71_1_1,14,71_1_1_14,1,3,
71,1,71_1,1,71_1_1,15,71_1_1_15,4,0,
71,1,71_1,1,71_1_1,16,71_1_1_16,4,0,
71,1,71_1,1,71_1_1,17,71_1_1_17,1,3,
71,1,71_1,1,71_1_1,18,71_1_1_18,2,2,
71,1,71_1,1,71_1_1,19,71_1_1_19,2,2,
71,1,71_1,1,71_1_1,20,71_1_1_20,1,3,
71,1,71_1,1,71_1_1,21,71_1_1_21,2,2,
71,1,71_1,1,71_1_1,22,71_1_1_22,4,0,
71,1,71_1,1,71_1_1,23,71_1_1_23,1,3,
71,1,71_1,1,71_1_1,24,71_1_1_24,2,2,
71,1,71_1,1,71_1_1,25,71_1_1_25,3,1,
71,1,71_1,1,71_1_1,26,71_1_1_26,1,3,
71,1,71_1,1,71_1_1,27,71_1_1_27,1,3,
71,1,71_1,1,71_1_1,28,71_1_1_28,2,2,
71,1,71_1,1,71_1_1,29,71_1_1_29,3,1,
71,1,71_1,1,71_1_1,30,71_1_1_30,1,3,
71,1,71_1,1,71_1_1,31,71_1_1_31,3,1,
71,1,71_1,1,71_1_1,32,71_1_1_32,2,2,
71,1,71_1,1,71_1_1,33,71_1_1_33,2,2,
71,1,71_1,1,71_1_1,34,71_1_1_34,1,3,
71,1,71_1,1,71_1_1,35,71_1_1_35,1,3,
71,1,71_1,1,71_1_1,36,71_1_1_36,3,1,
71,1,71_1,1,71_1_1,37,71_1_1_37,1,3,
71,1,71_1,1,71_1_1,38,71_1_1_38,2,2,
71,1,71_1,1,71_1_1,39,71_1_1_39,1,3,
71,1,71_1,1,71_1_1,40,71_1_1_40,1,3,
71,1,71_1,1,71_1_1,41,71_1_1_41,1,3,
71,1,71_1,1,71_1_1,42,71_1_1_42,1,3,
71,1,71_1,1,71_1_1,43,71_1_1_43,1,3,
71,1,71_1,1,71_1_1,44,71_1_1_44,1,3,
71,1,71_1,1,71_1_1,45,71_1_1_45,1,3,
71,1,71_1,1,71_1_1,46,71_1_1_46,1,3,
71,1,71_1,1,71_1_1,47,71_1_1_47,1,3,
71,1,71_1,1,71_1_1,48,71_1_1_48,1,3,
71,1,71_1,1,71_1_1,49,71_1_1_49,2,2,
71,1,71_1,1,71_1_1,50,71_1_1_50,2,2,
71,1,71_1,1,71_1_1,51,71_1_1_51,1,3,
71,1,71_1,1,71_1_1,52,71_1_1_52,1,3,
71,1,71_1,1,71_1_1,53,71_1_1_53,1,3,
71,1,71_1,2,71_1_2,1,71_1_2_1,2,2,
71,1,71_1,2,71_1_2,2,71_1_2_2,2,2,
71,1,71_1,2,71_1_2,3,71_1_2_3,3,1,
71,1,71_1,2,71_1_2,4,71_1_2_4,1,3,
71,1,71_1,3,71_1_3,1,71_1_3_1,3,1,
71,1,71_1,3,71_1_3,2,71_1_3_2,3,1,
71,1,71_1,3,71_1_3,3,71_1_3_3,2,2,
71,1,71_1,3,71_1_3,4,71_1_3_4,2,2,
71,1,71_1,3,71_1_3,5,71_1_3_5,2,2,
71,1,71_1,3,71_1_3,6,71_1_3_6,3,1,
71,1,71_1,3,71_1_3,7,71_1_3_7,3,1,
71,1,71_1,3,71_1_3,8,71_1_3_8,2,2,
71,1,71_1,3,71_1_3,9,71_1_3_9,3,1,
71,1,71_1,3,71_1_3,10,71_1_3_10,1,3,
71,1,71_1,3,71_1_3,11,71_1_3_11,1,3,
71,1,71_1,3,71_1_3,12,71_1_3_12,2,2,
71,1,71_1,3,71_1_3,13,71_1_3_13,1,3,
71,1,71_1,3,71_1_3,14,71_1_3_14,2,2,
71,2,71_2,1,71_2_1,1,71_2_1_1,1,3,
71,2,71_2,1,71_2_1,2,71_2_1_2,2,2,
71,2,71_2,1,71_2_1,3,71_2_1_3,2,2,
71,2,71_2,1,71_2_1,4,71_2_1_4,2,2,
71,2,71_2,1,71_2_1,5,71_2_1_5,3,1,
71,2,71_2,1,71_2_1,6,71_2_1_6,2,2,
71,2,71_2,1,71_2_1,7,71_2_1_7,2,2,
71,2,71_2,1,71_2_1,8,71_2_1_8,4,0,
71,2,71_2,1,71_2_1,9,71_2_1_9,2,2,
71,2,71_2,1,71_2_1,10,71_2_1_10,2,2,
71,2,71_2,1,71_2_1,11,71_2_1_11,3,1,
71,2,71_2,1,71_2_1,12,71_2_1_12,1,3,
71,2,71_2,1,71_2_1,13,71_2_1_13,2,2,
71,2,71_2,1,71_2_1,14,71_2_1_14,1,3,
71,2,71_2,1,71_2_1,15,71_2_1_15,2,2,
71,2,71_2,1,71_2_1,16,71_2_1_16,1,3,
71,2,71_2,1,71_2_1,17,71_2_1_17,2,2,
71,2,71_2,1,71_2_1,18,71_2_1_18,1,3,
71,2,71_2,1,71_2_1,19,71_2_1_19,2,2,
71,2,71_2,1,71_2_1,20,71_2_1_20,3,1,
71,2,71_2,1,71_2_1,21,71_2_1_21,2,2,
71,2,71_2,1,71_2_1,22,71_2_1_22,1,3,
71,2,71_2,1,71_2_1,23,71_2_1_23,2,2,
71,2,71_2,1,71_2_1,24,71_2_1_24,2,2,
71,2,71_2,1,71_2_1,25,71_2_1_25,1,3,
71,2,71_2,1,71_2_1,26,71_2_1_26,3,1,
71,2,71_2,1,71_2_1,27,71_2_1_27,1,3,
71,2,71_2,1,71_2_1,28,71_2_1_28,3,1,
71,2,71_2,1,71_2_1,29,71_2_1_29,2,2,
71,2,71_2,1,71_2_1,30,71_2_1_30,1,3,
71,2,71_2,1,71_2_1,31,71_2_1_31,1,3,
71,2,71_2,1,71_2_1,32,71_2_1_32,1,3,
71,2,71_2,1,71_2_1,33,71_2_1_33,1,3,
71,2,71_2,1,71_2_1,34,71_2_1_34,1,3,
71,2,71_2,1,71_2_1,35,71_2_1_35,2,2,
71,2,71_2,1,71_2_1,36,71_2_1_36,1,3,
71,2,71_2,1,71_2_1,37,71_2_1_37,1,3,
71,2,71_2,1,71_2_1,38,71_2_1_38,2,2,
71,2,71_2,1,71_2_1,39,71_2_1_39,3,1,
71,2,71_2,1,71_2_1,40,71_2_1_40,2,2,
71,2,71_2,1,71_2_1,41,71_2_1_41,2,2,
71,2,71_2,1,71_2_1,42,71_2_1_42,1,3,
71,2,71_2,1,71_2_1,43,71_2_1_43,1,3,
71,2,71_2,1,71_2_1,44,71_2_1_44,2,2,
71,2,71_2,1,71_2_1,45,71_2_1_45,2,2,
71,2,71_2,1,71_2_1,46,71_2_1_46,1,3,
71,2,71_2,1,71_2_1,47,71_2_1_47,1,3,
71,2,71_2,1,71_2_1,48,71_2_1_48,3,1,
71,2,71_2,1,71_2_1,49,71_2_1_49,3,1,
71,2,71_2,1,71_2_1,50,71_2_1_50,1,3,
71,2,71_2,1,71_2_1,51,71_2_1_51,1,3,
71,2,71_2,1,71_2_1,52,71_2_1_52,1,3,
71,2,71_2,1,71_2_1,53,71_2_1_53,1,3,
71,2,71_2,1,71_2_1,54,71_2_1_54,1,3,
71,2,71_2,1,71_2_1,55,71_2_1_55,2,2,
71,2,71_2,1,71_2_1,56,71_2_1_56,1,3,
71,2,71_2,1,71_2_1,57,71_2_1_57,1,3,
71,2,71_2,1,71_2_1,58,71_2_1_58,1,3,
71,2,71_2,1,71_2_1,59,71_2_1_59,2,2,
71,2,71_2,1,71_2_1,60,71_2_1_60,1,3,
71,2,71_2,1,71_2_1,61,71_2_1_61,3,1,
71,2,71_2,1,71_2_1,62,71_2_1_62,3,1,
71,2,71_2,1,71_2_1,63,71_2_1_63,1,3,
71,2,71_2,1,71_2_1,64,71_2_1_64,1,3,
71,2,71_2,1,71_2_1,65,71_2_1_65,1,3,
71,2,71_2,1,71_2_1,66,71_2_1_66,2,2,
71,2,71_2,1,71_2_1,67,71_2_1_67,1,3,
71,2,71_2,1,71_2_1,68,71_2_1_68,1,3,
71,2,71_2,1,71_2_1,69,71_2_1_69,1,3,
71,3,71_3,1,71_3_1,1,71_3_1_1,1,3,
71,3,71_3,1,71_3_1,2,71_3_1_2,1,3,
71,3,71_3,1,71_3_1,3,71_3_1_3,2,2,
71,3,71_3,1,71_3_1,4,71_3_1_4,1,3,
71,3,71_3,1,71_3_1,5,71_3_1_5,1,3,
71,3,71_3,1,71_3_1,6,71_3_1_6,1,3,
71,3,71_3,1,71_3_1,7,71_3_1_7,1,3,
71,3,71_3,1,71_3_1,8,71_3_1_8,1,3,
71,3,71_3,1,71_3_1,9,71_3_1_9,1,3,
71,3,71_3,1,71_3_1,10,71_3_1_10,1,3,
71,3,71_3,1,71_3_1,11,71_3_1_11,2,2,
71,3,71_3,1,71_3_1,12,71_3_1_12,1,3,
71,3,71_3,1,71_3_1,13,71_3_1_13,2,2,
71,3,71_3,1,71_3_1,14,71_3_1_14,1,3,
71,3,71_3,1,71_3_1,15,71_3_1_15,1,3,
71,3,71_3,1,71_3_1,16,71_3_1_16,2,2,
71,3,71_3,1,71_3_1,17,71_3_1_17,1,3,
71,3,71_3,1,71_3_1,18,71_3_1_18,1,3,
71,3,71_3,1,71_3_1,19,71_3_1_19,1,3,
71,3,71_3,1,71_3_1,20,71_3_1_20,1,3,
71,3,71_3,1,71_3_1,21,71_3_1_21,1,3,
71,3,71_3,1,71_3_1,22,71_3_1_22,1,3,
71,3,71_3,1,71_3_1,23,71_3_1_23,1,3,
71,3,71_3,1,71_3_1,24,71_3_1_24,1,3,
71,3,71_3,1,71_3_1,25,71_3_1_25,4,0,
71,3,71_3,1,71_3_1,26,71_3_1_26,2,2,
71,3,71_3,1,71_3_1,27,71_3_1_27,2,2,
71,3,71_3,1,71_3_1,28,71_3_1_28,4,0,
71,3,71_3,1,71_3_1,29,71_3_1_29,1,3,
71,3,71_3,1,71_3_1,30,71_3_1_30,2,2,
71,3,71_3,1,71_3_1,31,71_3_1_31,1,3,
71,3,71_3,1,71_3_1,32,71_3_1_32,1,3,
71,3,71_3,1,71_3_1,33,71_3_1_33,1,3,
71,3,71_3,1,71_3_1,34,71_3_1_34,1,3,
71,3,71_3,1,71_3_1,35,71_3_1_35,1,3,
71,3,71_3,1,71_3_1,36,71_3_1_36,2,2,
71,3,71_3,1,71_3_1,37,71_3_1_37,2,2,
71,3,71_3,1,71_3_1,38,71_3_1_38,1,3,
71,3,71_3,1,71_3_1,39,71_3_1_39,1,3,
71,3,71_3,1,71_3_1,40,71_3_1_40,1,3,
71,3,71_3,1,71_3_1,41,71_3_1_41,2,2,
71,3,71_3,1,71_3_1,42,71_3_1_42,1,3,
71,3,71_3,1,71_3_1,43,71_3_1_43,2,2,
71,3,71_3,1,71_3_1,44,71_3_1_44,1,3,
71,3,71_3,1,71_3_1,45,71_3_1_45,1,3,
71,3,71_3,1,71_3_1,46,71_3_1_46,1,3,
71,3,71_3,1,71_3_1,47,71_3_1_47,1,3,
71,3,71_3,1,71_3_1,48,71_3_1_48,1,3,
71,3,71_3,1,71_3_1,49,71_3_1_49,2,2,
71,3,71_3,1,71_3_1,50,71_3_1_50,1,3,
71,3,71_3,1,71_3_1,51,71_3_1_51,1,3,
71,3,71_3,1,71_3_1,52,71_3_1_52,1,3,
71,3,71_3,1,71_3_1,53,71_3_1_53,1,3,
71,3,71_3,1,71_3_1,54,71_3_1_54,3,1,
71,3,71_3,1,71_3_1,55,71_3_1_55,2,2,
71,3,71_3,1,71_3_1,56,71_3_1_56,2,2,
71,3,71_3,1,71_3_1,57,71_3_1_57,1,3,
71,3,71_3,1,71_3_1,58,71_3_1_58,2,2,
71,3,71_3,1,71_3_1,59,71_3_1_59,1,3,
71,3,71_3,1,71_3_1,60,71_3_1_60,1,3,
71,3,71_3,1,71_3_1,61,71_3_1_61,1,3,
71,3,71_3,1,71_3_1,62,71_3_1_62,1,3,
71,3,71_3,1,71_3_1,63,71_3_1_63,1,3,
71,3,71_3,1,71_3_1,64,71_3_1_64,1,3,
71,3,71_3,1,71_3_1,65,71_3_1_65,1,3,
71,3,71_3,1,71_3_1,66,71_3_1_66,1,3,
71,3,71_3,1,71_3_1,67,71_3_1_67,1,3,
71,3,71_3,1,71_3_1,68,71_3_1_68,1,3,
71,3,71_3,1,71_3_1,69,71_3_1_69,2,2,
71,3,71_3,1,71_3_1,70,71_3_1_70,2,2,
71,3,71_3,1,71_3_1,71,71_3_1_71,1,3,
71,3,71_3,1,71_3_1,72,71_3_1_72,1,3,
71,3,71_3,1,71_3_1,73,71_3_1_73,1,3,
71,3,71_3,1,71_3_1,74,71_3_1_74,1,3,
71,3,71_3,1,71_3_1,75,71_3_1_75,1,3,
71,3,71_3,1,71_3_1,76,71_3_1_76,1,3,
71,3,71_3,2,71_3_2,1,71_3_2_1,2,2,
71,3,71_3,2,71_3_2,2,71_3_2_2,3,1,
71,3,71_3,2,71_3_2,3,71_3_2_3,1,3,
71,3,71_3,2,71_3_2,4,71_3_2_4,1,3,
71,3,71_3,2,71_3_2,5,71_3_2_5,1,3,
71,3,71_3,2,71_3_2,6,71_3_2_6,1,3,
71,3,71_3,2,71_3_2,7,71_3_2_7,1,3,
71,3,71_3,2,71_3_2,8,71_3_2_8,1,3,
71,3,71_3,2,71_3_2,9,71_3_2_9,1,3,
71,3,71_3,2,71_3_2,10,71_3_2_10,1,3,
71,3,71_3,2,71_3_2,11,71_3_2_11,1,3,
71,3,71_3,2,71_3_2,12,71_3_2_12,1,3,
71,3,71_3,2,71_3_2,13,71_3_2_13,1,3,
71,3,71_3,2,71_3_2,14,71_3_2_14,1,3,
71,3,71_3,2,71_3_2,15,71_3_2_15,4,0,
71,3,71_3,2,71_3_2,16,71_3_2_16,1,3,
71,3,71_3,2,71_3_2,17,71_3_2_17,1,3,
71,3,71_3,2,71_3_2,18,71_3_2_18,4,0,
71,3,71_3,2,71_3_2,19,71_3_2_19,1,3,
71,3,71_3,2,71_3_2,20,71_3_2_20,1,3,
71,3,71_3,2,71_3_2,21,71_3_2_21,2,2,
71,3,71_3,2,71_3_2,22,71_3_2_22,2,2,
71,3,71_3,2,71_3_2,23,71_3_2_23,1,3,
71,3,71_3,2,71_3_2,24,71_3_2_24,1,3,
71,3,71_3,2,71_3_2,25,71_3_2_25,1,3,
71,3,71_3,2,71_3_2,26,71_3_2_26,3,1,
71,3,71_3,2,71_3_2,27,71_3_2_27,1,3,
71,3,71_3,2,71_3_2,28,71_3_2_28,1,3,
71,3,71_3,2,71_3_2,29,71_3_2_29,1,3,
71,3,71_3,2,71_3_2,30,71_3_2_30,1,3,
71,3,71_3,2,71_3_2,31,71_3_2_31,1,3,
71,3,71_3,2,71_3_2,32,71_3_2_32,1,3,
71,3,71_3,2,71_3_2,33,71_3_2_33,2,2,
71,3,71_3,2,71_3_2,34,71_3_2_34,1,3,
71,3,71_3,2,71_3_2,35,71_3_2_35,2,2,
71,3,71_3,2,71_3_2,36,71_3_2_36,2,2,
71,3,71_3,2,71_3_2,37,71_3_2_37,1,3,
71,3,71_3,2,71_3_2,38,71_3_2_38,1,3,
71,3,71_3,2,71_3_2,39,71_3_2_39,1,3,
71,3,71_3,2,71_3_2,40,71_3_2_40,2,2,
71,3,71_3,2,71_3_2,41,71_3_2_41,1,3,
71,3,71_3,3,71_3_3,1,71_3_3_1,1,3,
71,3,71_3,3,71_3_3,2,71_3_3_2,1,3,
71,3,71_3,3,71_3_3,3,71_3_3_3,1,3,
71,3,71_3,3,71_3_3,4,71_3_3_4,2,2,
71,3,71_3,3,71_3_3,5,71_3_3_5,1,3,
71,3,71_3,3,71_3_3,6,71_3_3_6,2,2,
71,3,71_3,3,71_3_3,7,71_3_3_7,1,3,
71,3,71_3,3,71_3_3,8,71_3_3_8,2,2,
71,3,71_3,3,71_3_3,9,71_3_3_9,1,3,
71,3,71_3,3,71_3_3,10,71_3_3_10,2,2,
71,3,71_3,3,71_3_3,11,71_3_3_11,3,1,
71,3,71_3,3,71_3_3,12,71_3_3_12,2,2,
71,3,71_3,3,71_3_3,13,71_3_3_13,2,2,
71,3,71_3,3,71_3_3,14,71_3_3_14,1,3,
71,3,71_3,3,71_3_3,15,71_3_3_15,2,2,
71,3,71_3,3,71_3_3,16,71_3_3_16,2,2,
71,3,71_3,3,71_3_3,17,71_3_3_17,1,3,
71,3,71_3,3,71_3_3,18,71_3_3_18,1,3,
71,3,71_3,3,71_3_3,19,71_3_3_19,1,3,
71,3,71_3,3,71_3_3,20,71_3_3_20,3,1,
71,3,71_3,3,71_3_3,21,71_3_3_21,2,2,
71,3,71_3,3,71_3_3,22,71_3_3_22,1,3,
71,3,71_3,3,71_3_3,23,71_3_3_23,1,3,
71,3,71_3,3,71_3_3,24,71_3_3_24,3,1,
71,3,71_3,3,71_3_3,25,71_3_3_25,3,1,
71,3,71_3,3,71_3_3,26,71_3_3_26,2,2,
71,3,71_3,3,71_3_3,27,71_3_3_27,1,3,
71,3,71_3,3,71_3_3,28,71_3_3_28,2,2,
71,3,71_3,3,71_3_3,29,71_3_3_29,2,2,
71,3,71_3,3,71_3_3,30,71_3_3_30,1,3,
71,3,71_3,3,71_3_3,31,71_3_3_31,1,3,
71,3,71_3,3,71_3_3,32,71_3_3_32,2,2,
71,3,71_3,3,71_3_3,33,71_3_3_33,1,3,
71,3,71_3,3,71_3_3,34,71_3_3_34,3,1,
71,3,71_3,3,71_3_3,35,71_3_3_35,1,3,
71,3,71_3,3,71_3_3,36,71_3_3_36,1,3,
71,3,71_3,3,71_3_3,37,71_3_3_37,2,2,
71,3,71_3,3,71_3_3,38,71_3_3_38,1,3,
71,3,71_3,3,71_3_3,39,71_3_3_39,2,2,
71,3,71_3,3,71_3_3,40,71_3_3_40,1,3,
71,3,71_3,3,71_3_3,41,71_3_3_41,3,1,
71,3,71_3,3,71_3_3,42,71_3_3_42,3,1,
71,3,71_3,3,71_3_3,43,71_3_3_43,2,2,
71,3,71_3,3,71_3_3,44,71_3_3_44,1,3,
71,3,71_3,3,71_3_3,45,71_3_3_45,1,3,
71,3,71_3,3,71_3_3,46,71_3_3_46,1,3,
71,3,71_3,3,71_3_3,47,71_3_3_47,1,3,
71,3,71_3,3,71_3_3,48,71_3_3_48,2,2,
71,3,71_3,3,71_3_3,49,71_3_3_49,1,3,
71,3,71_3,3,71_3_3,50,71_3_3_50,1,3,
71,3,71_3,3,71_3_3,51,71_3_3_51,2,2,
71,3,71_3,3,71_3_3,52,71_3_3_52,2,2,
71,3,71_3,3,71_3_3,53,71_3_3_53,1,3,
71,3,71_3,3,71_3_3,54,71_3_3_54,2,2,
71,3,71_3,3,71_3_3,55,71_3_3_55,1,3,
71,3,71_3,3,71_3_3,56,71_3_3_56,1,3,
71,3,71_3,3,71_3_3,57,71_3_3_57,3,1,
71,3,71_3,3,71_3_3,58,71_3_3_58,1,3,
71,3,71_3,3,71_3_3,59,71_3_3_59,1,3,
71,3,71_3,3,71_3_3,60,71_3_3_60,1,3,
71,3,71_3,3,71_3_3,61,71_3_3_61,1,3,
71,3,71_3,3,71_3_3,62,71_3_3_62,1,3,
71,3,71_3,3,71_3_3,63,71_3_3_63,2,2,
71,3,71_3,3,71_3_3,64,71_3_3_64,1,3,
71,3,71_3,3,71_3_3,65,71_3_3_65,3,1,
71,3,71_3,3,71_3_3,66,71_3_3_66,1,3,
71,3,71_3,3,71_3_3,67,71_3_3_67,2,2,
71,3,71_3,3,71_3_3,68,71_3_3_68,1,3,
71,3,71_3,3,71_3_3,69,71_3_3_69,1,3,
71,3,71_3,3,71_3_3,70,71_3_3_70,1,3,
71,3,71_3,3,71_3_3,71,71_3_3_71,2,2,
71,3,71_3,3,71_3_3,72,71_3_3_72,1,3,
73,1,73_1,1,73_1_1,1,73_1_1_1,2,2,
73,1,73_1,1,73_1_1,2,73_1_1_2,2,2,
73,1,73_1,1,73_1_1,3,73_1_1_3,1,3,
73,1,73_1,1,73_1_1,4,73_1_1_4,1,3,
73,1,73_1,1,73_1_1,5,73_1_1_5,1,3,
73,1,73_1,1,73_1_1,6,73_1_1_6,1,3,
73,1,73_1,1,73_1_1,7,73_1_1_7,1,3,
73,1,73_1,1,73_1_1,8,73_1_1_8,1,3,
73,1,73_1,1,73_1_1,9,73_1_1_9,1,3,
73,1,73_1,1,73_1_1,10,73_1_1_10,1,3,
73,1,73_1,2,73_1_2,1,73_1_2_1,1,3,
73,1,73_1,2,73_1_2,2,73_1_2_2,1,3,
73,1,73_1,2,73_1_2,3,73_1_2_3,1,3,
73,1,73_1,3,73_1_3,1,73_1_3_1,1,3,
73,1,73_1,3,73_1_3,2,73_1_3_2,1,3,
73,1,73_1,3,73_1_3,3,73_1_3_3,3,1,
73,1,73_1,3,73_1_3,4,73_1_3_4,1,3,
73,1,73_1,3,73_1_3,5,73_1_3_5,1,3,
73,2,73_2,1,73_2_1,1,73_2_1_1,1,3,
73,2,73_2,1,73_2_1,2,73_2_1_2,1,3,
73,2,73_2,1,73_2_1,3,73_2_1_3,1,3,
73,2,73_2,1,73_2_1,4,73_2_1_4,1,3,
73,2,73_2,1,73_2_1,5,73_2_1_5,1,3,
73,2,73_2,1,73_2_1,6,73_2_1_6,1,3,
73,2,73_2,1,73_2_1,7,73_2_1_7,1,3,
73,2,73_2,1,73_2_1,8,73_2_1_8,3,1,
73,2,73_2,1,73_2_1,9,73_2_1_9,1,3,
73,2,73_2,2,73_2_2,1,73_2_2_1,1,3,
73,2,73_2,2,73_2_2,2,73_2_2_2,2,2,
73,2,73_2,2,73_2_2,3,73_2_2_3,1,3,
73,2,73_2,2,73_2_2,4,73_2_2_4,3,1,
73,2,73_2,2,73_2_2,5,73_2_2_5,2,2,
73,2,73_2,2,73_2_2,6,73_2_2_6,2,2,
73,2,73_2,2,73_2_2,7,73_2_2_7,1,3,
73,2,73_2,2,73_2_2,8,73_2_2_8,1,3,
73,2,73_2,2,73_2_2,9,73_2_2_9,2,2,
73,2,73_2,2,73_2_2,10,73_2_2_10,2,2,
73,2,73_2,2,73_2_2,11,73_2_2_11,2,2,
73,2,73_2,2,73_2_2,12,73_2_2_12,2,2,
73,2,73_2,2,73_2_2,13,73_2_2_13,2,2,
73,2,73_2,2,73_2_2,14,73_2_2_14,2,2,
73,2,73_2,2,73_2_2,15,73_2_2_15,2,2,
73,2,73_2,2,73_2_2,16,73_2_2_16,1,3,
73,2,73_2,2,73_2_2,17,73_2_2_17,2,2,
73,2,73_2,2,73_2_2,18,73_2_2_18,2,2,
73,2,73_2,2,73_2_2,19,73_2_2_19,1,3,
73,2,73_2,2,73_2_2,20,73_2_2_20,2,2,
73,2,73_2,2,73_2_2,21,73_2_2_21,3,1,
73,2,73_2,2,73_2_2,22,73_2_2_22,1,3,
73,2,73_2,2,73_2_2,23,73_2_2_23,1,3,
73,2,73_2,2,73_2_2,24,73_2_2_24,2,2,
73,2,73_2,2,73_2_2,25,73_2_2_25,1,3,
73,2,73_2,2,73_2_2,26,73_2_2_26,2,2,
73,2,73_2,2,73_2_2,27,73_2_2_27,1,3,
73,2,73_2,2,73_2_2,28,73_2_2_28,1,3,
73,2,73_2,2,73_2_2,29,73_2_2_29,1,3,
73,2,73_2,2,73_2_2,30,73_2_2_30,1,3,
73,2,73_2,2,73_2_2,31,73_2_2_31,2,2,
73,2,73_2,2,73_2_2,32,73_2_2_32,1,3,
73,2,73_2,2,73_2_2,33,73_2_2_33,1,3,
73,2,73_2,2,73_2_2,34,73_2_2_34,2,2,
73,2,73_2,2,73_2_2,35,73_2_2_35,1,3,
73,2,73_2,2,73_2_2,36,73_2_2_36,2,2,
73,2,73_2,2,73_2_2,37,73_2_2_37,2,2,
73,2,73_2,2,73_2_2,38,73_2_2_38,2,2,
73,2,73_2,2,73_2_2,39,73_2_2_39,1,3,
73,2,73_2,2,73_2_2,40,73_2_2_40,1,3,
73,2,73_2,2,73_2_2,41,73_2_2_41,2,2,
73,2,73_2,2,73_2_2,42,73_2_2_42,2,2,
73,2,73_2,2,73_2_2,43,73_2_2_43,1,3,
73,2,73_2,3,73_2_3,1,73_2_3_1,2,2,
73,2,73_2,3,73_2_3,2,73_2_3_2,2,2,
73,2,73_2,3,73_2_3,3,73_2_3_3,1,3,
73,2,73_2,3,73_2_3,4,73_2_3_4,2,2,
73,2,73_2,3,73_2_3,5,73_2_3_5,1,3,
73,2,73_2,3,73_2_3,6,73_2_3_6,1,3,
73,2,73_2,3,73_2_3,7,73_2_3_7,1,3,
73,2,73_2,3,73_2_3,8,73_2_3_8,1,3,
73,2,73_2,3,73_2_3,9,73_2_3_9,2,2,
73,2,73_2,3,73_2_3,10,73_2_3_10,1,3,
73,2,73_2,3,73_2_3,11,73_2_3_11,1,3,
73,3,73_3,1,73_3_1,1,73_3_1_1,1,3,
73,3,73_3,1,73_3_1,2,73_3_1_2,1,3,
73,3,73_3,1,73_3_1,3,73_3_1_3,1,3,
73,3,73_3,1,73_3_1,4,73_3_1_4,1,3,
73,3,73_3,1,73_3_1,5,73_3_1_5,1,3,
73,3,73_3,1,73_3_1,6,73_3_1_6,1,3,
73,3,73_3,1,73_3_1,7,73_3_1_7,1,3,
73,3,73_3,1,73_3_1,8,73_3_1_8,1,3,
73,3,73_3,1,73_3_1,9,73_3_1_9,1,3,
73,3,73_3,2,73_3_2,1,73_3_2_1,2,2,
73,3,73_3,2,73_3_2,2,73_3_2_2,3,1,
73,3,73_3,2,73_3_2,3,73_3_2_3,1,3,
73,3,73_3,2,73_3_2,4,73_3_2_4,2,2,
73,3,73_3,3,73_3_3,1,73_3_3_1,1,3,
73,3,73_3,3,73_3_3,2,73_3_3_2,1,3,
73,3,73_3,3,73_3_3,3,73_3_3_3,1,3,
73,3,73_3,3,73_3_3,4,73_3_3_4,2,2,
73,3,73_3,3,73_3_3,5,73_3_3_5,1,3,
73,3,73_3,3,73_3_3,6,73_3_3_6,1,3,
83,1,83_1,1,83_1_1,1,83_1_1_1,1,3,
83,2,83_2,1,83_2_1,1,83_2_1_1,2,2,
83,2,83_2,1,83_2_1,2,83_2_1_2,2,2,
83,2,83_2,1,83_2_1,3,83_2_1_3,2,2,
83,2,83_2,1,83_2_1,4,83_2_1_4,3,1,
83,2,83_2,1,83_2_1,5,83_2_1_5,3,1,
83,2,83_2,1,83_2_1,6,83_2_1_6,1,3,
83,2,83_2,1,83_2_1,7,83_2_1_7,1,3,
83,2,83_2,1,83_2_1,8,83_2_1_8,2,2,
83,2,83_2,1,83_2_1,9,83_2_1_9,2,2,
83,2,83_2,1,83_2_1,10,83_2_1_10,1,3,
83,2,83_2,1,83_2_1,11,83_2_1_11,3,1,
83,2,83_2,1,83_2_1,12,83_2_1_12,2,2,
83,2,83_2,1,83_2_1,13,83_2_1_13,1,3,
83,2,83_2,1,83_2_1,14,83_2_1_14,2,2,
83,2,83_2,1,83_2_1,15,83_2_1_15,1,3,
83,2,83_2,1,83_2_1,16,83_2_1_16,2,2,
83,2,83_2,1,83_2_1,17,83_2_1_17,1,3,
83,2,83_2,1,83_2_1,18,83_2_1_18,2,2,
83,2,83_2,1,83_2_1,19,83_2_1_19,2,2,
83,2,83_2,1,83_2_1,20,83_2_1_20,1,3,
83,2,83_2,2,83_2_2,1,83_2_2_1,3,1,
83,2,83_2,2,83_2_2,2,83_2_2_2,3,1,
83,2,83_2,2,83_2_2,3,83_2_2_3,1,3,
83,2,83_2,2,83_2_2,4,83_2_2_4,2,2,
83,2,83_2,2,83_2_2,5,83_2_2_5,2,2,
83,2,83_2,2,83_2_2,6,83_2_2_6,1,3,
83,2,83_2,2,83_2_2,7,83_2_2_7,1,3,
83,2,83_2,2,83_2_2,8,83_2_2_8,1,3,
83,2,83_2,2,83_2_2,9,83_2_2_9,2,2,
83,2,83_2,2,83_2_2,10,83_2_2_10,1,3,
83,2,83_2,2,83_2_2,11,83_2_2_11,2,2,
83,2,83_2,2,83_2_2,12,83_2_2_12,2,2,
83,2,83_2,2,83_2_2,13,83_2_2_13,2,2,
83,2,83_2,2,83_2_2,14,83_2_2_14,2,2,
83,2,83_2,2,83_2_2,15,83_2_2_15,2,2,
83,2,83_2,2,83_2_2,16,83_2_2_16,2,2,
83,2,83_2,2,83_2_2,17,83_2_2_17,2,2,
83,2,83_2,2,83_2_2,18,83_2_2_18,2,2,
83,2,83_2,2,83_2_2,19,83_2_2_19,1,3,
83,2,83_2,2,83_2_2,20,83_2_2_20,1,3,
83,2,83_2,2,83_2_2,21,83_2_2_21,3,1,
83,2,83_2,2,83_2_2,22,83_2_2_22,2,2,
83,2,83_2,2,83_2_2,23,83_2_2_23,1,3,
83,2,83_2,2,83_2_2,24,83_2_2_24,1,3,
83,2,83_2,2,83_2_2,25,83_2_2_25,2,2,
83,2,83_2,2,83_2_2,26,83_2_2_26,1,3,
83,2,83_2,2,83_2_2,27,83_2_2_27,3,1,
83,2,83_2,2,83_2_2,28,83_2_2_28,1,3,
83,2,83_2,2,83_2_2,29,83_2_2_29,4,0,
83,2,83_2,2,83_2_2,30,83_2_2_30,1,3,
83,2,83_2,2,83_2_2,31,83_2_2_31,1,3,
83,2,83_2,2,83_2_2,32,83_2_2_32,1,3,
83,2,83_2,2,83_2_2,33,83_2_2_33,1,3,
83,2,83_2,2,83_2_2,34,83_2_2_34,2,2,
83,2,83_2,2,83_2_2,35,83_2_2_35,1,3,
83,2,83_2,2,83_2_2,36,83_2_2_36,1,3,
83,2,83_2,2,83_2_2,37,83_2_2_37,1,3,
83,2,83_2,2,83_2_2,38,83_2_2_38,1,3,
83,2,83_2,2,83_2_2,39,83_2_2_39,1,3,
83,2,83_2,2,83_2_2,40,83_2_2_40,1,3,
83,2,83_2,2,83_2_2,41,83_2_2_41,1,3,
83,3,83_3,1,83_3_1,1,83_3_1_1,3,1,
83,3,83_3,1,83_3_1,2,83_3_1_2,1,3,
83,3,83_3,1,83_3_1,3,83_3_1_3,1,3,
83,3,83_3,1,83_3_1,4,83_3_1_4,1,3,
83,3,83_3,1,83_3_1,5,83_3_1_5,2,2,
83,3,83_3,1,83_3_1,6,83_3_1_6,2,2,
83,3,83_3,1,83_3_1,7,83_3_1_7,1,3,
83,3,83_3,1,83_3_1,8,83_3_1_8,4,0,
83,3,83_3,1,83_3_1,9,83_3_1_9,1,3,
83,3,83_3,1,83_3_1,10,83_3_1_10,1,3,
83,3,83_3,2,83_3_2,1,83_3_2_1,4,0,
83,3,83_3,2,83_3_2,2,83_3_2_2,1,3,
83,3,83_3,2,83_3_2,3,83_3_2_3,2,2,
83,3,83_3,2,83_3_2,4,83_3_2_4,4,0,
83,3,83_3,2,83_3_2,5,83_3_2_5,3,1,
83,3,83_3,2,83_3_2,6,83_3_2_6,2,2,
83,3,83_3,2,83_3_2,7,83_3_2_7,3,1,
83,3,83_3,2,83_3_2,8,83_3_2_8,1,3,
83,3,83_3,2,83_3_2,9,83_3_2_9,2,2,
83,3,83_3,2,83_3_2,10,83_3_2_10,2,2,
83,3,83_3,2,83_3_2,11,83_3_2_11,3,1,
83,3,83_3,2,83_3_2,12,83_3_2_12,1,3,
83,3,83_3,2,83_3_2,13,83_3_2_13,4,0,
83,3,83_3,2,83_3_2,14,83_3_2_14,1,3,
83,3,83_3,2,83_3_2,15,83_3_2_15,1,3,
83,3,83_3,2,83_3_2,16,83_3_2_16,2,2,
83,3,83_3,2,83_3_2,17,83_3_2_17,1,3,
83,3,83_3,2,83_3_2,18,83_3_2_18,3,1,
83,3,83_3,2,83_3_2,19,83_3_2_19,1,3,
83,3,83_3,2,83_3_2,20,83_3_2_20,4,0,
83,3,83_3,2,83_3_2,21,83_3_2_21,2,2,
83,3,83_3,2,83_3_2,22,83_3_2_22,2,2,
83,3,83_3,2,83_3_2,23,83_3_2_23,1,3,
83,3,83_3,2,83_3_2,24,83_3_2_24,2,2,
83,3,83_3,2,83_3_2,25,83_3_2_25,2,2,
83,3,83_3,2,83_3_2,26,83_3_2_26,2,2,
83,3,83_3,2,83_3_2,27,83_3_2_27,2,2,
83,3,83_3,2,83_3_2,28,83_3_2_28,2,2,
83,3,83_3,2,83_3_2,29,83_3_2_29,1,3,
83,3,83_3,2,83_3_2,30,83_3_2_30,2,2,
83,3,83_3,2,83_3_2,31,83_3_2_31,1,3,
83,3,83_3,2,83_3_2,32,83_3_2_32,1,3,
83,3,83_3,2,83_3_2,33,83_3_2_33,1,3,
83,3,83_3,2,83_3_2,34,83_3_2_34,2,2,
83,3,83_3,2,83_3_2,35,83_3_2_35,1,3,
83,3,83_3,2,83_3_2,36,83_3_2_36,2,2,
83,3,83_3,2,83_3_2,37,83_3_2_37,3,1,
83,3,83_3,2,83_3_2,38,83_3_2_38,2,2,
83,3,83_3,2,83_3_2,39,83_3_2_39,3,1,
83,3,83_3,2,83_3_2,40,83_3_2_40,2,2,
83,3,83_3,2,83_3_2,41,83_3_2_41,1,3,
83,3,83_3,2,83_3_2,42,83_3_2_42,1,3,
83,3,83_3,2,83_3_2,43,83_3_2_43,1,3,
83,3,83_3,2,83_3_2,44,83_3_2_44,1,3,
83,3,83_3,2,83_3_2,45,83_3_2_45,2,2,
83,3,83_3,2,83_3_2,46,83_3_2_46,1,3,
83,3,83_3,2,83_3_2,47,83_3_2_47,1,3,
83,3,83_3,2,83_3_2,48,83_3_2_48,1,3,
83,3,83_3,2,83_3_2,49,83_3_2_49,1,3,
83,3,83_3,2,83_3_2,50,83_3_2_50,1,3,
83,3,83_3,2,83_3_2,51,83_3_2_51,1,3,
83,3,83_3,2,83_3_2,52,83_3_2_52,2,2,
83,3,83_3,2,83_3_2,53,83_3_2_53,1,3,
83,3,83_3,2,83_3_2,54,83_3_2_54,1,3,
83,3,83_3,2,83_3_2,55,83_3_2_55,2,2,
83,3,83_3,2,83_3_2,56,83_3_2_56,2,2,
83,3,83_3,2,83_3_2,57,83_3_2_57,2,2,
83,3,83_3,2,83_3_2,58,83_3_2_58,1,3,
83,3,83_3,2,83_3_2,59,83_3_2_59,2,2,
83,3,83_3,2,83_3_2,60,83_3_2_60,1,3,
83,3,83_3,2,83_3_2,61,83_3_2_61,2,2,
83,3,83_3,2,83_3_2,62,83_3_2_62,3,1,
83,3,83_3,2,83_3_2,63,83_3_2_63,2,2,
83,3,83_3,2,83_3_2,64,83_3_2_64,2,2,
83,3,83_3,2,83_3_2,65,83_3_2_65,3,1,
83,3,83_3,2,83_3_2,66,83_3_2_66,2,2,
83,3,83_3,2,83_3_2,67,83_3_2_67,1,3,
83,3,83_3,2,83_3_2,68,83_3_2_68,3,1,
83,3,83_3,2,83_3_2,69,83_3_2_69,1,3,
83,3,83_3,2,83_3_2,70,83_3_2_70,1,3,
83,3,83_3,2,83_3_2,71,83_3_2_71,2,2,
83,3,83_3,2,83_3_2,72,83_3_2_72,1,3,
83,3,83_3,2,83_3_2,73,83_3_2_73,1,3,
83,3,83_3,2,83_3_2,74,83_3_2_74,2,2,
83,3,83_3,2,83_3_2,75,83_3_2_75,1,3,
83,3,83_3,2,83_3_2,76,83_3_2_76,1,3,
83,3,83_3,2,83_3_2,77,83_3_2_77,1,3,
83,3,83_3,2,83_3_2,78,83_3_2_78,2,2,
83,3,83_3,2,83_3_2,79,83_3_2_79,1,3,
83,3,83_3,2,83_3_2,80,83_3_2_80,1,3,
83,3,83_3,2,83_3_2,81,83_3_2_81,2,2,
83,3,83_3,2,83_3_2,82,83_3_2_82,1,3,
83,3,83_3,2,83_3_2,83,83_3_2_83,1,3,
84,1,84_1,1,84_1_1,1,84_1_1_1,1,3,
84,1,84_1,1,84_1_1,2,84_1_1_2,3,1,
84,1,84_1,1,84_1_1,3,84_1_1_3,3,1,
84,1,84_1,1,84_1_1,4,84_1_1_4,3,1,
84,1,84_1,1,84_1_1,5,84_1_1_5,1,3,
84,1,84_1,1,84_1_1,6,84_1_1_6,2,2,
84,1,84_1,1,84_1_1,7,84_1_1_7,4,0,
84,1,84_1,1,84_1_1,8,84_1_1_8,3,1,
84,1,84_1,1,84_1_1,9,84_1_1_9,2,2,
84,1,84_1,1,84_1_1,10,84_1_1_10,2,2,
84,1,84_1,1,84_1_1,11,84_1_1_11,1,3,
84,1,84_1,1,84_1_1,12,84_1_1_12,1,3,
84,1,84_1,1,84_1_1,13,84_1_1_13,1,3,
84,1,84_1,1,84_1_1,14,84_1_1_14,1,3,
84,1,84_1,1,84_1_1,15,84_1_1_15,1,3,
84,1,84_1,1,84_1_1,16,84_1_1_16,1,3,
84,1,84_1,1,84_1_1,17,84_1_1_17,1,3,
84,1,84_1,1,84_1_1,18,84_1_1_18,1,3,
84,1,84_1,1,84_1_1,19,84_1_1_19,1,3,
84,1,84_1,2,84_1_2,1,84_1_2_1,1,3,
84,1,84_1,2,84_1_2,2,84_1_2_2,2,2,
84,1,84_1,2,84_1_2,3,84_1_2_3,1,3,
84,1,84_1,2,84_1_2,4,84_1_2_4,1,3,
84,1,84_1,2,84_1_2,5,84_1_2_5,2,2,
84,1,84_1,2,84_1_2,6,84_1_2_6,3,1,
84,1,84_1,2,84_1_2,7,84_1_2_7,2,2,
84,1,84_1,2,84_1_2,8,84_1_2_8,2,2,
84,1,84_1,2,84_1_2,9,84_1_2_9,1,3,
84,1,84_1,2,84_1_2,10,84_1_2_10,3,1,
84,1,84_1,2,84_1_2,11,84_1_2_11,1,3,
84,1,84_1,2,84_1_2,12,84_1_2_12,2,2,
84,1,84_1,2,84_1_2,13,84_1_2_13,1,3,
84,1,84_1,2,84_1_2,14,84_1_2_14,4,0,
84,1,84_1,2,84_1_2,15,84_1_2_15,1,3,
84,1,84_1,2,84_1_2,16,84_1_2_16,2,2,
84,1,84_1,2,84_1_2,17,84_1_2_17,2,2,
84,1,84_1,2,84_1_2,18,84_1_2_18,2,2,
84,1,84_1,2,84_1_2,19,84_1_2_19,2,2,
84,1,84_1,2,84_1_2,20,84_1_2_20,2,2,
84,1,84_1,2,84_1_2,21,84_1_2_21,1,3,
84,1,84_1,2,84_1_2,22,84_1_2_22,3,1,
84,1,84_1,2,84_1_2,23,84_1_2_23,2,2,
84,1,84_1,2,84_1_2,24,84_1_2_24,1,3,
84,1,84_1,2,84_1_2,25,84_1_2_25,1,3,
84,1,84_1,2,84_1_2,26,84_1_2_26,2,2,
84,1,84_1,2,84_1_2,27,84_1_2_27,2,2,
84,1,84_1,2,84_1_2,28,84_1_2_28,1,3,
84,1,84_1,2,84_1_2,29,84_1_2_29,2,2,
84,1,84_1,2,84_1_2,30,84_1_2_30,3,1,
84,1,84_1,2,84_1_2,31,84_1_2_31,1,3,
84,1,84_1,2,84_1_2,32,84_1_2_32,2,2,
84,1,84_1,2,84_1_2,33,84_1_2_33,1,3,
84,1,84_1,2,84_1_2,34,84_1_2_34,1,3,
84,1,84_1,2,84_1_2,35,84_1_2_35,1,3,
84,1,84_1,2,84_1_2,36,84_1_2_36,2,2,
84,1,84_1,2,84_1_2,37,84_1_2_37,1,3,
84,1,84_1,2,84_1_2,38,84_1_2_38,1,3,
84,1,84_1,2,84_1_2,39,84_1_2_39,1,3,
84,1,84_1,2,84_1_2,40,84_1_2_40,2,2,
84,1,84_1,2,84_1_2,41,84_1_2_41,2,2,
84,1,84_1,2,84_1_2,42,84_1_2_42,1,3,
84,1,84_1,2,84_1_2,43,84_1_2_43,2,2,
84,1,84_1,2,84_1_2,44,84_1_2_44,2,2,
84,1,84_1,2,84_1_2,45,84_1_2_45,4,0,
84,1,84_1,2,84_1_2,46,84_1_2_46,2,2,
84,1,84_1,2,84_1_2,47,84_1_2_47,2,2,
84,1,84_1,2,84_1_2,48,84_1_2_48,2,2,
84,1,84_1,2,84_1_2,49,84_1_2_49,3,1,
84,1,84_1,2,84_1_2,50,84_1_2_50,1,3,
84,1,84_1,2,84_1_2,51,84_1_2_51,2,2,
84,1,84_1,2,84_1_2,52,84_1_2_52,2,2,
84,1,84_1,2,84_1_2,53,84_1_2_53,2,2,
84,1,84_1,2,84_1_2,54,84_1_2_54,1,3,
84,1,84_1,2,84_1_2,55,84_1_2_55,1,3,
84,1,84_1,2,84_1_2,56,84_1_2_56,2,2,
84,1,84_1,2,84_1_2,57,84_1_2_57,2,2,
84,1,84_1,2,84_1_2,58,84_1_2_58,1,3,
84,1,84_1,2,84_1_2,59,84_1_2_59,4,0,
84,1,84_1,2,84_1_2,60,84_1_2_60,1,3,
84,1,84_1,2,84_1_2,61,84_1_2_61,1,3,
84,1,84_1,2,84_1_2,62,84_1_2_62,1,3,
84,1,84_1,2,84_1_2,63,84_1_2_63,2,2,
84,1,84_1,2,84_1_2,64,84_1_2_64,2,2,
84,1,84_1,2,84_1_2,65,84_1_2_65,1,3,
84,1,84_1,2,84_1_2,66,84_1_2_66,1,3,
84,1,84_1,2,84_1_2,67,84_1_2_67,1,3,
84,1,84_1,2,84_1_2,68,84_1_2_68,2,2,
84,1,84_1,2,84_1_2,69,84_1_2_69,1,3,
84,1,84_1,2,84_1_2,70,84_1_2_70,2,2,
84,1,84_1,2,84_1_2,71,84_1_2_71,1,3,
84,1,84_1,2,84_1_2,72,84_1_2_72,1,3,
84,1,84_1,2,84_1_2,73,84_1_2_73,1,3,
84,1,84_1,2,84_1_2,74,84_1_2_74,1,3,
84,1,84_1,2,84_1_2,75,84_1_2_75,2,2,
84,1,84_1,2,84_1_2,76,84_1_2_76,1,3,
84,1,84_1,2,84_1_2,77,84_1_2_77,2,2,
84,1,84_1,2,84_1_2,78,84_1_2_78,1,3,
84,1,84_1,2,84_1_2,79,84_1_2_79,2,2,
84,1,84_1,2,84_1_2,80,84_1_2_80,2,2,
84,1,84_1,2,84_1_2,81,84_1_2_81,2,2,
84,1,84_1,2,84_1_2,82,84_1_2_82,3,1,
84,1,84_1,2,84_1_2,83,84_1_2_83,2,2,
84,1,84_1,2,84_1_2,84,84_1_2_84,1,3,
84,1,84_1,2,84_1_2,85,84_1_2_85,1,3,
84,1,84_1,2,84_1_2,86,84_1_2_86,3,1,
84,1,84_1,2,84_1_2,87,84_1_2_87,2,2,
84,1,84_1,2,84_1_2,88,84_1_2_88,1,3,
84,1,84_1,2,84_1_2,89,84_1_2_89,4,0,
84,1,84_1,2,84_1_2,90,84_1_2_90,1,3,
84,1,84_1,2,84_1_2,91,84_1_2_91,2,2,
84,1,84_1,2,84_1_2,92,84_1_2_92,1,3,
84,1,84_1,2,84_1_2,93,84_1_2_93,2,2,
84,1,84_1,2,84_1_2,94,84_1_2_94,1,3,
84,1,84_1,2,84_1_2,95,84_1_2_95,2,2,
84,1,84_1,2,84_1_2,96,84_1_2_96,1,3,
84,1,84_1,2,84_1_2,97,84_1_2_97,2,2,
84,1,84_1,2,84_1_2,98,84_1_2_98,1,3,
84,1,84_1,2,84_1_2,99,84_1_2_99,1,3,
84,1,84_1,2,84_1_2,100,84_1_2_100,1,3,
84,1,84_1,2,84_1_2,101,84_1_2_101,3,1,
84,1,84_1,2,84_1_2,102,84_1_2_102,1,3,
84,1,84_1,2,84_1_2,103,84_1_2_103,1,3,
84,1,84_1,2,84_1_2,104,84_1_2_104,1,3,
84,1,84_1,2,84_1_2,105,84_1_2_105,1,3,
84,1,84_1,2,84_1_2,106,84_1_2_106,1,3,
84,1,84_1,2,84_1_2,107,84_1_2_107,1,3,
84,1,84_1,2,84_1_2,108,84_1_2_108,1,3,
84,1,84_1,2,84_1_2,109,84_1_2_109,1,3,
84,1,84_1,2,84_1_2,110,84_1_2_110,1,3,
84,1,84_1,2,84_1_2,111,84_1_2_111,1,3,
84,2,84_2,1,84_2_1,1,84_2_1_1,2,2,
84,2,84_2,1,84_2_1,2,84_2_1_2,2,2,
84,2,84_2,1,84_2_1,3,84_2_1_3,1,3,
84,2,84_2,1,84_2_1,4,84_2_1_4,2,2,
84,2,84_2,1,84_2_1,5,84_2_1_5,2,2,
84,2,84_2,1,84_2_1,6,84_2_1_6,1,3,
84,2,84_2,1,84_2_1,7,84_2_1_7,1,3,
84,2,84_2,1,84_2_1,8,84_2_1_8,3,1,
84,2,84_2,1,84_2_1,9,84_2_1_9,2,2,
84,2,84_2,1,84_2_1,10,84_2_1_10,2,2,
84,2,84_2,1,84_2_1,11,84_2_1_11,1,3,
84,2,84_2,1,84_2_1,12,84_2_1_12,2,2,
84,2,84_2,1,84_2_1,13,84_2_1_13,3,1,
84,2,84_2,1,84_2_1,14,84_2_1_14,2,2,
84,2,84_2,1,84_2_1,15,84_2_1_15,3,1,
84,2,84_2,1,84_2_1,16,84_2_1_16,1,3,
84,2,84_2,1,84_2_1,17,84_2_1_17,3,1,
84,2,84_2,1,84_2_1,18,84_2_1_18,1,3,
84,2,84_2,1,84_2_1,19,84_2_1_19,1,3,
84,2,84_2,1,84_2_1,20,84_2_1_20,3,1,
84,2,84_2,1,84_2_1,21,84_2_1_21,3,1,
84,2,84_2,1,84_2_1,22,84_2_1_22,3,1,
84,2,84_2,1,84_2_1,23,84_2_1_23,2,2,
84,2,84_2,1,84_2_1,24,84_2_1_24,2,2,
84,2,84_2,1,84_2_1,25,84_2_1_25,1,3,
84,2,84_2,1,84_2_1,26,84_2_1_26,2,2,
84,2,84_2,1,84_2_1,27,84_2_1_27,1,3,
84,2,84_2,1,84_2_1,28,84_2_1_28,3,1,
84,2,84_2,1,84_2_1,29,84_2_1_29,3,1,
84,2,84_2,1,84_2_1,30,84_2_1_30,1,3,
84,2,84_2,1,84_2_1,31,84_2_1_31,2,2,
84,2,84_2,1,84_2_1,32,84_2_1_32,1,3,
84,2,84_2,1,84_2_1,33,84_2_1_33,3,1,
84,2,84_2,1,84_2_1,34,84_2_1_34,1,3,
84,2,84_2,1,84_2_1,35,84_2_1_35,3,1,
84,2,84_2,1,84_2_1,36,84_2_1_36,1,3,
84,2,84_2,1,84_2_1,37,84_2_1_37,1,3,
84,2,84_2,1,84_2_1,38,84_2_1_38,1,3,
84,2,84_2,1,84_2_1,39,84_2_1_39,3,1,
84,2,84_2,1,84_2_1,40,84_2_1_40,2,2,
84,2,84_2,1,84_2_1,41,84_2_1_41,1,3,
84,2,84_2,2,84_2_2,1,84_2_2_1,1,3,
84,2,84_2,2,84_2_2,2,84_2_2_2,2,2,
84,2,84_2,2,84_2_2,3,84_2_2_3,2,2,
84,2,84_2,2,84_2_2,4,84_2_2_4,2,2,
84,2,84_2,2,84_2_2,5,84_2_2_5,1,3,
84,2,84_2,2,84_2_2,6,84_2_2_6,1,3,
84,2,84_2,2,84_2_2,7,84_2_2_7,2,2,
84,2,84_2,2,84_2_2,8,84_2_2_8,2,2,
84,2,84_2,2,84_2_2,9,84_2_2_9,1,3,
84,2,84_2,2,84_2_2,10,84_2_2_10,1,3,
84,2,84_2,2,84_2_2,11,84_2_2_11,1,3,
84,2,84_2,2,84_2_2,12,84_2_2_12,1,3,
84,2,84_2,2,84_2_2,13,84_2_2_13,1,3,
84,2,84_2,2,84_2_2,14,84_2_2_14,1,3,
84,2,84_2,2,84_2_2,15,84_2_2_15,1,3,
84,2,84_2,2,84_2_2,16,84_2_2_16,1,3,
84,2,84_2,2,84_2_2,17,84_2_2_17,1,3,
84,2,84_2,2,84_2_2,18,84_2_2_18,1,3,
84,2,84_2,2,84_2_2,19,84_2_2_19,4,0,
84,2,84_2,2,84_2_2,20,84_2_2_20,3,1,
84,2,84_2,2,84_2_2,21,84_2_2_21,1,3,
84,2,84_2,2,84_2_2,22,84_2_2_22,1,3,
84,2,84_2,2,84_2_2,23,84_2_2_23,2,2,
84,2,84_2,2,84_2_2,24,84_2_2_24,1,3,
84,2,84_2,2,84_2_2,25,84_2_2_25,1,3,
84,2,84_2,2,84_2_2,26,84_2_2_26,1,3,
84,2,84_2,2,84_2_2,27,84_2_2_27,3,1,
84,2,84_2,2,84_2_2,28,84_2_2_28,2,2,
84,2,84_2,2,84_2_2,29,84_2_2_29,1,3,
84,2,84_2,2,84_2_2,30,84_2_2_30,2,2,
84,2,84_2,2,84_2_2,31,84_2_2_31,1,3,
84,2,84_2,2,84_2_2,32,84_2_2_32,1,3,
84,2,84_2,2,84_2_2,33,84_2_2_33,2,2,
84,2,84_2,2,84_2_2,34,84_2_2_34,3,1,
84,2,84_2,2,84_2_2,35,84_2_2_35,3,1,
84,2,84_2,2,84_2_2,36,84_2_2_36,1,3,
84,2,84_2,2,84_2_2,37,84_2_2_37,1,3,
84,2,84_2,2,84_2_2,38,84_2_2_38,2,2,
84,2,84_2,2,84_2_2,39,84_2_2_39,3,1,
84,2,84_2,2,84_2_2,40,84_2_2_40,2,2,
84,2,84_2,2,84_2_2,41,84_2_2_41,2,2,
84,2,84_2,2,84_2_2,42,84_2_2_42,1,3,
84,2,84_2,3,84_2_3,1,84_2_3_1,3,1,
84,2,84_2,3,84_2_3,2,84_2_3_2,1,3,
84,2,84_2,3,84_2_3,3,84_2_3_3,1,3,
84,2,84_2,3,84_2_3,4,84_2_3_4,2,2,
84,2,84_2,3,84_2_3,5,84_2_3_5,1,3,
84,2,84_2,3,84_2_3,6,84_2_3_6,2,2,
84,2,84_2,3,84_2_3,7,84_2_3_7,3,1,
84,2,84_2,3,84_2_3,8,84_2_3_8,2,2,
84,2,84_2,3,84_2_3,9,84_2_3_9,1,3,
84,2,84_2,3,84_2_3,10,84_2_3_10,4,0,
84,2,84_2,3,84_2_3,11,84_2_3_11,1,3,
84,2,84_2,3,84_2_3,12,84_2_3_12,1,3,
84,2,84_2,3,84_2_3,13,84_2_3_13,1,3,
84,3,84_3,1,84_3_1,1,84_3_1_1,1,3,
84,3,84_3,1,84_3_1,2,84_3_1_2,2,2,
84,3,84_3,1,84_3_1,3,84_3_1_3,1,3,
84,3,84_3,1,84_3_1,4,84_3_1_4,1,3,
84,3,84_3,1,84_3_1,5,84_3_1_5,1,3,
84,3,84_3,1,84_3_1,6,84_3_1_6,2,2,
84,3,84_3,1,84_3_1,7,84_3_1_7,2,2,
84,3,84_3,1,84_3_1,8,84_3_1_8,3,1,
84,3,84_3,1,84_3_1,9,84_3_1_9,2,2,
84,3,84_3,1,84_3_1,10,84_3_1_10,1,3,
84,3,84_3,1,84_3_1,11,84_3_1_11,2,2,
84,3,84_3,1,84_3_1,12,84_3_1_12,1,3,
84,3,84_3,1,84_3_1,13,84_3_1_13,2,2,
84,3,84_3,1,84_3_1,14,84_3_1_14,2,2,
84,3,84_3,1,84_3_1,15,84_3_1_15,1,3,
84,3,84_3,1,84_3_1,16,84_3_1_16,1,3,
84,3,84_3,1,84_3_1,17,84_3_1_17,4,0,
84,3,84_3,1,84_3_1,18,84_3_1_18,2,2,
84,3,84_3,1,84_3_1,19,84_3_1_19,3,1,
84,3,84_3,1,84_3_1,20,84_3_1_20,3,1,
84,3,84_3,1,84_3_1,21,84_3_1_21,3,1,
84,3,84_3,1,84_3_1,22,84_3_1_22,1,3,
84,3,84_3,1,84_3_1,23,84_3_1_23,1,3,
84,3,84_3,1,84_3_1,24,84_3_1_24,4,0,
84,3,84_3,1,84_3_1,25,84_3_1_25,2,2,
84,3,84_3,1,84_3_1,26,84_3_1_26,4,0,
84,3,84_3,1,84_3_1,27,84_3_1_27,4,0,
84,3,84_3,1,84_3_1,28,84_3_1_28,1,3,
84,3,84_3,1,84_3_1,29,84_3_1_29,4,0,
84,3,84_3,1,84_3_1,30,84_3_1_30,1,3,
84,3,84_3,1,84_3_1,31,84_3_1_31,4,0,
84,3,84_3,1,84_3_1,32,84_3_1_32,1,3,
84,3,84_3,1,84_3_1,33,84_3_1_33,2,2,
84,3,84_3,1,84_3_1,34,84_3_1_34,1,3,
84,3,84_3,1,84_3_1,35,84_3_1_35,1,3,
84,3,84_3,1,84_3_1,36,84_3_1_36,2,2,
84,3,84_3,1,84_3_1,37,84_3_1_37,3,1,
84,3,84_3,1,84_3_1,38,84_3_1_38,4,0,
84,3,84_3,1,84_3_1,39,84_3_1_39,4,0,
84,3,84_3,1,84_3_1,40,84_3_1_40,1,3,
84,3,84_3,1,84_3_1,41,84_3_1_41,2,2,
84,3,84_3,1,84_3_1,42,84_3_1_42,2,2,
84,3,84_3,1,84_3_1,43,84_3_1_43,3,1,
84,3,84_3,1,84_3_1,44,84_3_1_44,1,3,
84,3,84_3,1,84_3_1,45,84_3_1_45,2,2,
84,3,84_3,1,84_3_1,46,84_3_1_46,1,3,
84,3,84_3,1,84_3_1,47,84_3_1_47,2,2,
84,3,84_3,1,84_3_1,48,84_3_1_48,2,2,
84,3,84_3,1,84_3_1,49,84_3_1_49,3,1,
84,3,84_3,1,84_3_1,50,84_3_1_50,3,1,
84,3,84_3,1,84_3_1,51,84_3_1_51,3,1,
84,3,84_3,1,84_3_1,52,84_3_1_52,2,2,
84,3,84_3,1,84_3_1,53,84_3_1_53,4,0,
84,3,84_3,1,84_3_1,54,84_3_1_54,3,1,
84,3,84_3,1,84_3_1,55,84_3_1_55,1,3,
84,3,84_3,1,84_3_1,56,84_3_1_56,1,3,
84,3,84_3,1,84_3_1,57,84_3_1_57,3,1,
84,3,84_3,1,84_3_1,58,84_3_1_58,2,2,
84,3,84_3,1,84_3_1,59,84_3_1_59,2,2,
84,3,84_3,1,84_3_1,60,84_3_1_60,4,0,
84,3,84_3,1,84_3_1,61,84_3_1_61,2,2,
84,3,84_3,1,84_3_1,62,84_3_1_62,1,3,
84,3,84_3,1,84_3_1,63,84_3_1_63,1,3,
84,3,84_3,1,84_3_1,64,84_3_1_64,2,2,
84,3,84_3,1,84_3_1,65,84_3_1_65,1,3,
84,3,84_3,1,84_3_1,66,84_3_1_66,2,2,
84,3,84_3,1,84_3_1,67,84_3_1_67,4,0,
84,3,84_3,1,84_3_1,68,84_3_1_68,1,3,
84,3,84_3,1,84_3_1,69,84_3_1_69,1,3,
84,3,84_3,1,84_3_1,70,84_3_1_70,2,2,
84,3,84_3,1,84_3_1,71,84_3_1_71,2,2,
84,3,84_3,1,84_3_1,72,84_3_1_72,3,1,
84,3,84_3,1,84_3_1,73,84_3_1_73,2,2,
84,3,84_3,1,84_3_1,74,84_3_1_74,1,3,
84,3,84_3,1,84_3_1,75,84_3_1_75,2,2,
84,3,84_3,1,84_3_1,76,84_3_1_76,1,3,
84,3,84_3,1,84_3_1,77,84_3_1_77,1,3,
84,3,84_3,1,84_3_1,78,84_3_1_78,1,3,
84,3,84_3,1,84_3_1,79,84_3_1_79,1,3,
84,3,84_3,1,84_3_1,80,84_3_1_80,1,3,
84,3,84_3,1,84_3_1,81,84_3_1_81,1,3,
84,3,84_3,1,84_3_1,82,84_3_1_82,1,3,
84,3,84_3,1,84_3_1,83,84_3_1_83,1,3,
84,3,84_3,1,84_3_1,84,84_3_1_84,2,2,
84,3,84_3,1,84_3_1,85,84_3_1_85,1,3,
84,3,84_3,1,84_3_1,86,84_3_1_86,1,3,
84,3,84_3,1,84_3_1,87,84_3_1_87,1,3,
84,3,84_3,1,84_3_1,88,84_3_1_88,1,3,
84,3,84_3,1,84_3_1,89,84_3_1_89,1,3,
84,3,84_3,1,84_3_1,90,84_3_1_90,1,3,
85,1,85_1,1,85_1_1,1,85_1_1_1,3,1,
85,1,85_1,1,85_1_1,2,85_1_1_2,3,1,
85,1,85_1,1,85_1_1,3,85_1_1_3,4,0,
85,1,85_1,1,85_1_1,4,85_1_1_4,4,0,
85,1,85_1,1,85_1_1,5,85_1_1_5,2,2,
85,1,85_1,1,85_1_1,6,85_1_1_6,2,2,
85,1,85_1,1,85_1_1,7,85_1_1_7,1,3,
85,1,85_1,1,85_1_1,8,85_1_1_8,2,2,
85,1,85_1,1,85_1_1,9,85_1_1_9,1,3,
85,1,85_1,1,85_1_1,10,85_1_1_10,2,2,
85,1,85_1,1,85_1_1,11,85_1_1_11,1,3,
85,1,85_1,1,85_1_1,12,85_1_1_12,1,3,
85,1,85_1,1,85_1_1,13,85_1_1_13,4,0,
85,1,85_1,1,85_1_1,14,85_1_1_14,1,3,
85,1,85_1,1,85_1_1,15,85_1_1_15,4,0,
85,1,85_1,1,85_1_1,16,85_1_1_16,2,2,
85,1,85_1,1,85_1_1,17,85_1_1_17,2,2,
85,1,85_1,1,85_1_1,18,85_1_1_18,2,2,
85,1,85_1,1,85_1_1,19,85_1_1_19,2,2,
85,1,85_1,1,85_1_1,20,85_1_1_20,2,2,
85,1,85_1,1,85_1_1,21,85_1_1_21,1,3,
85,1,85_1,1,85_1_1,22,85_1_1_22,2,2,
85,1,85_1,1,85_1_1,23,85_1_1_23,1,3,
85,1,85_1,1,85_1_1,24,85_1_1_24,1,3,
85,1,85_1,1,85_1_1,25,85_1_1_25,2,2,
85,1,85_1,1,85_1_1,26,85_1_1_26,1,3,
85,1,85_1,1,85_1_1,27,85_1_1_27,2,2,
85,1,85_1,1,85_1_1,28,85_1_1_28,1,3,
85,1,85_1,1,85_1_1,29,85_1_1_29,2,2,
85,1,85_1,1,85_1_1,30,85_1_1_30,2,2,
85,1,85_1,1,85_1_1,31,85_1_1_31,3,1,
85,1,85_1,1,85_1_1,32,85_1_1_32,2,2,
85,1,85_1,1,85_1_1,33,85_1_1_33,1,3,
85,1,85_1,1,85_1_1,34,85_1_1_34,1,3,
85,1,85_1,1,85_1_1,35,85_1_1_35,2,2,
85,1,85_1,1,85_1_1,36,85_1_1_36,1,3,
85,1,85_1,1,85_1_1,37,85_1_1_37,1,3,
85,1,85_1,1,85_1_1,38,85_1_1_38,2,2,
85,1,85_1,1,85_1_1,39,85_1_1_39,1,3,
85,1,85_1,1,85_1_1,40,85_1_1_40,2,2,
85,1,85_1,1,85_1_1,41,85_1_1_41,1,3,
85,1,85_1,2,85_1_2,1,85_1_2_1,2,2,
85,1,85_1,2,85_1_2,2,85_1_2_2,4,0,
85,1,85_1,2,85_1_2,3,85_1_2_3,4,0,
85,1,85_1,2,85_1_2,4,85_1_2_4,1,3,
85,1,85_1,2,85_1_2,5,85_1_2_5,2,2,
85,1,85_1,2,85_1_2,6,85_1_2_6,3,1,
85,1,85_1,2,85_1_2,7,85_1_2_7,1,3,
85,1,85_1,2,85_1_2,8,85_1_2_8,3,1,
85,2,85_2,1,85_2_1,1,85_2_1_1,1,3,
85,2,85_2,1,85_2_1,2,85_2_1_2,1,3,
85,2,85_2,1,85_2_1,3,85_2_1_3,1,3,
85,2,85_2,1,85_2_1,4,85_2_1_4,2,2,
85,2,85_2,1,85_2_1,5,85_2_1_5,2,2,
85,2,85_2,1,85_2_1,6,85_2_1_6,1,3,
85,2,85_2,1,85_2_1,7,85_2_1_7,3,1,
85,2,85_2,1,85_2_1,8,85_2_1_8,4,0,
85,2,85_2,1,85_2_1,9,85_2_1_9,1,3,
85,2,85_2,1,85_2_1,10,85_2_1_10,1,3,
85,2,85_2,1,85_2_1,11,85_2_1_11,1,3,
85,2,85_2,1,85_2_1,12,85_2_1_12,1,3,
85,2,85_2,1,85_2_1,13,85_2_1_13,1,3,
85,2,85_2,1,85_2_1,14,85_2_1_14,1,3,
85,2,85_2,1,85_2_1,15,85_2_1_15,1,3,
85,2,85_2,1,85_2_1,16,85_2_1_16,1,3,
85,2,85_2,1,85_2_1,17,85_2_1_17,1,3,
85,2,85_2,1,85_2_1,18,85_2_1_18,2,2,
85,2,85_2,1,85_2_1,19,85_2_1_19,2,2,
85,2,85_2,1,85_2_1,20,85_2_1_20,1,3,
85,2,85_2,1,85_2_1,21,85_2_1_21,3,1,
85,2,85_2,1,85_2_1,22,85_2_1_22,1,3,
85,2,85_2,1,85_2_1,23,85_2_1_23,4,0,
85,2,85_2,2,85_2_2,1,85_2_2_1,1,3,
85,2,85_2,2,85_2_2,2,85_2_2_2,1,3,
85,2,85_2,2,85_2_2,3,85_2_2_3,1,3,
85,2,85_2,2,85_2_2,4,85_2_2_4,1,3,
85,2,85_2,2,85_2_2,5,85_2_2_5,1,3,
85,2,85_2,2,85_2_2,6,85_2_2_6,4,0,
85,2,85_2,2,85_2_2,7,85_2_2_7,3,1,
85,2,85_2,2,85_2_2,8,85_2_2_8,3,1,
85,2,85_2,2,85_2_2,9,85_2_2_9,2,2,
85,2,85_2,2,85_2_2,10,85_2_2_10,2,2,
85,2,85_2,2,85_2_2,11,85_2_2_11,2,2,
85,2,85_2,2,85_2_2,12,85_2_2_12,2,2,
85,2,85_2,2,85_2_2,13,85_2_2_13,2,2,
85,2,85_2,2,85_2_2,14,85_2_2_14,2,2,
85,2,85_2,2,85_2_2,15,85_2_2_15,1,3,
85,2,85_2,2,85_2_2,16,85_2_2_16,3,1,
85,2,85_2,2,85_2_2,17,85_2_2_17,1,3,
85,2,85_2,2,85_2_2,18,85_2_2_18,2,2,
85,2,85_2,2,85_2_2,19,85_2_2_19,4,0,
85,2,85_2,2,85_2_2,20,85_2_2_20,2,2,
85,2,85_2,2,85_2_2,21,85_2_2_21,1,3,
85,2,85_2,2,85_2_2,22,85_2_2_22,1,3,
85,2,85_2,2,85_2_2,23,85_2_2_23,1,3,
85,2,85_2,2,85_2_2,24,85_2_2_24,1,3,
85,2,85_2,2,85_2_2,25,85_2_2_25,1,3,
85,2,85_2,2,85_2_2,26,85_2_2_26,1,3,
85,2,85_2,2,85_2_2,27,85_2_2_27,1,3,
85,2,85_2,2,85_2_2,28,85_2_2_28,2,2,
85,2,85_2,2,85_2_2,29,85_2_2_29,1,3,
85,2,85_2,2,85_2_2,30,85_2_2_30,1,3,
85,2,85_2,2,85_2_2,31,85_2_2_31,1,3,
85,2,85_2,2,85_2_2,32,85_2_2_32,1,3,
85,2,85_2,2,85_2_2,33,85_2_2_33,2,2,
85,2,85_2,2,85_2_2,34,85_2_2_34,2,2,
85,2,85_2,2,85_2_2,35,85_2_2_35,2,2,
85,2,85_2,2,85_2_2,36,85_2_2_36,1,3,
85,2,85_2,2,85_2_2,37,85_2_2_37,1,3,
85,2,85_2,2,85_2_2,38,85_2_2_38,3,1,
85,2,85_2,2,85_2_2,39,85_2_2_39,2,2,
85,2,85_2,2,85_2_2,40,85_2_2_40,1,3,
85,2,85_2,2,85_2_2,41,85_2_2_41,3,1,
85,2,85_2,2,85_2_2,42,85_2_2_42,1,3,
85,2,85_2,2,85_2_2,43,85_2_2_43,1,3,
85,2,85_2,2,85_2_2,44,85_2_2_44,1,3,
85,2,85_2,2,85_2_2,45,85_2_2_45,3,1,
85,2,85_2,2,85_2_2,46,85_2_2_46,2,2,
85,2,85_2,2,85_2_2,47,85_2_2_47,1,3,
85,2,85_2,2,85_2_2,48,85_2_2_48,1,3,
85,2,85_2,3,85_2_3,1,85_2_3_1,1,3,
85,2,85_2,3,85_2_3,2,85_2_3_2,3,1,
85,2,85_2,3,85_2_3,3,85_2_3_3,1,3,
85,2,85_2,3,85_2_3,4,85_2_3_4,2,2,
85,2,85_2,3,85_2_3,5,85_2_3_5,1,3,
85,2,85_2,3,85_2_3,6,85_2_3_6,1,3,
85,2,85_2,3,85_2_3,7,85_2_3_7,1,3,
85,2,85_2,3,85_2_3,8,85_2_3_8,2,2,
85,2,85_2,3,85_2_3,9,85_2_3_9,1,3,
85,2,85_2,3,85_2_3,10,85_2_3_10,2,2,
85,2,85_2,3,85_2_3,11,85_2_3_11,1,3,
85,2,85_2,3,85_2_3,12,85_2_3_12,2,2,
85,2,85_2,3,85_2_3,13,85_2_3_13,1,3,
85,2,85_2,3,85_2_3,14,85_2_3_14,1,3,
85,2,85_2,3,85_2_3,15,85_2_3_15,1,3,
85,2,85_2,3,85_2_3,16,85_2_3_16,2,2,
85,2,85_2,3,85_2_3,17,85_2_3_17,1,3,
85,2,85_2,3,85_2_3,18,85_2_3_18,1,3,
85,2,85_2,3,85_2_3,19,85_2_3_19,1,3,
85,2,85_2,3,85_2_3,20,85_2_3_20,1,3,
85,2,85_2,3,85_2_3,21,85_2_3_21,2,2,
85,2,85_2,3,85_2_3,22,85_2_3_22,1,3,
85,3,85_3,1,85_3_1,1,85_3_1_1,1,3,
85,3,85_3,1,85_3_1,2,85_3_1_2,1,3,
85,3,85_3,1,85_3_1,3,85_3_1_3,1,3,
85,3,85_3,1,85_3_1,4,85_3_1_4,1,3,
85,3,85_3,1,85_3_1,5,85_3_1_5,1,3,
85,3,85_3,1,85_3_1,6,85_3_1_6,2,2,
85,3,85_3,1,85_3_1,7,85_3_1_7,1,3,
85,3,85_3,1,85_3_1,8,85_3_1_8,1,3,
85,3,85_3,1,85_3_1,9,85_3_1_9,1,3,
85,3,85_3,1,85_3_1,10,85_3_1_10,1,3,
85,3,85_3,1,85_3_1,11,85_3_1_11,1,3,
85,3,85_3,1,85_3_1,12,85_3_1_12,1,3,
85,3,85_3,1,85_3_1,13,85_3_1_13,1,3,
85,3,85_3,1,85_3_1,14,85_3_1_14,1,3,
85,3,85_3,1,85_3_1,15,85_3_1_15,2,2,
85,3,85_3,1,85_3_1,16,85_3_1_16,2,2,
85,3,85_3,1,85_3_1,17,85_3_1_17,1,3,
85,3,85_3,1,85_3_1,18,85_3_1_18,1,3,
85,3,85_3,1,85_3_1,19,85_3_1_19,4,0,
85,3,85_3,1,85_3_1,20,85_3_1_20,1,3,
85,3,85_3,1,85_3_1,21,85_3_1_21,1,3,
85,3,85_3,1,85_3_1,22,85_3_1_22,2,2,
85,3,85_3,1,85_3_1,23,85_3_1_23,1,3,
85,3,85_3,1,85_3_1,24,85_3_1_24,1,3,
85,3,85_3,1,85_3_1,25,85_3_1_25,1,3,
85,3,85_3,1,85_3_1,26,85_3_1_26,1,3,
85,3,85_3,1,85_3_1,27,85_3_1_27,1,3,
85,3,85_3,1,85_3_1,28,85_3_1_28,1,3,
85,3,85_3,1,85_3_1,29,85_3_1_29,1,3,
85,3,85_3,1,85_3_1,30,85_3_1_30,1,3,
85,3,85_3,1,85_3_1,31,85_3_1_31,1,3,
85,3,85_3,1,85_3_1,32,85_3_1_32,1,3,
85,3,85_3,1,85_3_1,33,85_3_1_33,1,3,
85,3,85_3,1,85_3_1,34,85_3_1_34,1,3,
85,3,85_3,1,85_3_1,35,85_3_1_35,1,3,
85,3,85_3,1,85_3_1,36,85_3_1_36,1,3,
85,3,85_3,1,85_3_1,37,85_3_1_37,1,3,
85,3,85_3,1,85_3_1,38,85_3_1_38,3,1,
85,3,85_3,1,85_3_1,39,85_3_1_39,1,3,
85,3,85_3,1,85_3_1,40,85_3_1_40,1,3,
85,3,85_3,1,85_3_1,41,85_3_1_41,1,3,
85,3,85_3,1,85_3_1,42,85_3_1_42,2,2,
85,3,85_3,1,85_3_1,43,85_3_1_43,3,1,
85,3,85_3,1,85_3_1,44,85_3_1_44,1,3,
85,3,85_3,1,85_3_1,45,85_3_1_45,3,1,
85,3,85_3,1,85_3_1,46,85_3_1_46,2,2,
85,3,85_3,1,85_3_1,47,85_3_1_47,3,1,
85,3,85_3,1,85_3_1,48,85_3_1_48,1,3,
85,3,85_3,1,85_3_1,49,85_3_1_49,1,3,
85,3,85_3,1,85_3_1,50,85_3_1_50,1,3,
85,3,85_3,1,85_3_1,51,85_3_1_51,1,3,
85,3,85_3,1,85_3_1,52,85_3_1_52,3,1,
85,3,85_3,1,85_3_1,53,85_3_1_53,2,2,
85,3,85_3,1,85_3_1,54,85_3_1_54,1,3,
85,3,85_3,1,85_3_1,55,85_3_1_55,1,3,
85,3,85_3,1,85_3_1,56,85_3_1_56,3,1,
85,3,85_3,1,85_3_1,57,85_3_1_57,4,0,
85,3,85_3,1,85_3_1,58,85_3_1_58,1,3,
85,3,85_3,1,85_3_1,59,85_3_1_59,1,3,
85,3,85_3,1,85_3_1,60,85_3_1_60,3,1,
85,3,85_3,1,85_3_1,61,85_3_1_61,2,2,
85,3,85_3,1,85_3_1,62,85_3_1_62,2,2,
85,3,85_3,1,85_3_1,63,85_3_1_63,1,3,
85,3,85_3,1,85_3_1,64,85_3_1_64,2,2,
85,3,85_3,1,85_3_1,65,85_3_1_65,1,3,
85,3,85_3,1,85_3_1,66,85_3_1_66,1,3,
85,3,85_3,1,85_3_1,67,85_3_1_67,1,3,
85,3,85_3,1,85_3_1,68,85_3_1_68,4,0,
85,3,85_3,1,85_3_1,69,85_3_1_69,1,3,
85,3,85_3,1,85_3_1,70,85_3_1_70,1,3,
85,3,85_3,1,85_3_1,71,85_3_1_71,4,0,
85,3,85_3,1,85_3_1,72,85_3_1_72,1,3,
85,3,85_3,1,85_3_1,73,85_3_1_73,1,3,
85,3,85_3,1,85_3_1,74,85_3_1_74,1,3,
85,3,85_3,1,85_3_1,75,85_3_1_75,1,3,
85,3,85_3,1,85_3_1,76,85_3_1_76,1,3,
85,3,85_3,1,85_3_1,77,85_3_1_77,1,3,
85,3,85_3,1,85_3_1,78,85_3_1_78,1,3,
85,3,85_3,1,85_3_1,79,85_3_1_79,1,3,
85,3,85_3,1,85_3_1,80,85_3_1_80,1,3,
85,3,85_3,1,85_3_1,81,85_3_1_81,2,2,
85,3,85_3,1,85_3_1,82,85_3_1_82,1,3,
85,3,85_3,1,85_3_1,83,85_3_1_83,1,3,
85,3,85_3,1,85_3_1,84,85_3_1_84,2,2,
85,3,85_3,1,85_3_1,85,85_3_1_85,1,3,
85,3,85_3,1,85_3_1,86,85_3_1_86,2,2,
85,3,85_3,1,85_3_1,87,85_3_1_87,1,3,
85,3,85_3,1,85_3_1,88,85_3_1_88,1,3,
85,3,85_3,1,85_3_1,89,85_3_1_89,1,3,
85,3,85_3,1,85_3_1,90,85_3_1_90,3,1,
85,3,85_3,1,85_3_1,91,85_3_1_91,1,3,
85,3,85_3,1,85_3_1,92,85_3_1_92,3,1,
85,3,85_3,1,85_3_1,93,85_3_1_93,3,1,
85,3,85_3,1,85_3_1,94,85_3_1_94,3,1,
85,3,85_3,1,85_3_1,95,85_3_1_95,1,3,
85,3,85_3,1,85_3_1,96,85_3_1_96,1,3,
85,3,85_3,2,85_3_2,1,85_3_2_1,2,2,
85,3,85_3,2,85_3_2,2,85_3_2_2,1,3,
85,3,85_3,2,85_3_2,3,85_3_2_3,1,3,
85,3,85_3,2,85_3_2,4,85_3_2_4,1,3,
85,3,85_3,2,85_3_2,5,85_3_2_5,2,2,
85,3,85_3,2,85_3_2,6,85_3_2_6,2,2,
85,3,85_3,2,85_3_2,7,85_3_2_7,2,2,
85,3,85_3,2,85_3_2,8,85_3_2_8,1,3,
85,3,85_3,2,85_3_2,9,85_3_2_9,2,2,
85,3,85_3,2,85_3_2,10,85_3_2_10,2,2,
85,3,85_3,2,85_3_2,11,85_3_2_11,3,1,
85,3,85_3,2,85_3_2,12,85_3_2_12,3,1,
85,3,85_3,2,85_3_2,13,85_3_2_13,2,2,
85,3,85_3,2,85_3_2,14,85_3_2_14,1,3,
85,3,85_3,2,85_3_2,15,85_3_2_15,3,1,
85,3,85_3,2,85_3_2,16,85_3_2_16,1,3,
85,3,85_3,2,85_3_2,17,85_3_2_17,2,2,
85,3,85_3,2,85_3_2,18,85_3_2_18,1,3,
85,3,85_3,2,85_3_2,19,85_3_2_19,2,2,
85,3,85_3,2,85_3_2,20,85_3_2_20,2,2,
85,3,85_3,2,85_3_2,21,85_3_2_21,1,3,
85,3,85_3,2,85_3_2,22,85_3_2_22,1,3,
85,3,85_3,2,85_3_2,23,85_3_2_23,2,2,
85,3,85_3,2,85_3_2,24,85_3_2_24,2,2,
85,3,85_3,2,85_3_2,25,85_3_2_25,1,3,
85,3,85_3,2,85_3_2,26,85_3_2_26,1,3,
85,3,85_3,2,85_3_2,27,85_3_2_27,1,3,
85,3,85_3,2,85_3_2,28,85_3_2_28,1,3,
85,3,85_3,2,85_3_2,29,85_3_2_29,1,3,
85,3,85_3,2,85_3_2,30,85_3_2_30,1,3,
85,3,85_3,2,85_3_2,31,85_3_2_31,1,3,
85,3,85_3,2,85_3_2,32,85_3_2_32,2,2,
